time,latitude,longitude,depth,mag,place,status
2023-03-28 23:01:58.857774080,10.412068507040246,-157.50103695360679,296.37744629299675,3.705519925504399,Ring of Fire - Japan,reviewed
2010-12-28 11:19:48.737453056,58.6884935767043,-116.65902950159838,45.8517287483563,5.120695469097091,Mediterranean-Himalayan Belt,reviewed
2003-07-11 08:41:14.837163904,-56.89871594549749,-62.819674971788686,64.85899805992867,3.4570742984819427,Ring of Fire - Japan,reviewed
2018-07-03 21:37:01.303802368,1.0742964261768009,7.612014744966302,7.447188378985414,5.068993387587881,Ring of Fire - Alaska,reviewed
2003-08-30 14:31:40.959884672,-18.803025407207258,-86.73998564792326,14.394063287259689,3.2207370538232407,Ring of Fire - Japan,reviewed
2009-08-26 05:00:08.668441600,-18.95811118688168,63.17626341946129,38.705852373247644,3.618999760017302,Ring of Fire - California,reviewed
2024-04-24 13:35:20.221665024,-0.3785935350831551,-6.625377562220081,608.7568585301018,4.348855734919596,Ring of Fire - Alaska,reviewed
2016-08-12 22:47:02.309944576,-29.08192963843316,24.41263530622635,19.179342033081305,3.8431126456581355,Ring of Fire - Alaska,reviewed
1981-11-21 23:19:26.172720384,22.58454319295788,67.04723876661959,67.13049607351041,4.1096186193588355,Ring of Fire - Japan,reviewed
1980-03-07 20:47:07.090382016,60.66202689054302,-158.3814019356888,59.29328432093884,3.24063806095491,Mid-Atlantic Ridge,reviewed
1987-01-14 15:59:53.829723136,84.98465239885877,-24.78092478680304,42.95985272979596,3.046621218834659,Ring of Fire - Japan,reviewed
2004-04-06 05:27:14.897389824,-65.12207303495734,133.83936327608524,189.67965748046205,4.209334430957021,Ring of Fire - California,reviewed
1990-07-08 04:46:14.668539776,-64.2383073971292,19.507432729447487,39.233143752145125,4.397300949549239,Mid-Atlantic Ridge,reviewed
2013-12-20 04:53:40.275280896,29.412782143669773,146.88205596806966,120.24079634739648,3.824894109822921,Ring of Fire - Japan,reviewed
2003-03-05 15:43:27.287214592,-41.79672483034332,-14.466591479051942,297.5175009335614,4.424430587252457,Mediterranean-Himalayan Belt,reviewed
2004-01-09 02:45:23.553226240,41.96187451444848,162.62518863235368,34.04863692937606,3.3967120214613344,Mid-Atlantic Ridge,reviewed
2023-02-19 13:20:29.193425408,38.189696364653855,66.00267118142054,12.362958480188599,4.009524767071975,Ring of Fire - Japan,reviewed
2024-01-28 01:43:38.421750272,77.9690663888789,-151.81460022878565,0.2621566297899369,3.2000108824953464,Ring of Fire - Philippines,reviewed
2015-04-09 03:37:23.032644608,88.48418306032448,20.87166610306366,40.868329083779585,3.5253735850008385,Hawaii Volcanic Region,reviewed
1987-01-22 06:22:12.366014912,-12.882394038116558,-113.9368199258211,199.21350611229175,4.056250292724407,Ring of Fire - Alaska,reviewed
1975-06-21 16:30:21.407549984,-62.946897593530124,66.07774518399523,54.3737789945051,6.850592027181309,Ring of Fire - Alaska,reviewed
2008-04-25 14:50:03.084271616,-54.746860157412534,39.63054489863012,5.683145093530182,4.430657821974183,Ring of Fire - Japan,reviewed
1994-08-25 10:32:05.665004032,-32.692459839783,170.2973129881799,12.393030616987819,5.814698744913249,Ring of Fire - Japan,reviewed
2020-12-02 07:55:27.873177344,-34.59710747107523,96.88835211464203,35.17707386911589,4.208536170564454,Ring of Fire - California,reviewed
2007-02-06 13:38:19.555468288,-26.24962686004931,108.34041546608091,7.231033446929592,4.014731068226911,Mid-Atlantic Ridge,reviewed
1999-02-14 22:49:46.889739648,-12.651951660769953,125.75619675449155,594.4216057931159,3.8273852092388987,Ring of Fire - Alaska,reviewed
2000-08-12 20:46:05.670459776,-54.623387267325164,-20.72899008427106,30.551387917617898,3.4478433128644004,Ring of Fire - California,reviewed
2024-04-17 21:56:43.440159744,-75.50543650071177,-176.18121086943876,13.496133186652147,3.2421023998816505,Ring of Fire - Alaska,reviewed
2013-05-28 18:59:57.368101376,65.81887765527603,133.69105253505376,675.687397951074,4.7992155126238805,Mediterranean-Himalayan Belt,reviewed
2022-08-11 13:43:27.996587776,14.494790794427686,12.723785726462069,49.0214447718665,3.2260730329959446,Ring of Fire - Indonesia,reviewed
2020-02-09 21:41:28.172835072,-7.444680624295643,171.13755015071735,21.08580236435956,3.097673810007836,Ring of Fire - Japan,reviewed
2003-06-25 20:21:30.236237952,8.953617040903836,77.28530024421343,59.49830369767169,3.6304510735596502,Ring of Fire - California,reviewed
2021-08-16 02:14:58.179362560,-22.30035674801954,-151.0498283436797,38.76816411074765,4.181228281351676,Ring of Fire - Japan,reviewed
1988-03-20 23:33:00.440730368,81.01217216157565,-53.92740128433093,39.633018902216264,3.4687998987620556,Ring of Fire - California,reviewed
2016-05-29 04:02:18.932733184,-3.895206790230631,-85.91388357078418,93.79008832921532,3.767692317998998,Mediterranean-Himalayan Belt,reviewed
1989-12-23 16:13:08.330648064,28.253825458076818,-121.55378072190337,14.362798337661252,3.437056757949303,Ring of Fire - California,reviewed
1985-09-24 22:53:04.701350272,58.15305297150263,-34.303864916970156,17.989015649764678,4.469715333581912,Ring of Fire - Japan,reviewed
2000-05-22 18:18:42.235400704,-22.577915242252715,175.26107334585765,285.9887001240146,3.041144208506893,Ring of Fire - Chile,reviewed
2014-12-03 08:02:10.812109056,-31.631012112489678,89.56336961602494,25.45394241398099,3.450956316482926,Ring of Fire - Japan,reviewed
2025-04-06 19:09:51.634688768,83.04512400641045,-43.60832480973471,25.14147570437672,3.013283209808154,Ring of Fire - Chile,reviewed
2013-03-30 17:20:03.819079680,78.87580477660984,28.916293391641375,132.43595249482792,3.8852608840055183,Ring of Fire - Alaska,reviewed
1981-02-16 07:57:50.493752192,35.23411611499486,90.43074479825356,247.88021166461763,4.484592059876164,Ring of Fire - Alaska,reviewed
2015-08-31 15:10:56.310532864,-50.573694026879366,5.506396488281268,9.652917521123378,3.0981989589517958,Ring of Fire - Indonesia,reviewed
2009-08-01 08:28:41.121003008,-75.57419603996203,95.00648853498086,34.51245850781434,6.951382886010181,Ring of Fire - Alaska,reviewed
2010-10-28 09:12:23.726215936,37.55779285308937,-67.2164217651959,55.30518888742923,3.8028160877273347,Mid-Atlantic Ridge,reviewed
2013-03-10 19:01:03.426324736,0.6211249203664266,-147.3802124862987,467.96301907938704,4.047640576612099,Ring of Fire - Chile,reviewed
1974-02-23 10:26:46.629659056,13.011784909966309,-55.025830433733944,28.19275331232094,3.2969845487487555,Ring of Fire - California,reviewed
1990-01-27 16:47:20.767143040,-4.9694086933671855,-122.76135523820352,86.00612490115107,3.7267439112873193,Ring of Fire - Alaska,reviewed
2018-05-02 01:18:17.519055616,12.829251456893743,27.904157091608994,14.159122721942124,3.0856338390246707,Ring of Fire - Chile,reviewed
2004-11-26 07:35:53.203549184,74.56716111168677,-19.223844722057294,47.52321146017948,3.1234517749089767,Ring of Fire - California,reviewed
1987-06-01 12:30:51.210757952,-19.707073099512172,-30.348979533284535,8.374130766124923,3.2385472828853206,Ring of Fire - Japan,reviewed
2010-11-09 15:14:38.303383808,80.73473926398415,-156.95066406851558,47.0504080852685,4.610667847522448,Ring of Fire - Alaska,reviewed
2005-09-13 23:06:39.884674176,-34.86834116525967,138.85889231971686,62.30738314098929,3.0703431466770743,Ring of Fire - Indonesia,reviewed
2019-09-07 03:53:36.146135552,-73.88016538611619,-68.18992972004459,12.293087403181648,3.9459220235455468,Ring of Fire - Alaska,reviewed
2009-12-09 23:53:42.697413632,43.53289514284572,174.52784058096222,0.9787199079955322,3.0596044289246556,Ring of Fire - California,reviewed
2012-08-08 08:04:42.184825344,-78.86552728947888,-154.15920599893911,59.15751093037885,4.976432241609993,Ring of Fire - California,reviewed
2001-06-06 19:15:37.891201536,-80.83195562596792,-19.096096758965615,13.283449070220762,3.138085228337511,Ring of Fire - Philippines,reviewed
2013-03-04 14:12:05.611159040,34.849547007090464,43.55573574008207,0.28710153011169526,3.050822692613159,Mediterranean-Himalayan Belt,reviewed
2005-08-21 12:03:05.032347904,58.39502992457497,-42.46807824710183,55.74101301773645,3.9480168659357466,Ring of Fire - Alaska,reviewed
1987-08-09 12:32:56.914435072,-24.762749295903774,164.10227792765113,37.677692244133596,3.9306898981607143,Ring of Fire - Japan,reviewed
1998-06-24 19:06:44.328239872,47.34323777207504,-32.64773144932505,36.65706799992896,3.4445166773081284,Ring of Fire - Alaska,reviewed
2020-10-27 10:58:12.680576768,62.17575104637163,-100.1270841463163,25.900247840252195,3.417026620709096,Ring of Fire - Alaska,reviewed
1992-12-24 13:29:10.306844288,27.064152357455015,-26.18391066291781,33.88272581594939,3.5026629286902193,Ring of Fire - California,reviewed
2012-04-23 06:53:54.524052224,39.122013311362565,-89.97117727833063,108.6635864551914,3.1152791136179747,Ring of Fire - California,reviewed
1979-01-11 11:00:56.581011552,-61.358230283048,-25.00894449465224,43.653816310808494,5.20330803145071,Mediterranean-Himalayan Belt,reviewed
2022-01-23 02:32:45.602532608,-34.248492020605106,-65.09982084095802,62.95375863128821,4.010100375630811,Ring of Fire - Alaska,reviewed
2015-04-03 11:40:01.047160064,-52.69561879642953,160.5536162954284,50.66619436413663,4.327548896676307,Ring of Fire - Chile,reviewed
2005-06-21 00:10:07.556824576,-24.9400522214996,-63.21329718667924,44.44399647184449,3.3693366750012506,Ring of Fire - Alaska,reviewed
2018-10-19 23:36:10.175851264,-1.9204055671629163,-54.89734530601143,99.1011902312874,4.0959703269391,Ring of Fire - Chile,reviewed
2015-01-02 12:07:11.033839616,82.62840091216427,133.42981108794157,16.16582514545136,3.6689782318475306,Ring of Fire - Alaska,reviewed
2019-12-25 12:13:14.544380416,48.52593376503418,-141.095250127418,30.98123163271211,4.559684142031107,Ring of Fire - Alaska,reviewed
2000-03-15 04:00:17.905029504,86.42525190540127,-78.22519772957911,67.8201534827452,3.3642892060842824,Ring of Fire - Japan,reviewed
2015-03-20 13:45:49.844497408,89.64284684840263,32.988932378805515,39.537281977213794,3.421062074937899,Ring of Fire - Japan,reviewed
2020-03-06 18:07:42.873761792,69.34621460375581,-41.65194236035032,19.509514193449604,5.844052658289714,Ring of Fire - Indonesia,reviewed
1982-10-06 22:59:20.786236800,6.141596584561569,-85.87769444375508,248.0594450052737,5.683516139808427,Ring of Fire - Alaska,reviewed
2015-10-22 20:32:39.040461824,55.55351290376251,-101.82628718685635,33.07234797404233,3.8696106346355643,Ring of Fire - Indonesia,reviewed
2018-03-14 12:32:34.311148032,-63.236985309219435,-27.790333023439814,247.6810773273967,3.316075139875416,Ring of Fire - California,reviewed
1970-05-23 04:36:22.385183914,-21.000820429262888,26.153235717008272,163.2019300737468,3.462539728286453,Ring of Fire - Japan,reviewed
1982-06-09 18:30:18.508997888,17.467460430243108,-14.250967714474228,230.20397514921535,3.7953824670086496,Ring of Fire - Chile,reviewed
2022-10-20 07:58:19.844206080,16.29566992857258,144.1069628502363,60.80397193572527,6.647082555358875,Mediterranean-Himalayan Belt,reviewed
1999-01-19 19:47:24.275074560,47.16632680380431,-44.94984730502625,44.91339991000863,4.016791404981868,Ring of Fire - Japan,reviewed
2009-05-14 20:19:20.606857472,-35.70446763899332,-70.32414711762648,81.44645521537237,3.091379149212829,Ring of Fire - Alaska,reviewed
2024-06-01 20:36:52.233852160,-83.22849404072024,-56.16492985015091,287.18121672077666,5.966278091586506,Mediterranean-Himalayan Belt,reviewed
2023-11-23 22:25:42.826166528,48.25085124466506,78.78635300454965,63.09799588604632,3.942955901351108,Ring of Fire - Alaska,reviewed
1984-02-06 16:52:44.818997376,-20.62099490737576,-103.11442249335029,279.5920514662075,3.148287545813474,Ring of Fire - New Zealand,reviewed
2004-02-19 10:03:49.497767680,0.25256990944275515,-128.3179962393438,69.85405940886014,4.150672816070901,Ring of Fire - Chile,reviewed
1998-02-24 07:03:26.965431680,22.141365412415865,-136.30178084498672,67.58399599055538,5.524612575792322,Ring of Fire - Japan,reviewed
2020-11-10 18:17:31.114403584,-22.668566870687016,-102.18064668860089,61.37934419078784,3.407678684241944,Ring of Fire - Chile,reviewed
1983-06-01 18:13:27.823721088,-33.39040151163802,22.618978416645945,10.142906151514222,3.2479287332093243,Ring of Fire - Japan,reviewed
2025-03-12 12:12:34.956643584,41.27785334710086,133.20537861266087,12.889101615682941,4.241066258695283,Ring of Fire - Japan,reviewed
1983-07-22 18:09:18.854615616,-47.39290382237463,123.37786239488133,65.27471121596177,3.39386198968971,Ring of Fire - Indonesia,reviewed
2007-08-22 04:31:13.534386176,-42.46667328676493,81.85968954104095,61.65240039519326,3.223735372555104,Ring of Fire - Japan,reviewed
2012-08-25 09:44:37.736297728,-49.43952304593367,-26.652312193869705,11.227571250430165,4.5536812345441415,Ring of Fire - California,reviewed
2010-10-12 05:00:55.712882688,-27.17262077570669,84.51537886810684,31.477589561961008,3.2815027004936677,Ring of Fire - Alaska,reviewed
2005-05-29 13:13:39.630473600,37.64188941099498,-59.2969045781297,19.104201222705992,3.04528679941272,Ring of Fire - California,reviewed
2005-06-23 13:59:46.250238848,84.92376633897698,78.47552203960277,27.001262952988327,3.4342555827977463,Ring of Fire - Alaska,reviewed
2000-01-02 04:47:26.596121472,-60.862443528002764,-157.66285882993859,257.7714770631612,3.6953752524658467,Ring of Fire - Alaska,reviewed
1975-01-21 16:43:12.022131040,-78.71827171773538,75.41815372979136,480.8374089561537,3.1761318346932175,Ring of Fire - Japan,reviewed
2016-10-10 10:36:23.813569536,-54.92773224585704,-155.4089324943985,45.43311270877498,7.594624701953588,Ring of Fire - Alaska,reviewed
1987-12-18 21:57:07.390101312,42.29292329339009,31.387080919925552,263.5852981324424,3.258038450225537,Ring of Fire - California,reviewed
1980-06-11 20:42:51.253190080,-54.967087611177064,35.119182922305725,54.597354167214554,3.153634850966614,Ring of Fire - Chile,reviewed
2003-02-02 12:48:02.911315072,16.25697656981677,-151.51581825237665,48.561890908883,4.612162474118121,Ring of Fire - Alaska,reviewed
2007-12-11 05:22:24.334481408,-37.003841946525405,161.76051889647738,51.08408461353102,3.609691535771604,Ring of Fire - Japan,reviewed
1982-09-07 12:26:02.986663936,-56.37862399382359,41.40752005097053,50.22041156147775,3.0385418370501274,Ring of Fire - Alaska,reviewed
2006-02-16 17:15:28.705922944,-56.79482215202567,140.77725369341584,232.58953347276778,3.649303324773334,Ring of Fire - Chile,reviewed
2008-09-09 17:59:21.760201216,31.16180485759564,141.5835964269118,144.1886244256517,5.381392768872212,Ring of Fire - Alaska,reviewed
1991-08-28 21:33:10.473254656,-76.42529059202496,-93.71645689994132,51.565971465315336,3.0997678620080484,Ring of Fire - Indonesia,reviewed
2022-06-15 22:31:22.912242176,14.097851755650154,-151.93791014531493,9.994939509769527,3.8502742954123557,Ring of Fire - Japan,reviewed
1977-09-13 17:10:51.221395200,-45.683704179277065,56.615706767279306,1.2393111551266045,5.688939796003499,Ring of Fire - Philippines,reviewed
1989-02-05 19:55:18.741873024,31.19365098354288,171.71123193240612,49.46860662397602,3.5400763263533532,Ring of Fire - Chile,reviewed
2021-10-12 18:12:20.849884928,55.2624544198591,-26.596145506548254,8.54376369569212,3.157870893204042,Ring of Fire - Japan,reviewed
2019-02-17 05:19:23.062184192,-23.424955516667822,10.72242912376285,16.308054845462735,6.013401129828401,Ring of Fire - New Zealand,reviewed
2006-12-16 15:41:19.121602304,52.86513309072845,173.8339736950685,23.764574054195993,6.119491794807081,Ring of Fire - Japan,reviewed
2015-10-06 15:29:45.085816320,-79.0541529335141,50.74675725737788,11.495187075914217,4.241810484110456,Ring of Fire - Chile,reviewed
2001-02-02 12:31:58.049224576,19.012380511025185,123.96624222481609,67.1890398716963,3.4967819347868416,Ring of Fire - Chile,reviewed
1975-03-20 05:32:30.618302496,-8.026539483368381,19.1368421571932,296.674310555029,3.4440979458976746,Ring of Fire - Chile,reviewed
2020-03-29 18:05:36.737035520,35.771052340682985,-23.29976065440971,30.895205507993502,4.327338285141184,Ring of Fire - Japan,reviewed
2020-06-03 06:00:45.201161984,-77.78075186417422,77.38129984924603,83.92701893548994,4.594468289564433,Ring of Fire - Alaska,reviewed
2005-06-14 19:46:42.724716928,-20.58552712428741,-84.30548752375391,9.32587235890473,5.915851930206386,Ring of Fire - California,reviewed
1989-07-22 09:12:08.313357824,-86.94103507431646,142.2477890258615,26.31719367484646,4.759425640489804,Ring of Fire - Japan,reviewed
2010-08-26 23:18:57.594211584,-54.72492097801319,92.19884412359858,61.197631367903526,4.475646835743804,Ring of Fire - Alaska,reviewed
2020-03-27 14:18:27.084389120,-18.74095819400712,-119.49474059355802,212.80106313806428,3.0725123689478724,Ring of Fire - Indonesia,reviewed
2019-09-04 13:53:14.106720000,-54.46283248789724,139.2713385809751,285.66688349667817,3.5387298667743132,Ring of Fire - Indonesia,reviewed
2013-09-02 19:04:08.206404864,18.43169727502017,32.0459725602677,52.899694574467496,3.3655876122829134,Ring of Fire - Indonesia,reviewed
2005-12-14 11:21:29.559771136,-9.24253067946438,64.54338597809394,15.114792065727027,3.3994215496816444,Ring of Fire - Alaska,reviewed
2020-04-26 03:05:29.870392064,-86.49418133174147,110.45249240625037,69.63691205126406,4.391170539335805,Ring of Fire - Japan,reviewed
2003-12-17 07:02:43.343600000,-25.535667618994324,-60.95656124525445,17.691986812391715,7.131350599450211,Ring of Fire - Alaska,reviewed
1970-07-08 02:34:30.436169622,-43.360196805749965,-120.57781841633042,634.3149745808801,3.5208859711361615,Ring of Fire - California,reviewed
1975-09-07 09:32:21.083045696,33.87362079032309,-43.810231325947,59.65655674831377,4.780549478274825,Ring of Fire - Alaska,reviewed
2007-02-26 14:26:25.460194560,-34.666753392624194,-155.0812797326203,47.61493596535676,3.6271097126570235,Ring of Fire - Japan,reviewed
1979-01-03 00:10:11.335477440,40.56010773537756,-126.81147284128879,66.33217511254055,3.219178454054153,Ring of Fire - Japan,reviewed
2000-09-23 06:03:09.554237568,-3.43481833644249,-77.3546734580959,268.26407470990387,6.245544106154227,Ring of Fire - Japan,reviewed
2008-09-29 07:58:46.134507776,10.161788147251187,137.18916199940116,78.95475267655537,3.2715766515918623,Ring of Fire - Alaska,reviewed
2006-07-05 13:31:38.548417920,61.442399474540736,14.579156864437579,406.0596008868043,3.434337621620836,Mediterranean-Himalayan Belt,reviewed
2009-11-18 04:50:19.468707328,88.05339513496625,17.160080405358883,3.501317463153044,3.5505184494689406,Ring of Fire - Chile,reviewed
1988-03-22 09:36:02.285409856,-38.42049085180902,-170.93767330598035,58.11280766323857,3.646820893194698,Ring of Fire - Indonesia,reviewed
2011-10-20 23:43:44.447141120,70.7289151717008,37.343692426969085,7.571224656462752,4.491853646489017,Ring of Fire - Japan,reviewed
2006-05-18 22:36:01.515975680,45.71210849342643,77.08533580250253,34.53101513672714,3.2851198948609057,Ring of Fire - California,reviewed
2017-07-22 03:59:38.241953280,77.53616495318732,136.7214355605526,616.2992474309905,3.066259939524824,Mid-Atlantic Ridge,reviewed
2006-10-29 03:45:20.409314816,34.404333862634246,97.8780099833005,47.67963893506734,3.392231497099281,Ring of Fire - Indonesia,reviewed
2001-10-28 14:46:50.651362688,31.405928937148545,153.6039721783854,260.5142827876238,3.707345159209872,Ring of Fire - Chile,reviewed
1975-03-31 22:19:14.279921088,-89.37640636244436,174.94325119543328,62.23646787742721,3.202341633608939,Ring of Fire - California,reviewed
2024-06-26 23:38:13.316792832,86.18681411934148,-118.46239516502311,42.42767198970812,3.962946748451118,Ring of Fire - Philippines,reviewed
1992-01-06 00:39:58.689439232,-74.60964759128821,-114.58712652397742,169.71491364487423,5.3728430715428175,Ring of Fire - Alaska,reviewed
2019-12-15 00:40:35.878439936,40.04756468168267,-140.30659572650526,17.795248034668177,3.1810286724940497,Ring of Fire - California,reviewed
2005-05-05 16:16:46.633902336,-58.86992846324282,159.47089919766847,35.881364768710746,4.001908298340711,Ring of Fire - Alaska,reviewed
2014-07-05 06:36:51.091545856,-88.6677588906933,62.19061122217687,69.15878510941826,4.2021312129441695,Ring of Fire - Japan,reviewed
2002-04-22 09:57:49.155516544,-60.98124622325524,-60.78335874322889,3.184057903059222,4.328401951810374,Ring of Fire - Alaska,reviewed
1980-12-07 07:18:57.263046144,-53.33458732032669,-165.67936853879058,34.42679256257192,3.7727115365024684,Ring of Fire - Indonesia,reviewed
2010-06-16 07:30:53.001524224,-55.43365067372378,140.04266415663506,67.10834577382288,3.0081182325854816,Ring of Fire - Chile,reviewed
1985-09-21 15:17:27.945843968,-84.20995356104913,127.08123458817892,3.8838759447537443,4.294421907133312,Ring of Fire - Chile,reviewed
2006-02-22 20:16:36.611555840,-85.65989851278016,-159.01125563477106,33.16321076171042,3.043073390318879,Ring of Fire - Japan,reviewed
2022-08-31 04:47:10.386541568,1.0099157089335762,-59.69856320839389,92.87616741400367,7.251225242077576,Ring of Fire - Japan,reviewed
2023-06-02 16:49:42.421490688,-80.41620832848253,-85.29743687699818,152.3737792723894,3.6005977097518045,Mediterranean-Himalayan Belt,reviewed
2021-03-25 17:18:46.642651136,-46.78879014226508,121.84554187118471,27.136193039115934,3.7667501376885983,Ring of Fire - Chile,reviewed
2021-12-25 21:35:22.036422912,-11.770192514561103,25.697195214952416,51.38448245161755,3.959685802177079,Ring of Fire - Alaska,reviewed
2024-02-17 23:47:03.600975104,38.678749828069016,-93.35234457703469,3.5100816150267145,5.197576878162602,Ring of Fire - California,reviewed
2023-12-17 22:03:55.417520640,47.153268143223556,165.70594471720733,130.33264553807297,3.6714838359819133,Ring of Fire - Alaska,reviewed
2017-10-07 14:27:26.727026176,59.48681851551498,-31.176272783151916,63.578098827394626,3.70901979179882,Ring of Fire - California,reviewed
2017-08-30 07:09:36.794961408,-21.552321849602237,116.21202067304216,33.618684796593925,4.31402844989678,Ring of Fire - Chile,reviewed
1979-06-29 15:14:36.784664128,-75.95484042859776,63.11038448628943,42.92983427893291,5.186227643855849,Ring of Fire - Japan,reviewed
2001-03-07 06:08:57.499638912,13.671683784531027,2.3385605301078556,239.39366800485922,3.7205042425711286,Ring of Fire - California,reviewed
2022-06-04 04:09:58.686663168,36.1949308454508,-127.23942924668647,69.16475593728049,3.078354874524586,Mediterranean-Himalayan Belt,reviewed
2008-12-22 21:32:18.072374528,-3.3467016091865105,-171.01828938381217,58.29943291140098,3.877667528836996,Ring of Fire - California,reviewed
2001-12-03 11:04:00.062784384,-44.06842015081055,155.06937553745007,97.76982112306689,3.5938349059051675,Mid-Atlantic Ridge,reviewed
1975-06-11 13:13:11.460880896,-31.26429327179467,-134.75141511676566,28.298390054560716,5.31185051068358,Mediterranean-Himalayan Belt,reviewed
2004-06-09 17:49:38.583389440,-77.1026223629545,73.78251432728933,51.137984204760535,3.2509642451530967,Mediterranean-Himalayan Belt,reviewed
2025-06-10 13:42:48.630167808,-37.33496147903759,54.96658522091428,57.746285062239025,4.9265110925765585,Ring of Fire - Alaska,reviewed
1977-11-05 03:19:14.617858880,-82.01195863897063,-56.98078471853046,55.22656275788635,3.8973154588589662,Ring of Fire - Chile,reviewed
2019-02-17 21:52:28.428309760,71.63915013210354,-115.80183019605067,20.719483760077686,6.927045124983161,Ring of Fire - Chile,reviewed
2011-06-25 22:34:22.563270656,24.03236312164674,30.718027098086054,51.32433634670836,3.7905715561162046,Mediterranean-Himalayan Belt,reviewed
2009-01-12 01:30:38.929785088,28.20658012797361,16.891666064656363,58.29310679168999,3.3780986859705964,Ring of Fire - Alaska,reviewed
2009-05-03 21:46:02.189713152,-5.014379314730476,135.33660732608354,60.28745696281455,3.6971357053951692,Ring of Fire - Indonesia,reviewed
1990-02-17 16:08:25.373557120,-61.91343914308055,50.40110822829706,12.067730030891685,5.146019917851952,Ring of Fire - Indonesia,reviewed
2015-04-28 20:43:44.803376128,-28.084320430097208,-168.33129751706085,65.4675220076033,3.2354337649510434,Ring of Fire - Alaska,reviewed
2015-05-14 05:58:56.182651648,45.267940326772106,61.55753293029426,5.7647093235730695,3.1520146149252666,Ring of Fire - Chile,reviewed
2018-07-22 05:31:23.397789696,82.87768427680467,-95.86489016533645,58.17943357825872,3.3889837685994664,Ring of Fire - Alaska,reviewed
2021-02-20 12:12:59.452200704,-12.404713366458168,-88.97797441234434,10.89132270695055,4.665780967373657,Ring of Fire - Chile,reviewed
1998-01-31 12:18:23.780502144,-9.72746886035138,105.63586517697871,88.85281884650283,3.283909402155324,Ring of Fire - Chile,reviewed
2014-09-14 12:45:03.923203840,-13.000518755245238,-46.17522895012104,24.670171788691846,3.1999180956339437,Ring of Fire - Alaska,reviewed
2006-05-25 17:05:40.663475328,22.6583699397561,104.42765407259026,52.24934629908734,3.4450157061345936,Ring of Fire - Chile,reviewed
2009-04-23 07:53:05.903676160,42.146531477656794,-20.25191687315197,22.877421437621244,6.093366164413588,Ring of Fire - Alaska,reviewed
2014-07-25 08:20:21.233176064,51.29244418582442,128.75232541333708,63.66678915536307,3.462123111732049,Mediterranean-Himalayan Belt,reviewed
2019-11-03 06:42:07.735220736,26.92886569825461,-171.03464201570665,26.713473092362275,7.876566329516547,Ring of Fire - Japan,reviewed
1975-04-07 05:06:09.984841376,37.983545346827924,44.67226601891963,12.786413419990957,5.439462816121946,Ring of Fire - California,reviewed
2002-05-20 13:31:45.735866112,-13.201552647688047,21.2472913087866,28.662951932214405,3.678528899909793,Ring of Fire - Japan,reviewed
1996-01-27 21:01:49.284181120,57.23655298722278,154.86862587197425,30.0333595780481,7.529031155123555,Ring of Fire - Japan,reviewed
2000-05-21 17:03:25.661439232,-10.702640209961217,55.99333131770382,58.80540117814069,3.0566256797794447,Ring of Fire - Alaska,reviewed
2003-02-01 07:30:15.415313152,-37.520587454467666,93.40951669424197,127.47543481949388,4.40205804993086,Ring of Fire - Japan,reviewed
2016-01-24 15:34:56.683660032,9.456468910097016,42.029589323989455,290.51095828894057,3.044173257502,Ring of Fire - Alaska,reviewed
1990-03-03 23:30:01.910985984,68.52157248841178,30.230986878891088,63.12868215091698,3.0242977735206016,Ring of Fire - Indonesia,reviewed
1977-02-11 18:26:52.679241568,75.69310821249772,-131.4541866605967,4.7548342955978375,4.638308405601151,Ring of Fire - Japan,reviewed
1999-03-31 10:35:36.778638976,58.3548833999736,7.314110607856321,38.42570749630725,3.158808088127375,Ring of Fire - Alaska,reviewed
2013-02-12 16:16:31.427836672,-78.23332566408449,-154.96181469343247,5.177423108966917,3.6936454464925754,Ring of Fire - Japan,reviewed
2004-11-17 23:29:37.126407424,-28.20043095256343,148.66670949054497,203.04884773043372,3.615154664051468,Ring of Fire - Chile,reviewed
1974-10-12 14:40:51.011115168,-51.56733936075863,-137.07245464475636,284.06693274544136,3.030228896126336,Ring of Fire - Indonesia,reviewed
1999-10-03 19:06:38.545631744,70.21241249661068,-63.5469494424935,83.79523260404878,3.01162576679181,Ring of Fire - Chile,reviewed
2000-04-10 14:38:36.293986304,-6.246381009014897,19.912784661580503,291.7535330490783,4.578524291986705,Ring of Fire - Japan,reviewed
2005-09-11 08:29:26.189619584,-65.77904687888457,-95.40952471713489,29.65852063997496,5.461553861430076,Ring of Fire - Japan,reviewed
2010-08-29 17:54:18.601597184,-87.59418834027827,-20.02339631604235,296.871672591619,3.623825057815403,Ring of Fire - Alaska,reviewed
2024-08-24 02:27:43.019759872,-11.075925498332623,132.2400359333738,18.214795755502752,3.843573679547518,Ring of Fire - Japan,reviewed
1998-11-29 21:23:04.456695680,-82.80807325676224,-44.56188798503172,291.2773369485613,3.7129562674786425,Ring of Fire - Indonesia,reviewed
1988-02-01 10:17:23.228215040,19.720069545556825,-52.90886231966316,3.789408588162453,3.5422997977349393,Ring of Fire - Alaska,reviewed
2014-07-12 22:38:16.074611200,19.51359675841242,-19.3974914629205,59.88401682871703,5.4025446340646335,Ring of Fire - New Zealand,reviewed
1985-03-02 07:58:07.829460800,71.8091006251407,-143.8225760720465,129.56964454146294,5.468058036052134,Ring of Fire - Alaska,reviewed
2023-11-28 01:09:09.395216640,-4.626629551779303,125.25878849451459,462.55994114179896,6.598880726369533,Mediterranean-Himalayan Belt,reviewed
2016-10-24 07:14:01.377842944,-79.24980798505004,18.746317421147467,11.205187384071143,3.782350507331695,Ring of Fire - California,reviewed
2008-12-21 18:15:01.777052672,-70.05889591280486,38.78106415416701,0.581338878633082,3.663284869495322,Ring of Fire - Indonesia,reviewed
1979-09-15 09:19:46.134538368,43.86553740513233,129.42539284178707,32.98755016364697,6.510169345037016,Ring of Fire - California,reviewed
1978-10-05 14:33:50.436148864,67.65867309002255,-41.39872099190691,38.69232133176924,3.1695107732572483,Ring of Fire - Indonesia,reviewed
2000-10-03 07:59:28.887441920,46.87501388337495,-136.63246696910642,12.26224045929267,3.365257632368258,Ring of Fire - Japan,reviewed
2010-01-06 15:07:47.163450112,27.918785692474046,160.08187852268554,158.41405411049254,3.3598404041817553,Ring of Fire - Chile,reviewed
2006-12-21 00:24:24.135070208,-48.1872165946123,48.34472628107628,56.790219776222784,3.571055188554779,Ring of Fire - California,reviewed
1985-09-04 11:42:42.701935872,85.30278940001,-161.15749189538613,35.64481096722298,9.2,Ring of Fire - Alaska,reviewed
2023-06-21 20:37:48.178932224,12.663867447221591,169.81166802122323,216.360068811423,3.062188167784857,Mid-Atlantic Ridge,reviewed
2011-04-28 04:56:07.052227072,73.23803557148435,-175.00569546770492,43.01367057420877,3.9504381912101016,Ring of Fire - Alaska,reviewed
2001-01-16 04:52:56.871754624,64.63676415725755,83.05206072875683,55.74420428357543,3.0947994833567916,Mid-Atlantic Ridge,reviewed
2004-04-03 12:35:10.123976192,-30.03741710592991,140.23078141971405,62.62973187988059,3.184636921970207,Ring of Fire - Japan,reviewed
1983-11-15 20:12:22.602283776,-12.353706107159098,-56.39141134878895,29.830608391550665,3.785718309881175,Ring of Fire - Alaska,reviewed
1989-12-07 17:01:14.573647488,37.633962646813615,22.042562593989658,26.06804662247493,3.3294219964923295,Mediterranean-Himalayan Belt,reviewed
2012-06-09 05:26:09.369116928,15.847560817816984,64.7313429041867,27.857009410703846,3.418512495254459,Ring of Fire - Alaska,reviewed
2017-11-26 17:38:52.060744192,-49.64001481990476,167.78761959132476,62.61771965684137,3.448563755994675,Ring of Fire - Alaska,reviewed
2009-05-27 21:56:26.698527488,54.22344594456101,-98.28497475301103,49.91197416023677,3.930553737440641,Ring of Fire - Indonesia,reviewed
1975-06-25 00:03:00.385482240,-48.877191882154584,-26.41689650091746,59.35469135948877,3.0068233238281334,Ring of Fire - Alaska,reviewed
1997-07-13 00:28:04.261259008,-53.327818602039926,137.30295742471833,138.27596788439655,4.830768976153543,Ring of Fire - Alaska,reviewed
1979-09-13 11:56:53.831288320,-31.979378779693022,138.8873476375236,47.19395624600025,3.105345451888976,Mediterranean-Himalayan Belt,reviewed
1994-04-18 13:37:36.353072256,39.684297079740645,177.19668854501998,214.5042755849991,3.1936861406944157,Ring of Fire - Alaska,reviewed
2004-06-26 23:34:09.591915392,-31.415239600912983,-1.7077054120257742,22.170198541765124,3.848315075142643,Hawaii Volcanic Region,reviewed
2005-07-25 13:41:26.119327360,-11.343460293756863,-61.60122190322991,60.32416878525483,3.01572820778046,Ring of Fire - Alaska,reviewed
1972-07-15 14:28:11.585362928,-52.576526847640864,-38.275252224728064,43.66195718496788,3.327701220244008,Ring of Fire - Chile,reviewed
2005-01-17 17:06:30.767323136,-18.679906776136406,86.29342432242834,20.70693539259518,4.298671955508368,Ring of Fire - Japan,reviewed
2017-12-17 18:52:52.765658880,-67.09221145592798,166.0323917580409,9.661932625652774,8.925025335346756,Ring of Fire - Philippines,reviewed
2006-11-20 06:15:37.224197120,-31.982277884188406,-60.204744273767744,62.32955426454156,3.3728901939358344,Ring of Fire - Chile,reviewed
1973-12-14 08:13:19.826197680,-85.40921949632992,112.79827113613095,69.29072388265254,3.838330991733912,Ring of Fire - Indonesia,reviewed
2005-12-22 09:38:09.354086016,-43.600555227081216,-45.70976988227514,190.5140666177142,3.5723068247142797,Ring of Fire - Chile,reviewed
2002-10-20 20:49:52.071122944,82.16600783501067,66.59083896668164,59.89218389378197,7.171542436245876,Ring of Fire - California,reviewed
2022-08-26 12:41:56.647506432,36.95068871478475,129.8679186975503,18.227815112155014,5.111431031476645,Ring of Fire - Japan,reviewed
2002-03-24 04:09:38.312238464,-48.01811685858969,-30.354670647421642,114.91139509394242,3.758800660657711,Ring of Fire - Alaska,reviewed
2006-01-09 04:10:27.707645184,64.4454981697098,171.04402270470206,604.3324120077802,3.2835954024839404,Ring of Fire - California,reviewed
1995-08-30 15:30:46.300866304,-55.75919464504564,-164.71110169907857,53.69087709865386,3.863275190316112,Ring of Fire - New Zealand,reviewed
2000-07-21 12:00:16.578329856,89.47065603550084,-18.637662002563957,25.352513029070227,4.306080141274814,Ring of Fire - Japan,reviewed
2022-09-20 18:42:49.009501696,-39.18543839794806,48.95346640651218,397.65472832276254,3.7963459193645153,Mid-Atlantic Ridge,reviewed
2023-10-29 05:32:04.003340800,34.369540923034464,34.84314056390923,30.659842352688788,4.039560076484094,Hawaii Volcanic Region,reviewed
2020-09-12 03:16:49.145724928,19.73570266515128,-159.76801632131676,46.194700668134196,3.509940453851053,Ring of Fire - Philippines,reviewed
1980-12-18 12:23:09.298649472,89.96798976506221,128.72102279334598,58.48748508877168,4.626984326240137,Ring of Fire - New Zealand,reviewed
1973-11-19 15:31:13.739499184,54.37543398695553,110.55099438308372,3.8843504749742475,3.205575674016297,Ring of Fire - Philippines,reviewed
1975-04-16 15:24:18.115862688,57.21290164860338,91.30101536217688,159.32438186445592,3.6218237262931288,Ring of Fire - Japan,reviewed
2008-03-31 12:54:03.169562112,2.4707745797931153,-46.963838671808276,8.671639570689333,4.67447582837527,Ring of Fire - Indonesia,reviewed
1973-12-27 00:30:51.289090288,-40.88313886766192,27.009283657796942,58.9547056147182,3.7281822937262383,Hawaii Volcanic Region,reviewed
2017-04-24 05:38:01.126313216,-36.84934140954941,-117.7312046025241,47.70745001459296,3.94509311874331,Ring of Fire - Chile,reviewed
2015-08-11 07:46:22.747425792,-21.522172952027645,-91.18306791936429,10.938293786794892,4.826681271501995,Ring of Fire - Japan,reviewed
2009-01-06 08:45:57.011872768,-84.25433848058216,19.48658685370438,25.360509882154034,3.7724132090951805,Ring of Fire - Alaska,reviewed
2005-03-21 18:25:59.104326784,16.912488767461582,39.304190858298654,42.735921486451204,3.332478719642986,Ring of Fire - Indonesia,reviewed
2019-02-19 22:26:32.006585600,67.2537245735289,-10.771705275089658,2.7573114022780665,3.0100414312775223,Ring of Fire - Chile,reviewed
2011-03-01 09:47:36.290763776,-16.184925169990663,-63.095889526986156,269.8402829740588,4.1494666796970705,Ring of Fire - Alaska,reviewed
2014-12-29 14:17:28.535536896,-41.522730955328804,-128.33682287022435,147.70639370991984,3.787143139053966,Ring of Fire - New Zealand,reviewed
1979-12-09 04:06:13.443264384,39.145890184574284,59.47150183699145,38.25595960908424,6.751323476897511,Ring of Fire - Chile,reviewed
2012-01-13 07:45:51.722824960,2.989001346335897,84.15987225257533,12.330773875200205,3.931439042771372,Ring of Fire - Japan,reviewed
2015-03-08 04:34:55.680961536,-88.62498096736084,-11.094644193043138,48.678500401251405,5.190022481163582,Ring of Fire - Indonesia,reviewed
2025-06-19 19:14:24.230956288,-75.90157990055714,52.19901884989645,174.99770404601173,3.165202217122588,Ring of Fire - Japan,reviewed
1990-10-31 21:15:42.513390208,-18.008759722410247,129.62387546062428,194.4115570560787,5.2272789278934795,Ring of Fire - Indonesia,reviewed
2013-06-23 23:22:58.315243776,51.25964962864231,131.73712224351289,30.40940966828306,3.9624149743219474,Ring of Fire - Alaska,reviewed
2022-02-13 18:42:35.761222912,14.672850177938187,17.176406146173775,50.90696236989853,3.5118129394594426,Ring of Fire - Chile,reviewed
2018-01-26 02:47:03.561658368,72.24753030811402,38.398330229478915,50.1265437742973,3.1067066943591573,Ring of Fire - Japan,reviewed
2012-01-18 13:34:58.040212480,-62.093814948395696,148.0111752808034,24.958935658184938,3.5518333479653306,Ring of Fire - Japan,reviewed
2012-04-02 15:58:10.875706368,22.38767198855564,86.29810084554555,181.9963640450271,5.219644627484703,Ring of Fire - California,reviewed
2020-07-16 21:57:01.467404032,26.094687310924442,7.233559752854603,14.421218300396323,6.743548890957662,Ring of Fire - Alaska,reviewed
2016-04-12 12:49:45.491661568,68.18545781901608,-141.18430405676523,21.424143875132312,3.3129821624839617,Ring of Fire - Chile,reviewed
1987-12-03 23:23:15.925554432,16.365046324577136,-72.35680959215307,57.346140378807156,3.4705694472000674,Ring of Fire - Japan,reviewed
2020-02-24 03:16:41.586192896,70.91580137507319,-103.85198338719117,168.74884017527813,5.485011930918343,Mediterranean-Himalayan Belt,reviewed
1970-08-10 15:53:58.766773260,-8.155050313398462,-32.46749328537646,4.654355662233657,3.6445765539261297,Ring of Fire - Indonesia,reviewed
2020-09-12 18:39:41.503956480,-12.83829915382637,135.57795791715068,28.689337118284502,3.425842780427431,Mid-Atlantic Ridge,reviewed
1987-11-18 22:07:26.080615680,-89.96374833582412,112.52529818535419,152.1723120590904,4.280413905590882,Ring of Fire - Alaska,reviewed
2023-03-15 14:49:04.404585728,70.3852233500254,-102.34529094713345,33.989634159840044,3.351429889752252,Ring of Fire - Alaska,reviewed
2023-03-26 18:25:53.153515264,49.9871898275031,-18.964147319706456,47.46422637513726,4.466960123288237,Mediterranean-Himalayan Belt,reviewed
2002-02-10 12:36:10.867873280,27.514352807961984,-65.53728300702979,699.3075904816275,3.0583433448258996,Ring of Fire - Alaska,reviewed
2005-05-19 23:11:45.643969280,-66.78596810670587,169.34796138201114,86.6225628187045,3.0556060238934615,Ring of Fire - Japan,reviewed
1995-02-11 01:21:00.952350464,-21.923075935529255,135.62794846644124,19.727797536977928,3.537051939386875,Ring of Fire - Japan,reviewed
1986-06-03 00:57:28.529900416,76.37885952620962,-90.02748204968651,62.721086607313566,3.479754676903194,Ring of Fire - Japan,reviewed
2007-08-30 00:28:46.457212928,18.613896574684503,10.407325528016827,52.87372506527805,3.7428806986115832,Ring of Fire - Philippines,reviewed
2012-02-18 07:35:24.050878208,74.36278345626624,-79.70191735270224,62.04070213259798,3.425416046714873,Ring of Fire - Japan,reviewed
2014-04-30 03:59:18.066460928,10.77007048193478,116.83078797128803,29.803313045121364,3.234863725187295,Ring of Fire - Japan,reviewed
2014-03-21 01:26:13.163453696,17.57218474025626,114.92326004573204,7.016231472340026,3.4073247280364716,Ring of Fire - California,reviewed
1973-03-23 05:59:01.128804768,33.40923523454747,17.02854269817891,11.879939147643746,3.6470967579212363,Ring of Fire - Chile,reviewed
2000-10-09 12:20:29.486460160,-32.32166100636383,-55.03958744100578,193.19528015486333,3.9452388046024924,Ring of Fire - Japan,reviewed
2019-09-17 05:07:39.356155648,-39.74459559181567,129.17958165063806,18.258461396278342,3.3042006122174525,Ring of Fire - Japan,reviewed
1989-08-26 06:21:14.549270272,-60.09745716819984,-162.17659120889974,265.7964330384284,4.257793819160219,Ring of Fire - Alaska,reviewed
1976-07-22 08:55:13.756266272,-8.207557391033731,-36.497010987331464,30.42253577070774,4.384599860922765,Ring of Fire - Alaska,reviewed
2012-08-23 04:14:48.524708608,71.72897491467734,122.21186209186845,53.45529227662539,3.102024597840877,Ring of Fire - California,reviewed
2004-08-14 09:56:13.834246912,-35.34966615113408,-116.24643125206494,22.028228170992858,4.242678363352017,Ring of Fire - Japan,reviewed
2009-04-02 22:07:10.191364096,-43.55653270954203,113.7835631635794,25.778395291033924,4.480010495881942,Ring of Fire - Japan,reviewed
1974-01-28 05:19:20.856015856,-26.885505333886584,3.487284091355235,64.54648575006321,3.2606458771614086,Ring of Fire - California,reviewed
2016-01-09 12:05:27.686312704,74.85742211777082,-63.21530719743956,36.54514997961332,5.027047820337973,Ring of Fire - California,reviewed
2009-07-19 18:32:04.303548928,-19.530407108652014,-63.40655978973345,46.99124591654614,3.0339064241929594,Ring of Fire - Chile,reviewed
1974-07-22 19:50:19.144502240,57.827964496346,-62.30619272823196,354.8868926440264,5.042370438607591,Ring of Fire - Alaska,reviewed
2025-04-01 17:44:35.440904448,-81.32948223544241,76.00161557760248,249.247341023482,3.269911120800784,Ring of Fire - California,reviewed
2015-07-08 04:32:57.043769344,0.6706463448458635,-152.58478120944287,176.3828166370091,3.0829851346763153,Mid-Atlantic Ridge,reviewed
2023-01-17 01:48:13.239250176,-41.00294713510555,117.90009660939234,59.3453189254012,3.2442120646338717,Ring of Fire - Indonesia,reviewed
2025-03-19 16:18:51.123097088,-76.98293732531667,-84.25626860025146,2.7079470780034076,3.4701821089981206,Mediterranean-Himalayan Belt,reviewed
2012-03-09 20:15:23.595937792,-3.085193460087723,140.12105106193087,45.33963523531608,4.065022464988787,Ring of Fire - Alaska,reviewed
1991-01-26 15:17:42.967434112,66.10074458388692,34.84680948465336,162.03439739834437,3.86572285838177,Ring of Fire - Japan,reviewed
2013-07-08 23:39:39.294477824,77.250758282491,-121.42125276688023,26.132078445615868,3.3763179869059643,Ring of Fire - Japan,reviewed
2001-04-09 01:00:39.154730752,-40.54876555650936,-154.96727054759407,42.60812695179605,3.3000753651615744,Ring of Fire - California,reviewed
2020-10-02 15:59:22.992803584,-78.02848881601527,-11.523915628119369,144.64693838747493,3.582531596688305,Ring of Fire - Japan,reviewed
1997-08-02 15:52:12.696465408,-67.33838044671057,120.81158010654718,2.9431357253161283,3.269721328641264,Ring of Fire - Chile,reviewed
1970-08-21 05:11:10.731381120,-81.36471850610265,-29.793557096742603,53.337882121800746,3.502455455065518,Ring of Fire - Chile,reviewed
1973-02-25 13:42:05.545781504,41.41701638354388,103.77795353269983,49.35241655843329,7.123797430903433,Ring of Fire - Japan,reviewed
2006-05-10 07:09:33.913138816,77.28309440779356,99.341958744593,31.076147222870325,3.3042842242142894,Ring of Fire - Philippines,reviewed
2011-10-11 20:32:31.109196800,-5.495667298220582,54.90707652306483,10.914295676397893,3.0775087518447832,Ring of Fire - Indonesia,reviewed
2002-09-01 15:23:32.858782592,63.4111322503376,176.30200215147306,51.47898178549021,3.419232081985122,Ring of Fire - Japan,reviewed
2023-11-18 07:33:47.573263360,-87.73180179952126,-106.56262533195809,33.11661766695623,3.3413622620125984,Ring of Fire - Alaska,reviewed
2018-08-22 10:59:28.509420288,-12.989152314828146,-31.696452694449988,68.24107734018702,5.149625531677408,Ring of Fire - Philippines,reviewed
1982-07-10 04:56:11.204594752,69.92883699558385,-50.822706907607454,20.776014353628725,5.049799045764825,Ring of Fire - Chile,reviewed
2023-12-09 18:58:27.769050368,-30.960297293212854,-83.35774904818469,48.68329229323542,3.4903583250366905,Ring of Fire - Indonesia,reviewed
1970-09-06 14:17:28.679782296,4.559243808277131,69.56012931490568,3.43375008114557,4.278531177012108,Ring of Fire - Indonesia,reviewed
2024-04-23 22:21:33.925075968,63.759431866672884,32.092315461304054,40.01478062891035,3.412697640430638,Ring of Fire - Japan,reviewed
1972-06-01 17:59:32.276411504,19.047700836708373,-69.95089955084528,35.919905105929395,3.069123133089149,Ring of Fire - Indonesia,reviewed
2019-11-26 13:12:09.025918464,40.53462167604809,-132.40351565342053,53.09190231163886,4.330124416821004,Ring of Fire - Chile,reviewed
1999-07-21 01:41:55.749876608,-48.810023240478465,-65.74477041604557,23.693635725758437,3.010863777869179,Ring of Fire - Indonesia,reviewed
2025-08-09 02:36:55.442423552,-61.939721258074904,-42.756727793814065,5.8731779279738605,3.578873081534164,Mid-Atlantic Ridge,reviewed
1974-02-18 08:40:02.369260960,-48.54484018626192,-42.96476047641477,64.78705251528265,3.4395066849486633,Ring of Fire - Alaska,reviewed
2001-01-05 23:33:37.053522432,-1.2512436683297778,-51.386567845467425,355.02084459005584,4.300351860875619,Ring of Fire - Indonesia,reviewed
2024-04-12 03:28:27.351906048,54.173657658207304,-162.45989775967072,54.48769300472481,4.598832117443944,Ring of Fire - Alaska,reviewed
2005-03-31 02:10:05.875437312,11.666840758554798,121.03491500831052,46.37009813949462,4.836264447483549,Ring of Fire - Indonesia,reviewed
2008-12-17 03:33:01.653325312,54.866242976082816,-115.06813493093334,2.155059820252262,3.3828243600185264,Ring of Fire - Alaska,reviewed
2005-02-21 10:41:23.593287808,68.9356322855657,-10.13362011186797,63.786401722026994,4.428186485682787,Ring of Fire - Alaska,reviewed
2002-09-20 23:32:05.720337792,81.554816200029,-46.58291562599587,41.26537689227978,4.298712498037623,Ring of Fire - Japan,reviewed
2020-06-18 09:14:05.732637952,-82.98537555612211,22.06103065687833,57.27484009593242,7.808715332150389,Ring of Fire - Alaska,reviewed
1985-09-25 12:57:46.085462208,-73.62725062568096,93.9190501198097,24.10996323520318,4.194215438589147,Mid-Atlantic Ridge,reviewed
2023-03-22 18:23:09.641862656,49.81831353173604,67.34093514526722,40.3732593205147,4.034872577738813,Ring of Fire - Indonesia,reviewed
2019-11-08 13:33:50.853966848,-55.919349867784014,-30.262700018275666,87.39827655119042,5.712889280138346,Ring of Fire - Philippines,reviewed
2004-09-22 13:43:42.772929408,-10.570307423060456,14.495077186517108,140.33459396338012,4.532864308045926,Ring of Fire - California,reviewed
1985-07-14 06:39:21.788332416,60.52590168685248,138.75966995806164,65.8221307267485,3.9239468491575833,Ring of Fire - Indonesia,reviewed
1989-10-15 02:42:53.552176512,-44.81318691424602,-91.36067283484684,272.46699049308893,3.44674324733937,Ring of Fire - Indonesia,reviewed
2002-09-07 12:26:34.571260544,-48.73695070103421,-98.87599790968476,38.85578210063558,3.95245386191678,Ring of Fire - Chile,reviewed
1974-05-09 21:45:24.178593728,-84.32856444805213,-167.76416996662482,27.0001698932714,5.418053638571749,Ring of Fire - Indonesia,reviewed
2024-07-25 07:07:40.903343360,-16.125102823224793,123.35912866654076,25.143538167242706,3.9265905657864373,Ring of Fire - Japan,reviewed
2025-03-23 23:14:26.031089920,-7.368629624024919,-84.65830782001633,117.99355363766611,4.09881015984014,Ring of Fire - Japan,reviewed
2009-02-04 12:02:12.783481088,83.61249001729885,-50.76030923777998,6.181890485300446,3.8045003118485,Ring of Fire - Chile,reviewed
2000-01-08 18:41:43.944255872,59.54135295095517,111.3178107362632,42.075375930447485,3.057772986119998,Mediterranean-Himalayan Belt,reviewed
2015-07-28 13:11:20.088921600,53.72808526947614,-13.955731626852184,16.097299078072396,3.745004959383645,Ring of Fire - Japan,reviewed
2008-05-05 19:21:36.481924096,-57.90612944956395,-135.95710322832016,60.36830466051624,3.4085452035233965,Ring of Fire - Indonesia,reviewed
1979-02-09 00:06:08.100379744,-76.00228742560012,-20.93451497592315,58.14083275801159,3.220664382223991,Ring of Fire - California,reviewed
2021-01-04 04:38:56.064701184,60.67489526221257,-163.0297534936562,260.73593583201824,3.7715919360353407,Ring of Fire - California,reviewed
2016-01-23 08:30:05.429454592,85.67272473424705,6.344217364843843,517.559368285259,3.4287833995555026,Ring of Fire - Alaska,reviewed
2023-03-10 06:10:58.934759936,-74.13866198499527,106.45549886569995,62.6437449795266,3.3284062298010473,Ring of Fire - Indonesia,reviewed
2010-08-22 03:23:11.477799680,56.50647771932677,63.46680292481415,68.40314173926929,3.68595330321482,Ring of Fire - Chile,reviewed
2004-05-08 04:20:38.613814912,64.65827675577015,3.300843447864196,25.956293828139327,3.1573486419494268,Ring of Fire - Chile,reviewed
2022-03-26 02:17:45.891424256,-39.014375081049714,-97.99632901469052,39.02627852670927,5.224968971802756,Ring of Fire - California,reviewed
2018-07-01 14:30:48.840640000,42.05891502235167,119.08666259434034,44.383535581470355,4.352673251879738,Mid-Atlantic Ridge,reviewed
1972-07-13 20:34:44.516515456,55.3914503248551,-80.5091473482566,607.4939173515211,3.123517584481075,Ring of Fire - Indonesia,reviewed
1971-06-24 06:48:34.219494312,-26.284658031060268,-49.50491716772575,66.74050773304846,4.645117546700105,Ring of Fire - Chile,reviewed
1991-01-30 19:19:32.974183040,-61.212708057686235,-133.76512740222273,137.20066477787032,4.8150414504375,Ring of Fire - Japan,reviewed
2015-05-23 05:56:04.515143680,26.702005681662826,-143.3682877096012,190.54565448219967,4.606004227119099,Ring of Fire - Alaska,reviewed
2025-04-14 18:12:29.336707584,36.35434858382605,155.5601467628088,59.193841008051315,3.1330998096950404,Ring of Fire - Philippines,reviewed
2003-04-09 18:07:57.022799744,-63.9106078247972,-60.01338417769884,20.755109971675733,4.977498608986567,Ring of Fire - Chile,reviewed
1991-05-01 08:39:23.674258048,62.00761397807017,10.494611621975935,7.2503596272110515,3.9473408043072524,Ring of Fire - California,reviewed
2024-04-24 15:49:13.022579712,26.147872631972987,-54.76783226287374,13.059053853693097,4.143570786579838,Ring of Fire - Alaska,reviewed
2017-02-26 20:36:00.134897664,66.44956478955035,133.24798201636048,42.98305248807945,3.674476141636722,Mid-Atlantic Ridge,reviewed
2016-12-11 08:05:16.580276480,77.93443340821486,144.25731484083803,25.974531436247197,3.8275035740792047,Ring of Fire - California,reviewed
1993-03-25 07:16:43.505379840,82.55833461294026,-146.87002937998315,150.06197592681104,4.120652383056919,Ring of Fire - Alaska,reviewed
1985-04-23 23:52:34.365970688,81.76639423425547,-104.34303575741626,54.15755425354755,3.0934514954817662,Ring of Fire - Chile,reviewed
1973-02-27 01:09:10.051322016,21.482019970260495,-9.21854853537701,7.484792171307136,3.6280509167459725,Ring of Fire - Alaska,reviewed
2018-06-04 04:00:08.197453824,41.071338341190994,-76.14682479585798,58.46718834166017,3.3808605820961724,Ring of Fire - Chile,reviewed
2015-07-10 06:20:38.953317888,35.893536355236336,-16.749994488643807,3.1076685478528896,3.8672387377958204,Ring of Fire - Indonesia,reviewed
2025-12-25 05:24:49.396714240,21.804515103988194,93.13325989951414,47.15981534045942,3.1575162819830904,Ring of Fire - Alaska,reviewed
2025-10-23 05:07:02.957311488,-86.5160683504466,-28.570163840752116,274.4921358247351,4.294148217917227,Ring of Fire - Indonesia,reviewed
2001-02-07 05:52:19.893262592,-25.93679722458549,-109.0809157651421,56.74660414384587,4.743281737039958,Ring of Fire - Japan,reviewed
2013-01-23 02:23:25.672155136,-71.98590353193353,-51.131649389424354,15.241032397291722,3.196190252037736,Ring of Fire - California,reviewed
2022-11-27 07:02:36.091849984,-35.95336017620802,87.47323853347194,52.65084245803662,3.1211807904113678,Ring of Fire - Chile,reviewed
2017-07-30 20:06:50.243768320,-77.65833475330246,-27.337636723039964,31.180357270022114,3.172982585280833,Ring of Fire - Japan,reviewed
2023-06-05 04:56:09.069156864,15.260261591511338,-73.30420628026265,14.983671935920393,3.1241306431134177,Ring of Fire - Japan,reviewed
2003-12-12 02:09:18.583820544,-54.63883199292838,178.44663210949398,22.373268785564985,4.153409813938955,Ring of Fire - Alaska,reviewed
2007-08-13 07:03:30.080418048,-34.93456024675481,69.28379530347354,23.218317617136993,4.9374762242855725,Mid-Atlantic Ridge,reviewed
2004-08-12 13:50:44.340173696,-33.31788608431246,127.75211444525189,184.1638056672506,4.082010350261499,Ring of Fire - California,reviewed
1976-05-11 14:14:32.633578656,10.65651923704226,104.75292349984034,5.756325505742037,3.1311538125104468,Ring of Fire - Japan,reviewed
2007-08-10 16:28:39.601303296,69.71437903599178,-31.49076797325972,3.540289625530726,3.0556227944931553,Ring of Fire - Alaska,reviewed
1999-02-19 20:28:54.328968576,-15.680154624235541,0.13383716735799567,14.285114088126482,3.327474859185206,Ring of Fire - Philippines,reviewed
2013-04-01 05:28:24.917004288,-28.09301462062598,-163.0813020109742,123.94514317205221,3.1603698431537683,Ring of Fire - Chile,reviewed
2017-09-20 16:02:14.727704832,-78.93149918347628,-47.515532676006245,8.54597951558629,3.53485015669202,Ring of Fire - Indonesia,reviewed
2000-11-27 03:36:49.546473344,-62.243861182322185,45.16928115095871,22.916367608077945,6.15084222520199,Mediterranean-Himalayan Belt,reviewed
2001-05-30 20:44:38.268665216,-50.48610556926288,-12.883937474194767,18.002399521709908,4.036830586992946,Ring of Fire - Philippines,reviewed
2019-02-03 04:42:26.078785792,57.00191088356314,38.8217744723878,112.44306166942815,4.981816037357293,Ring of Fire - Alaska,reviewed
2012-04-14 19:44:05.881274624,79.96713542408295,-118.47460588389634,52.33022452378773,3.3538920239652743,Mid-Atlantic Ridge,reviewed
2004-09-26 04:35:24.331120512,-74.55546679931565,-112.51615709845035,255.40571806143313,4.121093721462182,Ring of Fire - California,reviewed
2009-06-05 13:02:38.135047424,8.541917666650832,1.1251424275169484,56.08469301705402,3.4586714473252753,Ring of Fire - California,reviewed
1981-12-04 18:08:37.997527296,3.961258562609814,86.39235953997309,474.9445166250459,9.2,Ring of Fire - Alaska,reviewed
1970-10-25 11:34:08.852608336,-42.94163225636954,116.80172572885641,117.02266442510249,3.3600268277651324,Ring of Fire - Alaska,reviewed
2003-01-13 14:04:29.214146816,-16.095081306834913,-53.807806072673145,64.42728820500258,3.0274484774107115,Ring of Fire - Philippines,reviewed
1994-07-01 16:11:23.725074944,-29.363504967744333,-137.86225412936108,39.043533136864326,4.421388937774491,Ring of Fire - Chile,reviewed
2020-08-18 18:11:12.060727040,-27.229977215948608,87.85018277489587,43.055133801295746,4.9912199103080015,Ring of Fire - California,reviewed
1998-10-13 15:02:54.682276736,77.04970556539692,67.46968935756752,57.447276838074934,7.084575884111283,Ring of Fire - Indonesia,reviewed
2013-11-19 01:19:18.012973312,-58.52246677031985,-28.115998754333617,38.92808790410491,3.074255269997275,Ring of Fire - Indonesia,reviewed
2004-11-01 12:56:33.771324160,-17.112740410723063,-12.794190540336984,36.872482491652335,4.143267694959463,Ring of Fire - Alaska,reviewed
2018-04-16 22:11:54.383756288,-41.53023296806471,-168.87498571166591,1.8443132535742324,4.146482602355965,Ring of Fire - Indonesia,reviewed
2023-03-04 13:05:15.273866752,-54.26838848904096,-6.959146951477095,129.11143341115942,3.15110395036183,Ring of Fire - Japan,reviewed
2021-11-20 11:55:14.657783040,30.466537738121943,52.950359119265954,200.86310776508543,7.449015448806034,Ring of Fire - Japan,reviewed
1984-06-17 20:56:21.743110592,27.440385067824195,123.57809642330847,45.72900960829206,3.6360940383016964,Ring of Fire - Indonesia,reviewed
1995-09-17 16:53:12.970276096,-2.9407517509013843,9.55859864312265,66.24162294458712,3.044844581644579,Ring of Fire - Indonesia,reviewed
2024-11-17 14:33:01.063917568,-83.97430837591929,-105.65259638205669,27.105249995544334,3.4948648288664517,Ring of Fire - Chile,reviewed
1997-08-02 12:25:44.524084352,74.77684302161151,-178.6411332640357,35.2503827437014,4.926040236516633,Ring of Fire - Indonesia,reviewed
1988-05-29 22:57:37.602179072,72.42646373683914,172.98086292049254,4.412355674983309,4.329880569585769,Ring of Fire - Chile,reviewed
2005-06-20 22:44:38.976575360,-21.830945882251513,157.79509138896123,16.167644375122208,3.6764685673730098,Ring of Fire - Indonesia,reviewed
1974-04-01 15:11:00.943281872,42.00651927136869,49.757683040541764,20.41037387030357,3.612354443872366,Ring of Fire - Japan,reviewed
1978-07-04 20:46:44.291161024,-17.482502652692276,123.46620294171521,23.03671162203317,4.127140038318794,Ring of Fire - Alaska,reviewed
2005-11-20 19:28:03.831756800,-55.34704499638378,142.73785229407684,64.54919278705873,3.8196218029348463,Ring of Fire - New Zealand,reviewed
1980-03-08 23:50:26.841037248,-10.879525941152252,-38.87315598006285,14.980497922171196,3.075171864449351,Ring of Fire - Japan,reviewed
1989-05-10 22:23:26.519105024,-85.59250007063568,-6.9515922330750755,56.981171486395105,6.955659019599407,Ring of Fire - Alaska,reviewed
2020-03-21 00:19:13.250581760,-60.47810496405249,-19.89588584819805,61.013179243019515,3.4910187741531926,Mid-Atlantic Ridge,reviewed
2007-05-20 13:24:08.003857152,14.054985065656354,35.34064987887126,2.004183568495698,3.4828398621953287,Ring of Fire - Japan,reviewed
1985-08-08 00:11:48.844664128,-89.18321158602258,157.20511329287524,380.43339536241837,3.4172440823283248,Mediterranean-Himalayan Belt,reviewed
1979-11-30 09:29:25.576422976,71.94582126554906,-156.7688328720831,319.6755960928088,3.147200410614983,Ring of Fire - Alaska,reviewed
1974-12-20 05:35:24.541416256,-63.25809842953573,16.39461908199368,58.56975044084231,4.172259148279615,Ring of Fire - Alaska,reviewed
1990-05-26 09:52:30.836607232,-80.44733062093592,157.2852418497531,99.69216046771567,5.4363555229988965,Ring of Fire - California,reviewed
1998-03-11 09:26:33.284635136,47.259325700047214,-175.29286090106038,51.139638930338336,3.6556979030739973,Mediterranean-Himalayan Belt,reviewed
2008-08-29 15:29:25.148233728,-35.918857790874924,-39.166692789075455,55.55138380416265,3.676387254179318,Ring of Fire - California,reviewed
2014-10-07 08:10:52.799806464,11.540252783743156,-112.15389144547233,47.27482389060614,4.222081932238604,Ring of Fire - New Zealand,reviewed
2005-02-28 10:43:11.964651136,-22.790501181478476,113.61175367985106,27.352524339636524,4.894001780201669,Ring of Fire - Japan,reviewed
1974-07-31 05:13:10.310903936,49.506736777774904,129.5010316169366,265.6794880050569,3.308638828028676,Ring of Fire - Alaska,reviewed
2018-12-02 07:17:10.941150976,69.20363765145015,74.88107987247722,280.56884760484024,3.60166985326328,Ring of Fire - Chile,reviewed
2021-07-26 14:28:37.177868032,-79.25078085842551,-104.73509432657852,40.257879685755306,5.007888853615598,Ring of Fire - California,reviewed
1985-07-03 23:29:05.644731072,-32.82119865771329,-119.90349766966969,55.94861761719776,3.3064927893006213,Ring of Fire - Indonesia,reviewed
2015-02-23 05:38:04.612486656,14.989550115022624,-113.73705460749612,18.071071736093483,3.8797542354326393,Mid-Atlantic Ridge,reviewed
2011-11-26 03:43:50.656825600,-2.8966827361862784,-166.86277326886488,227.4452195972045,3.2351841159102213,Ring of Fire - Japan,reviewed
1990-09-30 06:22:55.349080576,10.699184070521568,-62.006679400661426,42.91506169179005,4.889384066058199,Ring of Fire - Japan,reviewed
1997-02-17 22:46:00.432073216,-69.69733804317954,-75.75228141717311,62.20852503493588,4.569987969434674,Ring of Fire - Japan,reviewed
2004-08-15 03:57:22.358230016,-61.898384128194884,16.09066672113113,46.57833548467778,3.0549950775867916,Ring of Fire - Indonesia,reviewed
1995-11-26 05:20:28.239758080,-32.99306573752582,130.93847100372528,188.70865436657195,3.6339650449460916,Mid-Atlantic Ridge,reviewed
2011-11-10 00:33:15.636935936,15.19851413186477,-104.05532338671212,48.53765018188644,3.4610661212905467,Ring of Fire - New Zealand,reviewed
2009-12-12 03:20:16.520359168,-38.99876564279691,164.38651936378926,1.6159836386239124,4.554564399333943,Ring of Fire - Alaska,reviewed
2020-02-17 15:58:14.985087232,-23.960672705251994,-174.56139301115036,49.14249679374995,3.9606467665537823,Ring of Fire - Japan,reviewed
1998-08-27 08:07:45.718324608,19.50976400580595,-158.72559634398368,268.3178745095721,3.2271721216660088,Ring of Fire - California,reviewed
1976-01-01 23:44:22.381362784,56.9185478155824,148.45637881153738,29.883146112598602,3.2240102595710916,Ring of Fire - California,reviewed
1983-07-31 05:58:51.816673280,36.21515677037337,-168.62322396233384,223.54966283721072,5.0182359393286955,Mid-Atlantic Ridge,reviewed
1985-01-28 19:57:47.745304320,88.16912827398289,-52.50103617146064,23.76953918944701,3.0194184291574153,Ring of Fire - Alaska,reviewed
1991-02-16 14:13:54.161372416,78.38058023752524,-55.49295855497138,27.95094792180501,3.0552707108258255,Ring of Fire - Alaska,reviewed
1988-01-14 11:38:39.005325184,44.987151454657436,-87.18199943516575,133.63408670118883,4.88320065759816,Ring of Fire - Chile,reviewed
1981-11-03 17:54:21.925468288,12.632346357701095,-83.82394253600638,67.25989037493459,3.435184250851735,Ring of Fire - Alaska,reviewed
1976-09-15 11:52:37.813366144,-71.72985060399982,160.04431559309637,55.59138961863267,3.9979182797089554,Ring of Fire - Alaska,reviewed
2019-11-13 22:54:26.464873472,-89.59577247402206,57.6644773092103,257.3368326700222,3.3525483971542824,Ring of Fire - Indonesia,reviewed
2003-03-29 17:54:53.499538688,-81.32645259452029,60.52684463317263,44.52282485923201,3.029665653947965,Ring of Fire - Japan,reviewed
2008-01-11 16:18:48.971138048,83.99352022099637,175.0373328197216,40.70558167368506,4.461776973225018,Mid-Atlantic Ridge,reviewed
2014-03-11 22:03:51.255580928,-67.27171897386194,-124.74785985487556,16.22531943316058,4.080820243520867,Ring of Fire - Japan,reviewed
2000-01-29 10:33:44.623995008,15.872389191815074,-22.03652405164604,25.255188075510866,4.237104680278371,Ring of Fire - Japan,reviewed
2002-11-11 15:52:23.826521984,80.7229159745279,-25.623592289277752,494.1491580676777,3.2535755192090283,Ring of Fire - Indonesia,reviewed
2011-09-29 11:21:56.058517504,35.97976413926766,-98.89078450930836,11.799840107447896,3.4780679361775633,Ring of Fire - California,reviewed
1977-02-22 09:35:54.217910304,79.03044328268669,-20.817956259045644,244.01857460758657,3.153007501289107,Ring of Fire - Chile,reviewed
2006-03-03 22:41:17.112932736,-79.44467385123917,-41.81948253975966,68.04671952486177,6.618599485677883,Ring of Fire - Alaska,reviewed
2001-12-18 03:05:16.689977216,45.692995150289875,158.36268891223318,19.045891030458435,4.088774469222846,Ring of Fire - Japan,reviewed
1989-12-10 05:54:43.325739264,-81.84644294877847,172.8905966913007,30.22129766899944,3.223811612764681,Ring of Fire - Indonesia,reviewed
2025-03-30 04:42:47.539827200,77.68105962633129,122.36433570423145,55.875482711160934,3.1228243145799315,Ring of Fire - Alaska,reviewed
2003-12-03 21:53:49.658474112,-70.44013858839496,176.549072764365,36.9536879560747,4.8434350394513075,Ring of Fire - Japan,reviewed
1983-04-14 23:59:22.966911872,-80.91377765511568,-84.34100554949521,265.9920996865294,3.950998588740327,Ring of Fire - Indonesia,reviewed
1980-06-12 20:31:41.628405248,17.79804692790593,112.30419230687062,36.17604162834368,3.0636413066079227,Ring of Fire - Japan,reviewed
2020-03-20 13:02:15.062001152,66.79462605626242,115.902942064976,30.764475879890455,3.370767616589182,Mediterranean-Himalayan Belt,reviewed
1974-06-30 00:29:57.121517888,-13.275520027831277,88.97731985586654,68.04342753430001,4.12518389251869,Mid-Atlantic Ridge,reviewed
1999-05-16 19:57:17.356068224,-48.289507863363326,0.4488317968641127,82.8427908015891,3.414825316209399,Ring of Fire - Alaska,reviewed
1992-12-24 20:18:40.529048832,-40.93709950468539,62.20539874447519,9.113254444056167,6.486336705062107,Ring of Fire - California,reviewed
2025-01-04 14:09:23.180981248,-50.341756074740296,-113.19335118146533,2.255075231526101,3.0373943975113353,Ring of Fire - Alaska,reviewed
1976-04-10 12:45:35.946130272,7.4253532968979385,60.39490404466079,13.17289184175619,3.953708206366294,Ring of Fire - Japan,reviewed
2024-04-15 13:53:25.881888768,49.250154095670666,119.95771225734222,26.470837299251922,4.37011566187368,Mediterranean-Himalayan Belt,reviewed
2018-06-20 05:12:50.046587648,53.19188279017902,5.863538879619682,10.492600672971069,3.2127967674201097,Ring of Fire - Alaska,reviewed
2015-10-03 13:48:05.799653632,-9.308071494063839,159.79624257944943,31.48077874144743,3.295218623305724,Ring of Fire - Alaska,reviewed
2007-06-11 18:14:04.742683136,52.793689653807746,-17.980987536786955,32.054720590262846,3.261684261198675,Mediterranean-Himalayan Belt,reviewed
2022-01-16 12:39:01.926130688,35.163667166527034,-50.497696700893414,12.249778012540878,3.171341874728049,Ring of Fire - Alaska,reviewed
2001-03-06 11:18:53.350321408,-84.22071794239169,-119.99696981664458,22.88843362699175,4.565148438398858,Ring of Fire - Japan,reviewed
2002-01-04 04:39:50.779687296,16.14324385232709,123.14258170038204,134.1838637513854,3.7638257148534398,Ring of Fire - Japan,reviewed
2013-02-02 10:32:06.366452736,-54.685305175217856,10.479034147989069,36.08828958525995,3.1743983628340477,Ring of Fire - California,reviewed
1993-10-28 10:50:07.787463808,74.31140861205404,34.985962612024025,12.055282554492289,3.187554589561894,Ring of Fire - Alaska,reviewed
1998-06-05 03:43:18.500144896,-36.34576672262492,136.5221097048992,48.49658756943704,4.265229949919993,Ring of Fire - Alaska,reviewed
1983-07-30 00:09:00.612198976,9.932507935855838,-2.3775019106131765,126.40289039328613,3.99068818494543,Ring of Fire - Chile,reviewed
2004-03-12 00:16:53.304272640,-17.618699155071013,-138.19416682825118,13.048969301642877,3.407313620824723,Ring of Fire - Chile,reviewed
2002-07-20 01:34:05.614177920,40.26535154435925,72.58962744549254,98.26138337565511,3.57198561325858,Ring of Fire - Alaska,reviewed
1978-08-24 04:20:05.179481664,75.75587155496783,167.8303996241246,280.6781603132778,7.5548511201510165,Ring of Fire - California,reviewed
1996-12-10 18:12:14.679640704,-31.34977873384223,-150.35449631619613,148.99218515762226,3.3802291690326554,Ring of Fire - Alaska,reviewed
1999-10-29 01:14:23.767663360,-71.09494833957619,144.94062780842876,24.164282172784898,3.384228100716075,Ring of Fire - California,reviewed
1972-11-25 22:43:23.401554032,-12.537090372523068,124.42763250965373,44.8063277610319,3.481585231555402,Ring of Fire - Chile,reviewed
2025-06-08 15:45:33.097381888,-85.03142803685733,17.61772109819003,103.55452669115607,3.3396997519935923,Ring of Fire - Alaska,reviewed
2015-05-09 08:41:20.348002816,38.40860000936485,-11.087284553007976,264.85818214187935,3.1201520882035076,Ring of Fire - Indonesia,reviewed
2008-02-29 18:36:15.348616704,-28.641711544697145,179.94214457150565,64.94125958481027,5.612500090456856,Ring of Fire - Japan,reviewed
2012-07-27 22:34:12.143172864,-86.3583368930798,75.79380933869882,8.85811210993857,3.203306412541264,Mid-Atlantic Ridge,reviewed
2003-05-10 14:22:47.566753408,39.915900580678425,64.09814977415624,29.39087136092148,6.797518379903888,Mediterranean-Himalayan Belt,reviewed
1989-07-15 09:39:49.444175488,-85.34302093932642,-56.83951172490032,68.54667178239892,4.242500567484392,Ring of Fire - California,reviewed
2022-01-19 15:49:48.342787584,-50.82744374108404,-64.72089228008927,241.64119410640717,3.3948389217716524,Ring of Fire - Chile,reviewed
2016-07-06 15:48:35.782481408,-11.075555646912932,102.36167217738227,68.45271914502885,3.2294903334602196,Ring of Fire - Alaska,reviewed
2024-01-15 16:41:22.893692416,15.764619701067403,-160.88831375293242,112.60136609111572,3.3982275114148885,Ring of Fire - Alaska,reviewed
2010-12-05 10:22:45.437387776,74.85588835402885,112.98297066104465,59.41268903956645,3.1708637367897943,Ring of Fire - Japan,reviewed
2022-07-18 21:03:24.194363392,78.95453695227096,7.775265451056384,68.43426355853306,3.1216074600388226,Ring of Fire - Chile,reviewed
1980-02-24 18:14:15.557531776,-70.7125567429502,147.65331434868546,110.11442493977546,3.6047966900709705,Ring of Fire - Alaska,reviewed
1973-09-22 01:09:20.717513296,-65.08964192267905,-9.688522627013583,28.688693467671584,4.7463276984391705,Ring of Fire - Indonesia,reviewed
2011-07-03 03:22:31.289915648,-25.55011579816835,-115.88879948549602,21.69509364604165,3.167676266108591,Ring of Fire - Alaska,reviewed
2002-03-03 16:45:57.646258944,-14.177721257892983,-49.896486465597775,79.31515789084149,3.153593494085851,Ring of Fire - Chile,reviewed
2017-02-20 22:10:31.097591552,15.492004679002605,146.11230213519104,36.28205806417656,4.13434393478315,Ring of Fire - Chile,reviewed
2014-07-14 14:27:21.266236928,-65.56181299888634,-28.13257188378597,251.0077191785098,3.1129793743003256,Mediterranean-Himalayan Belt,reviewed
1979-03-02 06:07:11.950946752,19.805096425556528,-76.92145911571038,37.74613691355382,5.830843295229041,Mid-Atlantic Ridge,reviewed
1979-03-14 17:28:50.743136512,86.55920294310027,19.18668330502703,72.12573235364798,4.895306206042195,Ring of Fire - Japan,reviewed
2015-08-13 11:55:19.449908480,27.210182054855807,25.95453057977275,38.4475889964526,3.4807612941122135,Ring of Fire - Alaska,reviewed
2007-04-02 06:41:24.423306496,38.89647085332919,46.821386409688785,44.01216580796497,4.173252005292596,Ring of Fire - Alaska,reviewed
1990-02-04 03:50:14.649618944,48.395151964626535,76.03709460769,274.53565627708053,4.243536521090828,Ring of Fire - Alaska,reviewed
2019-02-14 09:11:01.932043520,-75.73208801702874,-86.0975184590975,224.79209322150203,4.262598335757936,Ring of Fire - Alaska,reviewed
2015-09-23 21:48:00.188251136,-79.99687640723376,122.33397016944485,13.480326814278824,3.340322800597073,Mediterranean-Himalayan Belt,reviewed
1995-11-29 04:33:06.304359808,-80.55286833193986,-62.80603053108533,245.8120256195404,5.437784619002205,Ring of Fire - Chile,reviewed
2011-11-12 20:30:41.997156352,88.9834424224565,-118.04611560358299,47.40335065708588,4.964733806086301,Ring of Fire - Alaska,reviewed
2020-05-16 23:58:11.756762368,-66.1829371457219,-126.90903369558775,8.34751173770266,4.294627186217186,Mid-Atlantic Ridge,reviewed
2000-06-09 06:52:48.146684928,-56.679149598319405,-128.7543705641389,41.213162449550666,7.300777635919391,Mid-Atlantic Ridge,reviewed
2020-10-05 01:46:40.992200704,-55.42250938322327,-36.56319152051478,12.124254153193846,7.664635846907973,Ring of Fire - Japan,reviewed
2004-12-15 12:57:12.709055232,-72.05579341667317,-68.9184271711727,62.87604352139811,4.276578397200366,Ring of Fire - Chile,reviewed
2022-08-18 09:16:27.056617472,-76.4037142652395,101.65044837839486,237.8279653326902,4.7624673531396535,Stable Continental Region,reviewed
2005-02-24 12:18:26.738182912,73.76604414401896,-119.40603049587115,624.1607763435934,3.124521456107615,Ring of Fire - Philippines,reviewed
1988-10-02 19:47:19.960631424,-9.377942117048221,112.318827335619,42.85163545062019,4.669042595672472,Ring of Fire - Chile,reviewed
1977-10-19 12:45:39.068720032,60.94190545881864,-177.40293984195918,7.198297124491018,5.65113985799651,Ring of Fire - Alaska,reviewed
2014-06-19 04:43:57.746959360,86.30360094699219,10.821077043311874,28.734518017893922,3.530877893524399,Ring of Fire - Japan,reviewed
2004-09-21 08:21:13.853308672,32.00025218764313,6.0440003548825985,28.19126589068763,4.09556783882566,Ring of Fire - Japan,reviewed
1999-11-15 21:06:47.306163200,72.27193628415122,44.57571507065509,69.41184428709896,3.6186062923678772,Mediterranean-Himalayan Belt,reviewed
2020-01-21 18:50:24.098602752,-65.63384630945957,-93.707809079517,3.708103423227058,3.6334190113076454,Ring of Fire - Alaska,reviewed
2014-02-28 04:17:24.965548288,59.39885625523846,-176.4515412251275,156.70844413432602,3.4087614809886158,Ring of Fire - Alaska,reviewed
1987-06-16 15:38:05.506570880,-4.932353008411042,-154.29376394702837,60.36662691669918,6.026798305594992,Mediterranean-Himalayan Belt,reviewed
2011-08-29 22:24:16.299846400,72.63784665633847,-117.48012275189757,56.048496064171175,3.211317500394217,Ring of Fire - Indonesia,reviewed
1971-11-17 20:07:59.893037384,73.97888416735356,-26.916131700482197,288.2427737268767,5.285132122853415,Ring of Fire - Japan,reviewed
2001-11-29 22:53:21.811750400,-73.42157211446789,-23.759859513461862,33.20608479822333,4.470967361088634,Ring of Fire - Alaska,reviewed
2012-09-11 13:37:11.952855296,-24.38001201220949,19.031273221753708,52.51051969089624,3.320619692555025,Ring of Fire - Alaska,reviewed
2019-02-05 11:42:05.934648576,52.771537203159,101.71164555734299,177.45005067106268,3.076620693638773,Ring of Fire - California,reviewed
2015-12-28 04:12:56.372257024,-85.25655989625096,-170.72882380062967,209.57122865015864,5.676066355317533,Ring of Fire - Chile,reviewed
1976-03-12 18:01:19.137635328,-9.01990708974904,97.59974802303219,18.93283739315562,4.103168442261378,Ring of Fire - Japan,reviewed
2017-05-26 11:43:45.653903104,59.26555712225118,-150.41760673647906,35.55259466718943,4.4044133769068985,Ring of Fire - California,reviewed
1992-03-31 17:12:24.811014912,-15.867037380181927,109.23462311468234,67.11606679811935,4.397861191252266,Ring of Fire - Alaska,reviewed
2014-08-25 01:58:14.847387648,42.32900202241598,-78.23153790682424,63.262203942625916,3.0313769376738686,Ring of Fire - Japan,reviewed
1982-11-02 21:05:27.170293888,74.27321965229157,-174.839096813106,25.982188448237913,4.084067395306963,Ring of Fire - Chile,reviewed
2010-06-12 05:33:45.908068352,15.682891392097872,109.39507185235874,17.284154657615332,3.1737308825904473,Ring of Fire - New Zealand,reviewed
2010-04-27 21:46:29.162800640,-17.86784781701374,73.17399237149493,46.707138004326765,4.90478831535044,Mid-Atlantic Ridge,reviewed
2005-11-26 09:25:15.058817920,65.32571242228218,-96.7005380203765,54.72055861915718,3.2947123954194337,Ring of Fire - Alaska,reviewed
2008-11-10 07:51:38.996835584,-81.02360838480463,-39.51856876831587,47.60767889032941,4.16199701321608,Ring of Fire - California,reviewed
2000-05-23 08:13:58.637716480,72.09191585474579,70.31394064840009,17.171734859018596,3.5714777864383276,Ring of Fire - Japan,reviewed
1984-02-07 01:06:27.517585344,35.34242660960136,-51.0612761335656,63.115737069889356,3.9970931480859617,Ring of Fire - Indonesia,reviewed
2020-11-14 12:56:38.194658816,35.08584563517503,80.48432530311834,35.630241183783276,5.643429345211035,Mid-Atlantic Ridge,reviewed
2002-09-02 02:41:49.489566336,55.70338804307903,-64.50857747893949,22.487862138973878,3.3456244395264267,Ring of Fire - Indonesia,reviewed
1992-06-12 14:44:11.938565120,36.378464361457816,-136.16198220799518,49.64904081688691,4.884306167874651,Mediterranean-Himalayan Belt,reviewed
2023-01-17 18:52:02.934951680,-40.393877746888144,-88.99132807903568,41.73139585374742,3.261289265220269,Ring of Fire - Japan,reviewed
2002-10-30 03:48:36.366297472,-9.584891515661496,68.88353381612748,64.55616088871109,4.195982012200423,Ring of Fire - New Zealand,reviewed
2004-03-29 01:45:48.442595200,-21.838195536062315,53.5091534540706,24.119333559151272,5.7222038561525075,Ring of Fire - Alaska,reviewed
2018-11-02 13:12:26.752440576,-12.254327093384958,25.357195844584595,31.85077226148701,4.743811748957336,Ring of Fire - Chile,reviewed
2022-03-13 14:45:56.013464832,-82.79256947133737,32.60739730209937,180.3961050716681,3.16047724212015,Ring of Fire - California,reviewed
2001-08-24 16:03:21.941287808,-86.87446634070977,116.69424728287902,54.58730729362005,7.1706460049984555,Ring of Fire - California,reviewed
2009-01-04 14:22:59.585152256,26.413665495218595,56.27745843672113,586.2556944267837,6.667506537787137,Ring of Fire - New Zealand,reviewed
2021-08-28 21:06:58.454141440,7.299561290728647,-84.84959081361222,44.31747759024122,3.196682755917935,Ring of Fire - California,reviewed
2009-08-09 03:38:34.449671680,7.694035804131971,-158.54243719015935,212.1498467788038,3.39143629349514,Ring of Fire - Japan,reviewed
1978-07-17 21:08:42.264273472,52.2016228851202,-179.2852041329522,57.29798059338521,3.1160860249353886,Ring of Fire - Indonesia,reviewed
2002-04-09 19:49:11.754494080,-22.370357764850468,145.5902585161184,378.45573989354864,3.348773031643387,Ring of Fire - Indonesia,reviewed
2003-12-23 03:25:41.692962816,89.18045956709724,159.15961864879426,59.708877832109565,4.8618372028489105,Stable Continental Region,reviewed
2011-03-29 11:51:17.386484224,-87.66688191159155,-4.6606974183907255,24.545449806781306,3.1018057201259728,Ring of Fire - Alaska,reviewed
2022-04-28 14:36:18.985305088,71.2336982757761,-125.4257267542076,599.7101347296418,3.460782464154814,Ring of Fire - Alaska,reviewed
2021-10-30 15:40:01.443270400,32.49893706661929,161.54967121347045,295.77045079775957,7.3820678999962475,Ring of Fire - Chile,reviewed
2025-02-23 22:58:08.461340672,61.53432538757784,-120.37673097614997,39.01415453015268,3.200384563295615,Ring of Fire - California,reviewed
2016-12-22 23:34:53.363598848,81.18673057314427,-60.20600957889758,19.454540753855134,7.709547416708227,Ring of Fire - Japan,reviewed
2021-07-25 23:29:47.774957312,-57.36753950605382,-8.846624530013173,40.54540246592905,3.3636137821529455,Mediterranean-Himalayan Belt,reviewed
2018-09-17 23:46:01.337379840,25.155717088007677,-28.878493672026565,257.05032931065045,3.0799090181229563,Ring of Fire - Chile,reviewed
2003-02-10 08:33:20.501945728,24.324972630276193,-141.88405764657165,37.654612188752004,3.1410894971322985,Ring of Fire - Japan,reviewed
1992-05-05 19:15:18.914898944,55.55012445483723,-5.584672077498652,432.89110562651354,3.956265425627109,Ring of Fire - Chile,reviewed
1973-01-25 00:57:18.618653392,-26.40034143254035,126.07488651295881,0.24532644717407903,5.905923729910524,Ring of Fire - Alaska,reviewed
1988-10-08 18:56:25.444344064,-77.18680363406874,82.8804011708038,55.11280862201767,3.7553206709880147,Ring of Fire - Indonesia,reviewed
2014-12-16 18:16:40.872731136,34.60070311432311,79.406958298561,63.68028183354432,5.036278517248433,Stable Continental Region,reviewed
1970-04-05 17:43:49.426735492,-28.92082496965576,-48.20697477168886,16.9628011172425,3.649424551469688,Ring of Fire - Indonesia,reviewed
1992-04-18 17:51:46.657344640,34.05271660978356,-12.408666696029286,13.356664401241497,4.4479229053418345,Ring of Fire - Japan,reviewed
2000-02-04 08:27:15.859238656,84.52556440358308,-125.90060729825906,64.94670431533874,3.2102282235263524,Ring of Fire - Philippines,reviewed
2021-07-05 19:21:58.103152384,44.15802793663275,-29.14209000790163,2.6448077645216594,3.493007902467458,Mediterranean-Himalayan Belt,reviewed
1989-05-24 19:33:03.407069312,-1.556992699312417,-132.21409282862493,7.481836256092197,4.115603696351025,Ring of Fire - Chile,reviewed
2011-04-20 02:42:45.583662336,-64.38979643655802,-171.69864895526013,19.62759250132454,3.4935662010265274,Ring of Fire - Indonesia,reviewed
1977-11-20 22:46:02.308343232,86.30700629219064,13.681722558522125,21.5894762180076,4.8624408346889,Ring of Fire - Japan,reviewed
1993-06-17 06:46:23.697107200,82.23003505846626,-84.25560749046694,49.39170528435444,3.9953822320854706,Ring of Fire - Alaska,reviewed
2021-03-25 08:14:13.736761344,25.1697534849245,158.78740001162964,3.917589008340492,5.394473059115358,Ring of Fire - Indonesia,reviewed
2002-07-06 18:33:52.839661440,45.60123973459844,104.05833949751604,57.56956170113941,4.019821110308362,Ring of Fire - Alaska,reviewed
2005-05-28 16:50:07.942688512,-41.177298355895545,-2.819646486183899,39.701518240710946,4.093733039055173,Ring of Fire - Philippines,reviewed
2007-02-27 07:55:00.755712256,-85.57530951607848,-126.67813630932875,61.2524171871681,3.1714344569500765,Ring of Fire - Alaska,reviewed
2023-10-26 18:30:31.956719104,81.2894912520411,-151.79209900285153,221.80059905215788,3.0184932935442275,Ring of Fire - Indonesia,reviewed
1978-04-29 14:22:13.791453824,-47.67425231288046,-68.30600592490505,34.58880187988894,5.274562258213594,Ring of Fire - Alaska,reviewed
2025-10-28 01:39:27.907645952,37.41295477115547,137.29619770975302,26.28480689251347,4.4651343050850025,Ring of Fire - Chile,reviewed
1998-02-14 09:28:08.800743808,35.99502657723457,-165.85273699635027,57.17216956308771,3.424254794490434,Ring of Fire - California,reviewed
2003-05-05 09:50:03.198928256,-56.74720649571387,53.78670701990288,59.706927957162414,3.775841259991841,Ring of Fire - California,reviewed
2011-12-30 22:35:45.692826624,64.65041156036767,-124.44774355164566,84.25333160526436,6.533792879853943,Ring of Fire - Alaska,reviewed
2020-04-15 21:42:18.598831360,37.84985124280426,-31.929532053831366,26.76552185416976,5.192910168333222,Hawaii Volcanic Region,reviewed
1981-06-27 17:18:20.169661760,31.39740634221836,11.369485525206073,56.91841908349936,3.5743973573503744,Ring of Fire - Indonesia,reviewed
1980-09-05 03:15:46.143415232,-43.64747967589133,168.21578389071897,44.074886396272014,4.580703809127289,Ring of Fire - Indonesia,reviewed
2001-08-18 16:41:48.360793344,-26.047321775005656,97.04790840284795,65.8501955747376,3.022192596668661,Ring of Fire - Alaska,reviewed
2013-06-05 20:47:32.144327680,-4.777496564441591,142.85237160612013,7.390294955362435,3.6684637781263634,Ring of Fire - Alaska,reviewed
1995-05-21 02:47:48.805561728,41.420418822306004,-89.42340710261487,57.05054438886304,3.8028273106118338,Ring of Fire - Japan,reviewed
1999-05-14 08:30:01.027324288,22.255248558777836,115.47764332835874,48.563054424435265,3.008240241890896,Ring of Fire - Chile,reviewed
2001-05-04 07:46:07.355739136,-10.619142031900807,-2.2360735636160314,66.09565721316507,3.643104311846638,Ring of Fire - Japan,reviewed
2018-04-05 02:25:52.889330176,84.24925124775581,35.15179524628158,217.82494559147835,4.845146966145476,Ring of Fire - Alaska,reviewed
2022-12-24 21:35:20.862458112,-15.332917543405358,2.7457044592481736,31.543639757571828,3.9765570957290266,Ring of Fire - Japan,reviewed
1990-11-27 07:05:26.523149568,33.33231435716911,101.98085159964029,434.0991342801325,3.260357623895116,Ring of Fire - Indonesia,reviewed
1985-02-28 12:58:45.103161088,-41.833767900986494,-83.88496685549761,57.34151500673608,3.2971440625687602,Ring of Fire - Alaska,reviewed
2006-01-23 17:20:37.639759744,-62.51444178558329,-174.4744747503908,40.19892661799611,4.087837654273281,Ring of Fire - California,reviewed
1971-06-04 05:27:04.232537288,-11.487605504755635,2.7986878428396835,16.612239294272378,3.5909388536063322,Ring of Fire - Indonesia,reviewed
1978-09-29 18:56:15.987611744,-58.13049534299658,-72.98542100204767,49.415563239813395,3.3286921096940683,Ring of Fire - Alaska,reviewed
2010-02-03 18:43:11.707607040,46.59262623369847,-41.98972257440374,23.081177500234865,5.219242767030461,Ring of Fire - Japan,reviewed
2006-11-24 23:18:47.567951360,74.73066476292422,-132.09903615020593,51.02314950535249,4.2170925595111655,Ring of Fire - Indonesia,reviewed
2007-08-17 05:20:05.408861952,-64.464014490875,-72.34052020536512,22.563331826033156,4.084212643103955,Ring of Fire - Indonesia,reviewed
1971-02-08 03:21:03.918816868,52.702164766098576,21.228613577140834,39.85346412432658,3.4887566234100893,Mediterranean-Himalayan Belt,reviewed
1975-10-31 07:59:16.281354240,80.15816737805216,-89.78510152941382,30.89014619599604,8.980118361429788,Mid-Atlantic Ridge,reviewed
2014-10-17 16:24:31.173509632,70.10287445113141,158.74605480235988,2.3491427153075795,3.719707388026684,Ring of Fire - Chile,reviewed
2006-07-21 14:47:14.832475648,-89.17760473366032,-133.57223769248372,44.909920689556984,3.917806229470668,Ring of Fire - Alaska,reviewed
1983-05-04 13:15:29.152687488,-16.60484257067867,-79.3417426112578,23.233439942824774,5.7345771884817065,Ring of Fire - Chile,reviewed
1975-07-27 20:59:43.247635008,-16.071449093674573,82.71269860883541,37.32404650583282,4.774890480780625,Ring of Fire - California,reviewed
1983-08-14 14:25:11.065022464,70.98628193275175,-175.0827461829381,141.0340761027656,3.65988316553548,Ring of Fire - New Zealand,reviewed
2010-06-12 12:36:48.145863936,-78.1828709545713,157.61447503090238,4.631810520762659,4.395164049487035,Mid-Atlantic Ridge,reviewed
2017-12-01 13:26:12.092167424,5.620065098746778,-19.736308178709777,66.75005566846112,3.970704135105122,Ring of Fire - Alaska,reviewed
2016-06-28 11:41:07.295021824,-65.4958072931189,7.58844826235881,9.794328405889587,3.7457962923099313,Ring of Fire - Indonesia,reviewed
1992-03-29 14:16:24.783132544,29.212904567875015,175.8284049022301,695.5041623577047,3.234942515222553,Ring of Fire - Japan,reviewed
2007-05-31 08:17:13.771342336,52.605987872072575,1.2251109597593768,37.8721202343968,3.685852434867586,Ring of Fire - Indonesia,reviewed
1981-06-24 13:03:03.813677568,25.552658154893635,161.18783800631013,31.209474393910238,3.310334573062896,Ring of Fire - Indonesia,reviewed
1986-06-01 18:00:45.535262784,53.02532538371264,149.4832016855355,30.71335544561408,5.709573552541021,Ring of Fire - Japan,reviewed
2020-03-11 18:09:21.272756736,19.349333591738457,158.87359031983658,19.24358362375685,3.4494381926539956,Ring of Fire - Alaska,reviewed
1980-02-28 21:34:29.616236352,-78.684770832597,172.50510226039023,47.137410538108156,3.1524054247294018,Ring of Fire - Alaska,reviewed
2002-08-25 22:46:37.618733056,-20.730604518800533,-50.128018570026484,476.4574397476306,3.5184502880130135,Ring of Fire - Alaska,reviewed
1993-08-07 09:30:43.194386304,-24.064718608059394,-140.87184868138303,19.003895224990096,3.1148534214454773,Mediterranean-Himalayan Belt,reviewed
2019-12-27 19:32:53.375196416,-5.344413168164806,100.19840206865462,42.1508014288518,4.072927020269886,Ring of Fire - Japan,reviewed
2015-10-11 04:09:21.735619072,10.854615974618255,-48.21721503046109,47.70601748096365,3.65138678903776,Ring of Fire - Alaska,reviewed
2003-01-21 07:15:32.479663360,38.28821907717227,49.57206420883966,41.51741685785152,3.5735789702271945,Ring of Fire - California,reviewed
2004-12-13 17:13:21.697392384,71.21353299918954,40.46370687306549,90.63083831189857,4.363262944328351,Mediterranean-Himalayan Belt,reviewed
1992-12-04 16:42:59.523906816,-13.678901477567777,-122.48302410685653,2.113441073603204,3.597160383626661,Ring of Fire - Chile,reviewed
2000-11-30 00:30:13.533023616,-33.54739774094709,-15.690450690448046,2.27369254251263,3.8011325108716787,Ring of Fire - Chile,reviewed
1994-06-04 02:18:05.794960256,61.078462690182874,-177.24095280825895,38.15058910067584,3.0967686349343353,Ring of Fire - Japan,reviewed
2023-02-10 17:10:18.102459904,6.487640993848629,27.128986209445998,491.8800650134183,4.20761795583526,Ring of Fire - Chile,reviewed
2012-10-05 00:42:12.206844416,-68.7810988052726,-65.47060107330442,41.93088459802286,3.3696418294280304,Ring of Fire - Alaska,reviewed
2018-08-19 18:36:44.153857024,-78.17983804208265,-2.499198513092381,15.115674281409456,3.127547611584509,Ring of Fire - Chile,reviewed
2020-02-04 06:38:26.591843072,-30.394756993458337,-74.41648268666654,11.498456460443677,3.211322436441279,Ring of Fire - Philippines,reviewed
2014-10-16 10:32:57.110533888,-23.188410563748775,94.51475878635023,45.89157658713874,4.148631261725409,Ring of Fire - Indonesia,reviewed
1993-10-23 21:24:12.116957568,-6.8446729997495765,92.06363490542242,197.17778552291526,3.309803612918426,Ring of Fire - Chile,reviewed
1985-01-17 06:11:33.921626112,-83.91813202178653,78.30322286975263,32.85120974520049,4.649761062862866,Ring of Fire - Indonesia,reviewed
2000-05-01 01:04:12.788432640,-61.66517680336795,-17.71153911686298,31.70986705809747,4.230987457947643,Hawaii Volcanic Region,reviewed
2005-06-22 12:43:14.601001984,-69.27984615023382,126.49465256260754,134.63642304214656,4.0485339544498515,Ring of Fire - Chile,reviewed
2016-10-02 19:52:30.713324032,-37.16184727890598,15.222114203281507,16.28162458746953,3.4420282037143712,Ring of Fire - Japan,reviewed
2025-02-14 23:28:02.086730496,-5.117856594349277,12.847629988710281,64.91959855379336,3.3139414463522137,Ring of Fire - Chile,reviewed
1979-08-13 08:33:15.850542336,-45.732761210509324,-57.2918361067136,350.8213000952016,3.5426261067048315,Ring of Fire - Japan,reviewed
1971-01-12 03:28:05.441549124,8.655636250916913,-64.64696305171682,198.32821052993052,4.269741577438064,Ring of Fire - Chile,reviewed
2021-03-14 03:41:01.586275072,64.21670128439942,-36.88602121483717,64.93468094331031,3.2621963164525485,Mediterranean-Himalayan Belt,reviewed
2002-04-14 11:47:43.327077632,73.66756183619788,-43.7583235315027,0.23714935878473953,3.3633187540933225,Ring of Fire - Alaska,reviewed
2001-01-12 14:27:52.023357184,21.000606020496193,133.88452515918243,32.97579954931592,3.2936973237010774,Ring of Fire - Chile,reviewed
2006-06-24 12:01:43.935802624,0.5817192936981996,151.975937085799,251.03326048325096,3.021831854757538,Ring of Fire - California,reviewed
2016-06-18 17:01:07.209701376,75.36436680297473,45.623177930681464,31.71103252661319,5.3267402666932835,Ring of Fire - Japan,reviewed
1981-07-23 22:25:21.042014976,-14.67367598568039,112.01427763122729,62.04634692370766,6.70698300654678,Ring of Fire - Chile,reviewed
1977-08-31 17:19:22.811288032,11.502729109055522,41.31891065513727,13.561725311736742,3.454581264739106,Ring of Fire - Chile,reviewed
2020-05-26 01:57:02.740547072,37.537731334889514,147.16535157000487,41.71591170114931,3.007828787126583,Ring of Fire - Alaska,reviewed
2018-12-08 16:10:12.551761152,69.64075676152012,-50.66829010067485,293.59599719299246,4.254239790363702,Mediterranean-Himalayan Belt,reviewed
2003-06-15 21:21:51.438756864,89.44315464686312,72.17007691938699,29.858699796914777,4.920034775641227,Ring of Fire - Chile,reviewed
2003-08-18 08:54:44.333237888,41.605120556589526,-159.9100321331353,68.69639730283365,3.1743902979500604,Ring of Fire - California,reviewed
2007-03-29 23:52:57.028330240,-33.38604847479911,104.02976001965214,63.26370829793746,3.191351889162187,Ring of Fire - Indonesia,reviewed
1979-10-27 20:51:01.009619840,-36.17784120742025,118.72913210264426,15.903387722755127,4.717148680828473,Stable Continental Region,reviewed
2021-03-16 11:13:14.592276736,-34.361311519446446,-35.576842869362906,8.916042522335262,4.053657187390418,Ring of Fire - Chile,reviewed
1991-06-16 07:58:32.299994368,-80.35219945280352,129.00999686124914,54.72221011706921,4.071740115695559,Ring of Fire - Japan,reviewed
2011-05-01 00:02:14.504803072,11.99417335593128,-81.2723933066039,43.703486858584384,4.832231969464324,Mediterranean-Himalayan Belt,reviewed
1974-08-21 11:32:51.798273632,-23.082998179890737,81.83048268158763,50.59334229877877,3.562562196399549,Ring of Fire - Japan,reviewed
2003-10-11 06:28:56.200745728,70.64733646037135,-62.940904742680075,61.07258662809773,6.234388433960704,Ring of Fire - Japan,reviewed
1986-03-02 15:40:19.041985152,84.76572725906266,-32.878160702249744,32.034231218162255,3.7275517506543427,Ring of Fire - Japan,reviewed
2010-04-07 15:30:05.650563328,43.519844032831,-143.74669416755125,38.499189110616705,5.621712374464175,Mediterranean-Himalayan Belt,reviewed
1986-08-22 00:43:50.848964992,68.84120790721536,112.65628496405753,42.64558639385483,3.1006236310473088,Ring of Fire - Japan,reviewed
2001-09-19 16:10:42.930546688,-56.48209875508883,178.9023931064678,112.98975190183246,6.032271395847067,Ring of Fire - California,reviewed
2007-03-02 01:35:32.222017792,55.68959970702545,-9.454852789602683,47.77353463658034,4.723599685018368,Ring of Fire - Indonesia,reviewed
2022-06-17 23:29:16.086561280,-65.23843353974287,24.53767590454069,41.87664318963276,3.246711712801073,Ring of Fire - Japan,reviewed
2011-01-09 07:07:49.806444032,-34.040753907329226,-177.78221701103715,32.76426039568251,4.7989039577320876,Ring of Fire - Japan,reviewed
1971-09-30 18:55:40.345690544,69.28519726879065,143.63572732561636,65.59787457450304,3.3754237436393972,Ring of Fire - Indonesia,reviewed
1984-09-08 02:04:33.432757440,-54.929605933390064,-172.17741501533308,6.611993588810342,6.346186029463577,Ring of Fire - Japan,reviewed
2003-04-29 03:05:38.395303808,41.61700485818912,145.72618304291348,46.044488506672494,3.05626069999643,Ring of Fire - Japan,reviewed
2003-06-04 05:26:34.560712448,33.019564909506,-116.87403209150793,96.08161528932901,3.943285737453339,Ring of Fire - Japan,reviewed
1988-09-19 06:58:01.823171456,4.12362624034931,107.77871698387065,39.11063857487867,4.139666383636874,Mid-Atlantic Ridge,reviewed
2013-03-03 11:12:54.997628672,26.975873233620007,-7.852832876743406,69.04490568540187,3.0188262302425937,Ring of Fire - Japan,reviewed
1975-12-21 06:05:51.764211008,67.76014419608708,-127.72921311718474,28.66629361950998,6.550896236593733,Ring of Fire - Japan,reviewed
2010-10-11 15:28:16.086630656,48.46503242808515,158.64781187727982,59.4595588618423,3.169828618545405,Ring of Fire - Chile,reviewed
1997-09-30 06:48:48.127568640,-61.397021722410635,26.082530729089882,33.67470335932315,3.0155250129596696,Mediterranean-Himalayan Belt,reviewed
2008-07-19 21:27:40.101392384,36.21340177954228,-144.46799794060615,69.40553817949514,3.920359726572671,Ring of Fire - Chile,reviewed
2015-11-14 02:23:34.372931072,52.85197895392392,45.39011485479659,49.727135320680866,4.902639431200753,Ring of Fire - Alaska,reviewed
2014-10-07 10:52:16.828538880,10.278605858017869,152.15664208485646,41.95654555827712,3.014707206134835,Ring of Fire - Japan,reviewed
2008-11-25 15:02:45.748515072,78.52939158050384,17.01005437727565,15.732502672415025,3.8590114480419997,Ring of Fire - Alaska,reviewed
1985-03-29 04:25:40.088446528,-69.75604152695439,-157.53765483250078,29.493787162773383,3.6769148823970736,Ring of Fire - Indonesia,reviewed
2003-01-19 23:42:28.466505088,-66.45214327226728,-34.67273400048592,1.4357643524273822,3.7601937159881937,Ring of Fire - Alaska,reviewed
1990-03-19 23:58:43.459481344,61.63693956801998,56.87664789291043,166.6309474621131,3.082448627979971,Ring of Fire - Japan,reviewed
2021-05-14 19:32:57.891487232,-5.179544782513432,179.8529028264839,60.13324307946593,3.769569726109595,Ring of Fire - Alaska,reviewed
2023-03-19 04:54:37.241009664,32.29007735280656,16.645005521118065,14.838706455948294,3.7305681631610224,Ring of Fire - Japan,reviewed
1994-12-23 03:44:44.820303488,86.91358441717117,-98.8588682554754,45.21415684838598,3.17797087791515,Ring of Fire - Alaska,reviewed
2000-05-06 12:00:06.629433856,-53.709598035357196,52.30999388277033,6.906016371296634,3.2081297398380717,Ring of Fire - Alaska,reviewed
2018-11-19 08:40:06.053967360,-10.00923713475649,31.900588889645547,22.73768768239883,5.264693532246101,Mid-Atlantic Ridge,reviewed
2011-01-02 04:41:39.989882880,86.4876315504626,-178.43801133373768,37.248390214329454,4.044594089463436,Ring of Fire - Indonesia,reviewed
2015-03-02 14:17:01.582963968,-23.325488454706658,-77.47864747281282,12.861724808969953,3.1881332254835737,Ring of Fire - Chile,reviewed
2006-11-22 02:18:31.622483712,82.26295796426999,51.68864628464917,22.984645166750273,6.60701569432455,Mediterranean-Himalayan Belt,reviewed
2008-10-07 03:10:54.400826112,53.46384258137698,112.40976446368188,50.26043470753535,3.8036266427366425,Ring of Fire - Alaska,reviewed
2017-07-21 14:22:04.350617088,-10.420860997260462,-67.54728490565606,23.144306840167943,3.0832613919603027,Ring of Fire - Japan,reviewed
1997-05-29 05:00:38.712368384,19.339033910813185,-84.50714514569538,92.36846964677245,3.3211520441303475,Ring of Fire - Indonesia,reviewed
2025-04-22 18:34:13.516788480,-76.19414100927845,71.2612795184865,41.208228203521124,4.873048596863607,Ring of Fire - Philippines,reviewed
2022-11-12 20:17:46.286330112,78.04584943491838,-133.11955241294757,504.6033459062555,7.246802025550934,Ring of Fire - Alaska,reviewed
2009-07-06 03:05:45.899235584,77.60685952868755,-59.915814595066905,195.64419410176532,3.6675794044513843,Ring of Fire - Philippines,reviewed
2021-10-24 02:29:31.439265792,23.741724831905657,-117.86582462665413,68.96451281377657,4.540323759359017,Ring of Fire - Japan,reviewed
2001-10-21 04:24:40.362589184,12.047042076539796,-17.17319379286036,68.89154716382504,3.870844333832914,Ring of Fire - Alaska,reviewed
2021-04-07 11:34:17.809094144,59.31058932725131,98.59493198231888,46.147117593561035,3.8692239648941658,Ring of Fire - Indonesia,reviewed
2009-01-20 08:04:53.126366976,82.16281027366537,104.3111767794411,22.319626625560765,3.5953832358481854,Ring of Fire - Alaska,reviewed
2021-10-06 16:12:33.180725504,82.12266037752954,-105.31474989153772,23.707572311992166,5.132910305097401,Ring of Fire - Japan,reviewed
2024-05-18 01:18:10.514931968,68.53619065378734,5.717562598681553,668.214092495851,3.1149652187362378,Ring of Fire - Indonesia,reviewed
2022-11-17 01:58:48.158722304,48.17915215484621,-13.257143991927194,96.2943162473988,3.104613489479928,Ring of Fire - Chile,reviewed
2018-04-10 08:36:00.635134464,15.650125976577613,32.21053677447816,54.01676744175221,5.2853289703036985,Ring of Fire - Alaska,reviewed
2017-04-17 13:39:08.487745536,60.845294224858634,-62.12318571111099,446.7473577144917,3.1518016123342507,Ring of Fire - Indonesia,reviewed
1987-11-14 13:29:15.006708160,7.930044335646102,144.0535926758348,61.542944244536855,4.4002496823594335,Mid-Atlantic Ridge,reviewed
2016-06-01 19:23:47.858248704,42.8741237769284,-67.60261555829868,55.19862894057796,3.1173221367678097,Ring of Fire - Indonesia,reviewed
2003-05-23 12:11:16.044872448,2.3571442203632387,-2.0261537284106055,4.063243591295267,3.4841771660839003,Ring of Fire - Chile,reviewed
1976-10-01 22:54:30.078951840,-54.389750900061166,75.0651318931819,42.29676572324996,3.2927859847753824,Ring of Fire - Chile,reviewed
1974-04-23 22:10:19.164479360,-45.946948012724846,63.89395756823896,14.586857530617776,4.12138021729559,Hawaii Volcanic Region,reviewed
2008-12-28 04:39:50.374275072,72.88977297495813,81.38781541395463,1.2295818992776864,3.29564925001121,Ring of Fire - California,reviewed
2010-08-02 15:42:52.825918208,-88.17793946277948,93.5266894804605,20.604371656076466,5.275813484941731,Ring of Fire - Chile,reviewed
1973-08-29 17:35:51.794370384,66.48976547785122,-110.60567217751195,4.09016935982026,3.1491519861610264,Ring of Fire - Chile,reviewed
2000-03-18 05:10:10.815119488,-7.5095274703809025,-49.62119623509463,12.777208570607174,3.9903921443272687,Ring of Fire - Chile,reviewed
2014-04-12 15:51:40.934994176,-77.86210930003752,126.34552036649973,214.6379346292355,3.1495409252914977,Ring of Fire - Indonesia,reviewed
1987-11-07 10:40:43.029375680,84.3881649222904,77.20351757881548,66.66109692207746,3.6135972216275194,Ring of Fire - Japan,reviewed
2005-01-18 08:33:06.243795072,85.01746604475892,23.93040342339691,5.8576691773388125,3.192915877951172,Ring of Fire - Japan,reviewed
2019-08-12 21:40:09.235897088,19.956769553991094,-172.99892250787687,79.56874367172391,4.325646417448951,Mid-Atlantic Ridge,reviewed
2004-06-27 05:59:41.673927168,-19.40311605176396,-95.11117778308804,217.05990375769036,4.5646524685412375,Ring of Fire - Japan,reviewed
1983-01-17 17:16:59.848556544,2.15869503502428,109.2650193179636,65.86044835262882,3.123004116122901,Ring of Fire - New Zealand,reviewed
2018-09-22 03:10:27.946190080,-49.825267250366934,82.90447098874102,23.43998656992868,4.853912258829679,Ring of Fire - Alaska,reviewed
2018-12-25 06:33:34.105818112,42.70836424555526,38.29232095176911,210.652266761398,3.7926106133996855,Ring of Fire - California,reviewed
1999-08-15 08:25:43.875140224,-18.829353989317084,46.15609201218061,14.172352854718199,6.301465636968915,Ring of Fire - California,reviewed
2022-08-02 18:02:21.495920640,-84.24062602331465,90.70784124713339,54.498711786297946,3.8439206919313307,Ring of Fire - Alaska,reviewed
2014-09-24 12:19:28.238486528,1.3309954299215576,-22.19673567756962,228.54822659549902,3.551308658840459,Ring of Fire - Alaska,reviewed
2025-11-18 17:54:45.740593664,42.7340092571184,47.7628916707701,37.6655680011838,5.073733226329445,Ring of Fire - Chile,reviewed
2012-12-17 07:14:59.151120384,-83.33169242447687,161.04169634339263,514.9535369757473,3.7023218105609534,Ring of Fire - Japan,reviewed
1996-11-14 21:30:19.763353216,-9.011040814987652,-104.54476207385238,15.154339708628216,5.063504440189382,Ring of Fire - Chile,reviewed
2005-02-20 08:51:42.267339904,-46.35921792763081,60.441317689909084,18.104816564612513,4.9617877333587606,Ring of Fire - Japan,reviewed
2018-12-04 07:37:56.621555200,24.79728960850278,17.44823815502886,72.67411829563433,3.56838050967606,Ring of Fire - Alaska,reviewed
2025-02-08 11:01:14.494066944,-60.547951285959215,109.37861899925281,47.56556159155888,3.4459563890918856,Ring of Fire - Japan,reviewed
2013-01-08 11:54:25.957813504,-38.9043418833265,-116.3118248664323,57.22487795679667,3.7448453721254453,Ring of Fire - Alaska,reviewed
1993-08-06 00:21:15.918300032,-7.125886795400106,151.78647866317993,249.1453083735915,3.2994764903624323,Mid-Atlantic Ridge,reviewed
2011-04-21 18:29:58.363952384,88.86071644557924,154.8094007686666,33.89491460318534,4.7376272084573605,Ring of Fire - Alaska,reviewed
1976-03-09 12:38:55.899722240,-6.613008101961057,-162.80957443736526,17.40950091765275,3.447187401981629,Ring of Fire - Alaska,reviewed
1986-01-31 21:34:41.920400640,-47.46715088561182,-91.03584440833987,2.728065477789615,3.3002103205509776,Ring of Fire - Alaska,reviewed
1983-01-30 23:30:14.304137024,44.788795223171576,-65.59177720370847,6.358672674298992,3.4003855657754967,Ring of Fire - Japan,reviewed
1971-01-01 13:48:50.725657092,36.02807813623045,-178.90703311483654,47.861148545737734,3.67917610935653,Ring of Fire - Alaska,reviewed
2025-04-23 21:15:53.620218880,83.8410750785809,52.06746726413937,43.933391178789414,3.403537091764279,Ring of Fire - Chile,reviewed
1991-07-10 15:11:23.800442112,-42.38920721324532,57.82556710405544,66.71509380354959,3.429328383252786,Ring of Fire - Chile,reviewed
2008-01-22 19:49:15.420405248,-53.89586114489975,7.414084985245097,49.21221899818921,3.864050779061717,Ring of Fire - Japan,reviewed
1982-03-22 22:43:20.798759168,66.56096945599381,39.99746631952908,143.4583468717476,3.8825522484207036,Ring of Fire - Japan,reviewed
2023-03-13 13:20:46.636854016,-57.74574068072711,111.77795215335249,211.74711175852605,3.4850173017124675,Ring of Fire - Japan,reviewed
2014-01-13 02:44:59.698287104,-34.54632072186047,102.31084032781729,68.75851929489875,3.6522393977468997,Ring of Fire - Japan,reviewed
1975-01-03 17:21:27.097284416,7.89493919871326,-167.53486421577225,230.76657488013169,6.704047004886082,Ring of Fire - Japan,reviewed
2019-03-25 14:33:42.730757632,55.47307725587805,122.02013259737686,92.92206512818719,3.3285829368710136,Ring of Fire - Japan,reviewed
2022-11-26 14:29:50.086424832,-16.68181562029733,26.902687511002625,14.220775603297767,3.3069101013113045,Ring of Fire - Japan,reviewed
1996-03-04 18:18:52.668885760,6.1640500777006935,164.67384069690922,28.480487527750988,3.6732605857086797,Ring of Fire - Japan,reviewed
2004-05-08 02:28:31.600698624,83.78317350795697,-24.62702511006873,23.53117654895692,4.5676308685342395,Ring of Fire - Alaska,reviewed
2025-07-03 08:55:33.056795904,-45.34304199024153,-9.635431540388709,50.12893483337162,4.35899516387456,Ring of Fire - Japan,reviewed
2022-10-16 16:37:53.159726592,48.80452881608491,6.183857317865886,54.65025969945656,3.5971780897206846,Mediterranean-Himalayan Belt,reviewed
2006-05-19 05:20:59.583054848,-15.33979742754451,110.86100419570198,59.10984331840608,4.645057723102257,Ring of Fire - Japan,reviewed
2004-01-13 00:58:33.512791168,-51.663794720059684,56.01023565723938,69.69260980600983,3.4549572724128983,Ring of Fire - Japan,reviewed
1982-12-01 21:21:06.543070720,30.688721150226854,84.4118122878221,12.705557313504686,3.2523257466811684,Ring of Fire - Alaska,reviewed
1979-11-20 12:40:05.255788288,67.72100423044307,33.08263678023536,59.938735746685694,4.490255613404834,Mid-Atlantic Ridge,reviewed
1980-06-10 05:19:21.414988224,-53.064866789237996,64.17247767682863,46.65769187083822,5.1056378890853615,Ring of Fire - Chile,reviewed
2013-08-27 20:11:22.951173632,59.82105241596247,23.02756511635141,13.10211804488629,3.242980729146479,Ring of Fire - Indonesia,reviewed
1989-08-10 02:41:10.383688064,-58.46872659859733,-15.29505491828641,5.926886999270259,5.282101089354695,Mediterranean-Himalayan Belt,reviewed
1973-03-29 01:21:01.188099008,65.46670268002299,50.53690181307459,139.57591088082467,3.478149811411669,Ring of Fire - Indonesia,reviewed
2024-04-08 01:20:46.544929280,48.657768125882086,80.54174503820701,41.41681744154527,4.4108557037747875,Ring of Fire - Chile,reviewed
2019-06-29 01:44:41.725560064,12.574993370831734,-98.72390058077139,67.88745496687282,3.422976247456141,Ring of Fire - Chile,reviewed
2021-12-14 07:37:07.523762176,25.599901645880323,-1.062038074279485,8.511114467346882,5.599873397227649,Ring of Fire - Alaska,reviewed
2025-09-17 20:23:33.785163520,-71.26573124254352,-15.057913224555506,175.81523496032872,3.1489445602973487,Ring of Fire - Indonesia,reviewed
2012-06-17 06:02:13.364947456,57.85304605509421,-44.14247138216723,13.867293596876117,3.0940399138126344,Ring of Fire - Indonesia,reviewed
2008-12-22 17:01:58.171084032,-6.1585968276049385,-153.83187604756483,12.68734642463085,3.2399445006348992,Mediterranean-Himalayan Belt,reviewed
1978-08-14 15:11:28.812686400,-49.78907459042276,-15.156325052466713,14.060951498416038,6.166064571604787,Ring of Fire - Chile,reviewed
2015-09-08 05:38:15.829420288,60.21880198466684,-121.86690980702497,50.529721237317865,7.125346503771261,Ring of Fire - California,reviewed
1982-07-14 17:48:00.803558272,56.78887018336954,25.837767060354565,17.86618518429958,5.824438465041641,Ring of Fire - Alaska,reviewed
2000-01-26 17:42:32.092328576,-8.46368443473331,-82.75902948794334,347.3296292012553,3.8657798666668453,Ring of Fire - Chile,reviewed
2003-03-16 09:36:42.104219392,-6.570920291889266,162.17058929435063,12.574367846049853,3.3457938226379174,Ring of Fire - Chile,reviewed
2002-06-26 12:04:37.249543424,-40.910470225516406,-74.97167462799094,23.28710905712267,4.33320074644703,Ring of Fire - Indonesia,reviewed
2019-02-19 16:58:06.819960320,-74.01865037505587,108.5644167447777,39.60725950016277,7.973449850346688,Ring of Fire - Japan,reviewed
2019-10-08 13:32:50.861200384,63.020747836142675,123.78764411262517,7.014794433536718,3.0587684185979143,Ring of Fire - Alaska,reviewed
2023-07-07 22:33:44.060527872,-72.81877496665903,151.5668450403225,62.201474623630446,3.1327027936309877,Ring of Fire - Alaska,reviewed
2018-04-12 02:18:27.872374528,42.075404894989475,-45.827069848401976,56.4149707390751,3.004318679084657,Ring of Fire - California,reviewed
2015-05-02 00:46:28.676461312,43.65207596510754,17.4079502680531,34.64664935934941,9.2,Ring of Fire - Chile,reviewed
2006-09-10 15:56:29.472856320,14.674091429687067,122.45986637762422,23.385405219249307,4.782958664721777,Ring of Fire - Alaska,reviewed
2000-11-05 16:27:33.212337920,-2.388951329460639,145.26001234898848,19.189531703435684,4.6996799135237755,Ring of Fire - Chile,reviewed
1974-11-15 03:21:53.320441376,-32.204203324643785,159.9708880686677,43.62802567711919,3.7840701154576566,Ring of Fire - Japan,reviewed
1992-11-15 02:14:44.183184000,-26.736877362120026,136.49471758071206,6.41467436230095,3.392447859378342,Mid-Atlantic Ridge,reviewed
1990-11-14 14:21:27.802326912,31.39802503478475,83.07176546708433,20.460312089647722,3.180408173276171,Ring of Fire - Chile,reviewed
2010-07-06 02:40:40.967555072,15.288297758032598,-66.61675818883327,1.9340829065890563,3.5187146722701255,Hawaii Volcanic Region,reviewed
1997-10-08 03:30:49.786510976,-39.82820535848752,-133.58293743836504,16.17982394068934,4.553044626338786,Ring of Fire - Alaska,reviewed
2008-04-05 16:35:45.006407424,69.41868185417962,-153.09343541212107,77.25296447018154,3.020012862930899,Ring of Fire - Alaska,reviewed
2017-08-31 17:38:25.126609920,-49.11127710497658,164.51238115409075,62.13122935032008,3.5813262146823854,Ring of Fire - Alaska,reviewed
2003-03-05 12:23:38.656992256,8.108711343205044,78.58806495113078,1.9964017387053767,4.780470275189888,Ring of Fire - Japan,reviewed
2016-03-07 04:47:42.380195328,30.92362138369117,118.26185401880991,65.28773316523515,3.690867291417481,Ring of Fire - Indonesia,reviewed
2007-12-20 11:08:41.420301568,58.52265251994504,-79.74096819178648,10.593888108407313,3.1262119050518877,Ring of Fire - Chile,reviewed
2001-09-05 21:58:50.269950976,75.63234280295396,-92.96656275418793,20.625423214375033,5.295627087096795,Mediterranean-Himalayan Belt,reviewed
2019-03-15 14:51:31.183664896,43.935576509361766,-148.59656717799896,93.64596919924641,3.2024712717103987,Ring of Fire - Japan,reviewed
2014-08-27 18:06:21.881649664,-83.67110194556841,60.886521560234286,1.2021093463658683,3.7897713539060014,Ring of Fire - Indonesia,reviewed
2006-11-15 07:34:08.336822272,-9.882596362941953,116.00147709232522,74.44001584510933,3.7350313526309145,Ring of Fire - Philippines,reviewed
2017-08-18 22:45:16.286215424,-6.911420981162408,58.92562070611848,432.9790872990553,4.079180765647907,Ring of Fire - Alaska,reviewed
2018-07-26 18:26:20.448744448,35.31931155450545,-28.36811163850257,206.37948277330275,6.214462058908279,Ring of Fire - Chile,reviewed
2009-09-01 03:33:03.981825280,-26.567406323829545,-75.97359095607386,232.10955803986474,3.953652182384627,Ring of Fire - Alaska,reviewed
2016-11-14 10:24:23.473916672,57.762240897279355,-32.59938077583348,5.880120016443796,3.8547013421768175,Mid-Atlantic Ridge,reviewed
2009-01-21 09:12:40.797088512,-28.284469569744772,-27.418505440590422,38.4492505689774,3.0567966097397123,Ring of Fire - California,reviewed
2008-02-01 22:03:39.295879936,-28.346780098532264,59.76749825010256,66.25946900851206,3.071470582378007,Ring of Fire - California,reviewed
2004-08-22 11:00:16.010078208,-49.90307982144354,154.10172803420335,472.6607050375844,3.2281958998367664,Ring of Fire - Philippines,reviewed
2012-02-25 07:31:20.254578432,33.09641961085525,-154.588863798742,90.580028085956,3.036310608836468,Ring of Fire - Alaska,reviewed
2019-04-30 10:47:28.714187008,-24.650084540741844,147.6724620823324,77.27145259238569,4.413424009250151,Ring of Fire - Japan,reviewed
2018-10-27 19:34:34.144887040,-41.959665693078705,-137.61637187656,18.122211937935315,3.1608723582884126,Ring of Fire - Japan,reviewed
2016-03-30 10:19:11.939614208,-79.02300290869059,-67.82558347910776,7.6299992904083265,3.184982017525962,Ring of Fire - California,reviewed
1988-10-07 04:27:44.020416640,-9.67600616423374,-131.5885694116992,64.22673090612436,3.3149507543450154,Ring of Fire - Chile,reviewed
2011-08-20 23:23:05.216546816,0.673461948124185,-107.87941682212067,20.175230806910687,3.5122746668437053,Ring of Fire - California,reviewed
2015-10-21 21:06:32.628140288,27.043831523982078,-140.6517729224667,31.333671086586747,3.738418624924657,Ring of Fire - Alaska,reviewed
2016-08-06 15:22:05.528901632,-29.55719922174457,-36.40382454983779,199.43711628435227,3.5755738379059894,Ring of Fire - Chile,reviewed
1970-05-11 14:38:44.236987918,50.87238014179934,139.8899220806657,39.83990993179878,3.06330620664279,Ring of Fire - Philippines,reviewed
1986-01-27 18:58:57.028208832,9.354009856482378,-59.02467746519237,6.322299220935113,3.168698855855168,Ring of Fire - Japan,reviewed
2004-07-19 00:09:00.996974336,81.57147321492437,-120.80249807127618,79.7683094123346,3.059699587799627,Ring of Fire - California,reviewed
2024-12-11 04:49:17.690438656,-25.325783772275116,85.32419727440214,12.147584374721847,4.081382455277661,Ring of Fire - Chile,reviewed
2005-05-19 11:34:10.681413760,59.01128927899262,98.12079312234357,34.166458218548314,3.061656323420067,Ring of Fire - Alaska,reviewed
1984-07-19 18:18:12.398854464,42.90075644539769,172.81203986179594,31.927377966204883,4.991631155595378,Ring of Fire - Alaska,reviewed
2005-07-03 07:38:50.970884736,70.2340069395411,-129.76493348037445,9.587558666650636,3.7890455366600237,Ring of Fire - Alaska,reviewed
2000-03-28 07:42:11.922773120,82.22244712615458,75.39151776096637,44.23939408920282,3.8235436112671017,Ring of Fire - Alaska,reviewed
2013-09-02 04:16:07.711075840,-88.61822674617221,-29.774686415524116,43.796702644211514,3.9070721169378575,Ring of Fire - Japan,reviewed
2012-08-13 07:17:18.805111808,31.380987820951532,-33.18088163998112,291.51637165852236,3.2422866489306523,Ring of Fire - Indonesia,reviewed
2000-04-23 12:36:28.828438528,-19.764025254610885,-19.454264797440203,36.72818884654342,3.4223172364992163,Ring of Fire - Chile,reviewed
2023-12-05 01:48:39.305780736,57.44251831369439,-134.3532246527757,14.118997384171779,3.990178786153398,Ring of Fire - Alaska,reviewed
1989-02-22 07:28:25.995870848,-87.84363066010718,-64.46275736728325,41.23831151861656,3.259458570914115,Ring of Fire - Indonesia,reviewed
2005-06-05 00:22:26.135210624,55.255932539357474,-35.69743065877768,24.585374146729876,3.1360408980799837,Ring of Fire - Japan,reviewed
2022-03-11 18:30:00.748487936,-65.6564403053426,-173.69684842397368,246.69698885865276,6.861507893410801,Mediterranean-Himalayan Belt,reviewed
2022-06-26 03:13:19.152232448,84.43407604693584,-58.925321543769755,5.436610324484748,4.7853183867019435,Ring of Fire - California,reviewed
2008-07-09 07:50:24.998081536,-80.71233956132974,109.38230488817709,112.53742755869837,4.706468299732487,Ring of Fire - Indonesia,reviewed
1986-11-08 14:35:16.923543296,-74.78482038416884,93.67600569224084,47.48752024841351,3.1603254907454783,Ring of Fire - Alaska,reviewed
2009-08-28 05:50:58.190951936,63.648793082406286,77.04415557962426,24.773407837980113,3.173128273764222,Mid-Atlantic Ridge,reviewed
1973-10-09 12:31:27.999044048,36.54290205673615,-92.95836199808187,10.170419837604713,4.314992765172502,Ring of Fire - Japan,reviewed
2002-08-08 03:10:41.259531392,54.06072980683126,-150.02219939695306,63.47196608007877,4.132425670462886,Ring of Fire - Chile,reviewed
2004-10-08 14:02:31.335205248,-25.610396459135174,-90.20518461183117,50.87183956605237,6.049516278588561,Ring of Fire - Indonesia,reviewed
2018-10-21 13:00:54.394665216,-39.97308383227544,-50.746823311250836,53.00054062152074,3.186369584825239,Ring of Fire - Alaska,reviewed
2024-07-06 18:28:38.200969728,2.6196384179006316,-35.682183482741266,26.81459732600451,3.306874584553592,Ring of Fire - Alaska,reviewed
2024-04-03 11:00:38.087272704,29.585166565695033,-62.60832727916829,21.512762669142468,5.031025857357478,Ring of Fire - Indonesia,reviewed
2011-12-24 15:05:38.224726528,-48.79126413742379,171.53320050250244,33.90400315904874,3.2583287674609864,Ring of Fire - Chile,reviewed
1977-04-14 15:41:34.315452864,-64.99784766813583,137.09544094668604,11.715727150865593,3.082815200816124,Ring of Fire - Philippines,reviewed
2012-06-17 18:10:17.443456256,-53.70932483462314,134.2711787252719,65.81639350110225,4.336463180726261,Ring of Fire - Indonesia,reviewed
1971-05-18 21:01:43.881473336,-26.2663106955984,-36.443667412522814,43.884139551972694,3.566549616331887,Ring of Fire - Alaska,reviewed
2013-02-21 03:25:47.978929408,64.2105349838015,0.31504501957033426,220.45871175814443,6.2491327390994975,Ring of Fire - Alaska,reviewed
2008-04-06 10:34:05.180118272,-50.443447669066366,-122.17777444823315,41.24902328659607,3.3290730818575156,Mid-Atlantic Ridge,reviewed
1985-04-28 11:40:08.151649984,-11.104310495297057,-4.886373826017206,0.32511381594921396,3.5660601036917274,Ring of Fire - Japan,reviewed
2025-11-02 04:29:51.509097472,23.838806648449648,168.67976727067088,37.971206425404475,3.0578411444328473,Mediterranean-Himalayan Belt,reviewed
1993-11-12 16:28:05.488235392,-76.37361549152484,-88.25003589509119,26.29541148451006,3.7548224170778317,Ring of Fire - Alaska,reviewed
2014-07-05 05:45:10.130311168,-72.86220843278477,-47.45996711155101,48.93191898294665,3.475063043691451,Ring of Fire - California,reviewed
2008-11-04 21:10:53.521719296,73.48184931021041,33.84594825297336,66.85689893159802,4.630311134354923,Mid-Atlantic Ridge,reviewed
2008-02-09 06:03:12.268866816,-14.463358069966745,-8.549132786001877,151.68063952263185,3.502233691739824,Ring of Fire - Alaska,reviewed
2006-08-26 17:13:43.595793920,-25.757975865653037,-152.34229552892333,2.2020036672218257,3.5141093674983397,Ring of Fire - Chile,reviewed
2023-04-01 00:17:54.704340480,19.337971684948926,-59.51233708689735,32.9353555294629,4.761908698054905,Ring of Fire - Indonesia,reviewed
1978-06-17 14:05:22.035386624,-86.43920830886037,56.75601924674035,12.165919999466778,4.351198476490493,Ring of Fire - Chile,reviewed
1994-03-18 13:02:54.446582656,-54.39114187115877,-114.38078970034384,12.15475188377884,3.232311731893164,Ring of Fire - Alaska,reviewed
2022-11-03 18:38:02.272234496,-3.9369649966449174,-38.19156308951298,49.12117285290494,3.5025301934349726,Ring of Fire - California,reviewed
2005-10-03 18:30:32.334354048,3.001478749835485,-148.00773627709114,13.69664069377397,4.088358642264192,Ring of Fire - New Zealand,reviewed
2025-02-06 07:04:33.633612544,-22.893584014441544,-123.48156386161448,23.704778628052786,4.668956176942217,Ring of Fire - Alaska,reviewed
2020-01-26 00:15:51.510182656,-78.67213731926662,-20.161611871996882,47.79206877389288,3.950495910155093,Ring of Fire - Japan,reviewed
2006-06-29 12:59:52.461281152,-8.080865853685921,139.6733217942646,42.05178421152754,3.5235412851133034,Ring of Fire - Alaska,reviewed
1990-08-21 11:15:48.226932224,-65.8948340346436,41.851771501756446,32.8497594684169,5.037675867464586,Ring of Fire - Japan,reviewed
2018-05-27 17:15:46.135016448,55.83403714889005,-3.728458902954884,48.046056294085034,4.136765395414008,Ring of Fire - Alaska,reviewed
2024-03-20 11:02:39.650479104,36.224263707243836,86.33108024007987,552.074227621829,5.217671321639806,Ring of Fire - Japan,reviewed
2018-08-22 22:47:30.122543616,-82.46462347221316,-141.92323334560123,79.23205927804435,5.775453061914183,Ring of Fire - Alaska,reviewed
2013-06-27 17:39:01.164916224,-35.0158585449599,-128.9019513390259,49.33570852925307,3.109619083062865,Ring of Fire - Indonesia,reviewed
2013-03-03 15:56:51.806814464,-39.34550493775965,-51.450203622995076,55.76066580106031,3.8640927105202723,Ring of Fire - Japan,reviewed
2017-04-22 08:25:57.907894272,67.22554563490937,-155.58358609037208,12.025237663443678,4.483938794446537,Ring of Fire - Alaska,reviewed
2012-08-13 05:22:06.535818240,65.6412801452557,-93.87676099442513,8.956495864383541,4.555832115296447,Mediterranean-Himalayan Belt,reviewed
2005-01-25 02:01:18.191482112,6.1009600682485114,56.30430715687672,52.848511320441425,4.026546174866484,Ring of Fire - Japan,reviewed
1977-05-08 08:26:08.151752224,-86.58018979700515,-175.52508757299123,43.5620749517985,3.200713006449139,Ring of Fire - Chile,reviewed
1971-10-28 06:11:26.805227320,-48.90156067431431,37.473431609339286,374.6735703657267,4.756285457477481,Mediterranean-Himalayan Belt,reviewed
2021-07-26 02:25:29.110734592,25.022266958417973,98.04849235265885,0.5491444868436235,4.4006997120388744,Ring of Fire - Japan,reviewed
2004-07-13 08:22:23.481925376,-71.74648774253384,-118.74464944880495,52.766243863798145,3.0990805916261426,Mid-Atlantic Ridge,reviewed
2014-08-09 13:51:11.145807360,36.112007649500484,-114.8513172471329,15.03275660775579,3.685593013740424,Mediterranean-Himalayan Belt,reviewed
2008-05-22 20:48:13.221574656,-5.540810463699074,-15.512550449537201,19.252818125851334,3.5625131111989434,Ring of Fire - Japan,reviewed
2002-08-04 01:27:57.601889152,-41.05727200773111,102.17468189973903,17.135266332059736,3.266927568526121,Ring of Fire - Chile,reviewed
1985-01-23 17:19:49.518714944,64.95551319039635,59.88316164004485,26.330311700734313,3.1412191516504615,Ring of Fire - Chile,reviewed
2014-08-30 11:25:51.052720128,26.746268339330697,-93.08644050332884,22.195163855414073,5.098162734673018,Ring of Fire - Japan,reviewed
1987-05-19 19:59:43.802636992,53.64303034510371,8.90630144646559,268.1754994364759,3.1873620453197478,Stable Continental Region,reviewed
1991-12-24 16:05:49.273663872,-57.10702473762527,-171.97186103256456,53.55780573078949,7.384320863683228,Ring of Fire - Japan,reviewed
2003-08-08 05:17:11.387107840,-52.53504371190468,81.40047026199682,100.13334751973132,3.397170643717086,Ring of Fire - Alaska,reviewed
2008-12-01 11:08:54.264149504,-10.784979983263199,58.414864712633914,33.07222301977633,3.4738728313331073,Ring of Fire - Alaska,reviewed
2018-03-02 02:00:04.871013120,75.84767811506612,-35.29075387305943,60.742317305721144,5.8999046188779145,Ring of Fire - Japan,reviewed
2013-09-02 07:00:52.632203008,69.87574276435143,179.81860046467597,531.6884758284427,3.074666445709665,Ring of Fire - Indonesia,reviewed
1972-03-21 07:46:19.331035568,58.17977603143848,-78.1403370839243,66.71113232283099,3.876921660764914,Ring of Fire - Alaska,reviewed
1996-11-27 19:24:22.371641984,-22.198473450767835,-112.632684225055,260.7727271451828,3.9830845219797832,Ring of Fire - Chile,reviewed
1975-11-17 03:17:11.545750816,-89.19121557079437,-13.074383078669513,53.41135784709672,4.1634120309353175,Ring of Fire - California,reviewed
1983-07-22 13:07:15.695294080,32.68499761935348,1.768109559050771,93.80442582652057,3.3247922922166344,Ring of Fire - Chile,reviewed
2025-04-02 05:02:25.736030464,-16.028309796263315,-52.26358318440255,48.50364060976566,3.4987924939558854,Ring of Fire - Chile,reviewed
1977-12-24 11:04:19.686545760,46.2704747107384,70.37966845631522,59.82252939133598,5.0414388269344155,Mid-Atlantic Ridge,reviewed
2004-08-13 03:20:29.818333568,-10.849787474863646,3.722313510290178,17.031134958807698,4.929070095620663,Ring of Fire - Alaska,reviewed
2009-05-03 12:23:06.075331328,44.6584617570507,0.04570506028377963,167.61979443724317,3.909737277515724,Ring of Fire - Indonesia,reviewed
2001-05-04 11:52:06.818118656,61.18871049354195,116.56311216539012,289.9945686987327,4.579900055796893,Ring of Fire - Alaska,reviewed
1974-12-03 03:12:15.005601504,-0.9783233622635237,68.25996715258475,1.2844063171542808,5.225144048030181,Ring of Fire - Chile,reviewed
1974-05-27 03:59:02.599725632,-66.91958833685938,116.05036286977662,24.273205034404803,3.6620598462757825,Mediterranean-Himalayan Belt,reviewed
1977-06-07 10:26:51.427050432,-88.16170506968821,102.36366617097462,57.95092656543217,3.5427069967165847,Ring of Fire - Japan,reviewed
2001-10-12 21:54:40.564251264,64.56722818772747,-32.88396766971309,28.99403880132504,6.333410895446507,Mid-Atlantic Ridge,reviewed
2008-08-10 15:02:53.989252352,10.826877590822235,-153.14034283929078,298.47299666259096,3.4237772543111875,Ring of Fire - Indonesia,reviewed
2014-10-31 09:35:38.994265344,-21.032999457971826,74.43679428021795,28.575527581176242,5.228266995224849,Ring of Fire - Alaska,reviewed
1979-05-19 12:30:36.427226752,-6.59680313060349,154.91513404219023,43.336516668978376,3.4741769095626305,Mediterranean-Himalayan Belt,reviewed
1975-11-09 17:25:29.714259808,-76.70096992447334,-69.63796284145681,68.82511906576221,3.0956217080975623,Mediterranean-Himalayan Belt,reviewed
2005-08-21 21:47:22.034342528,-40.56022591561437,123.59981572365359,64.02870204648502,4.418315655974028,Ring of Fire - Alaska,reviewed
2009-07-24 13:09:10.123481344,63.29275867657526,64.95762427443512,75.09065337836715,3.4105836069110707,Ring of Fire - Japan,reviewed
2022-06-05 08:22:39.857276928,11.412996885703407,-74.92252424632002,159.4228773611226,3.6430276258516945,Ring of Fire - Chile,reviewed
2000-04-24 03:12:52.926865408,-43.38482670163811,116.32644404475485,23.197589725984614,4.65513689290579,Ring of Fire - Japan,reviewed
2009-09-15 09:57:19.094076928,-5.174105463521016,51.77477490643204,23.545809831859682,3.5300403996283563,Ring of Fire - California,reviewed
2018-10-09 22:21:20.561358592,17.613949692026665,-50.42811618167954,66.3541955254148,3.6439605615791466,Ring of Fire - Indonesia,reviewed
2009-12-27 05:16:49.978952704,38.2748312576845,4.318425255348018,17.727175412817555,3.519101215182321,Ring of Fire - California,reviewed
2014-11-23 17:52:03.333485568,-60.00476620458171,178.59531397077922,53.02376273180833,3.503605234446191,Ring of Fire - Philippines,reviewed
2015-08-18 14:49:59.645920512,-27.753970133911942,41.22815500081046,15.012076052691311,4.819875610344382,Ring of Fire - Japan,reviewed
2020-02-09 16:26:29.737475840,19.422776987339844,-20.869078042018742,24.135085005817558,3.8171599646787344,Ring of Fire - California,reviewed
2000-08-30 21:45:53.522412544,-2.1428718802140168,162.02304167280676,18.274675992673046,4.221955980776751,Ring of Fire - Alaska,reviewed
2015-10-08 04:35:27.373305088,12.952242747741423,18.727642330449186,69.01820223798636,3.3453374735076835,Mid-Atlantic Ridge,reviewed
1995-05-01 06:22:51.449041280,-69.92577635708318,-62.326026134536136,222.37428083238404,3.3575763657096878,Ring of Fire - Alaska,reviewed
2006-01-15 02:16:13.427430912,-12.212018080445674,-149.03280807421237,46.95320151980737,5.980172605649043,Ring of Fire - Alaska,reviewed
2010-12-20 04:48:42.203099648,-74.51529230036337,24.70981573316533,1.5511674881165083,3.9469069635219496,Ring of Fire - New Zealand,reviewed
1974-07-28 13:52:21.141550432,-55.50313938624103,73.16932994396791,64.18851243129518,4.147662031478621,Ring of Fire - Chile,reviewed
1983-11-03 00:03:31.266102976,-54.59644752273894,159.82590071657336,62.40177112013245,4.0588646750705415,Stable Continental Region,reviewed
1978-12-08 04:00:58.379475552,-57.4084781785632,-143.116615374794,55.71812704866108,3.783582899332002,Ring of Fire - California,reviewed
2018-10-26 14:08:34.440890112,9.50947782959453,36.32579495921334,10.611153833162362,3.868017553438915,Mid-Atlantic Ridge,reviewed
2024-08-24 08:55:47.476015104,51.96471311516936,-118.05702588239083,514.8832717579554,3.0934834519798047,Ring of Fire - Alaska,reviewed
2014-03-22 16:53:08.152954880,-16.212679117450705,-152.1297604850712,241.9860137422074,3.5779741394603954,Ring of Fire - Indonesia,reviewed
2006-11-20 13:12:11.432397824,41.335445797549795,-156.2882431798288,64.52091943717461,3.6915035347915097,Ring of Fire - Indonesia,reviewed
1997-11-24 14:19:39.816426880,-42.95447492712283,93.31667295957004,46.390569635772444,3.0595647586980754,Ring of Fire - California,reviewed
2001-02-05 20:25:01.113084928,-75.95028755902733,41.56396267392776,233.00198651913868,3.042119027613886,Ring of Fire - Alaska,reviewed
2010-04-10 20:00:55.094625792,-27.969337308395595,77.44380416293268,91.29249542198272,4.389244716870262,Ring of Fire - Indonesia,reviewed
1982-10-17 14:02:08.832398144,-36.13739445233686,66.70013563310158,111.70494690399204,3.8496348405495056,Ring of Fire - Japan,reviewed
2025-10-17 00:25:19.353378048,31.597007007085594,-131.6475720794928,243.7543761448093,3.781783772277975,Ring of Fire - Alaska,reviewed
2024-08-02 10:40:08.721536512,9.245282186126573,-125.43650765145809,3.8467417708038623,3.306412198684912,Ring of Fire - Alaska,reviewed
2006-06-02 02:40:13.110577024,-65.1126628699586,-89.10585928543806,23.14205669790013,4.5020661570951255,Ring of Fire - California,reviewed
2008-02-03 16:59:52.147438080,16.801009290864755,158.1034409775475,16.44639939833749,3.231704518297176,Ring of Fire - Japan,reviewed
1974-01-16 16:10:38.684733616,-7.616839423720165,62.601250097859975,45.84494143404952,3.679256430251648,Ring of Fire - Alaska,reviewed
1971-09-19 22:27:18.225966368,78.69508688135764,-88.13810359798754,17.477674503752752,3.370990792944897,Ring of Fire - Alaska,reviewed
1995-11-28 00:39:21.673950080,52.126728865149204,66.32061509029433,182.72563962638475,4.139937848440798,Ring of Fire - Indonesia,reviewed
2018-08-15 18:39:40.589361152,-24.36020897039832,45.11464949377876,33.70047421703239,4.157862640877304,Ring of Fire - Philippines,reviewed
2010-09-20 18:56:08.211577856,35.170155166314885,63.27483061036929,65.88813449243534,4.9142348550863,Mid-Atlantic Ridge,reviewed
2011-08-04 13:50:07.708117504,77.53057697658215,-85.97532453891128,38.9946152878742,3.5948626338033147,Ring of Fire - Japan,reviewed
1993-10-29 14:45:50.641904384,3.188354487375122,6.106758201130788,9.640981106199877,3.0834828604050424,Ring of Fire - Alaska,reviewed
1989-05-16 09:48:05.981446016,-85.92501178282548,-49.78699149906396,30.019805291464692,3.3517204292855016,Ring of Fire - Chile,reviewed
2025-04-22 09:30:59.940886272,-30.49905256463223,-155.01720163727956,12.620309143094842,3.997678708000992,Ring of Fire - Alaska,reviewed
2018-07-21 09:29:04.432626944,-38.112958246755106,37.06334790133286,66.27538205971344,3.008123535166368,Ring of Fire - Indonesia,reviewed
2002-05-28 15:33:18.564292480,-29.795651840480822,-106.11944025335225,2.834147702981311,3.80326189493406,Ring of Fire - Chile,reviewed
2010-08-12 16:40:41.819876096,-69.08594869452945,-130.7618988479449,30.837565368636476,3.926399612998344,Ring of Fire - Chile,reviewed
2018-11-29 03:00:42.205035264,-42.15734720026082,130.8580318242433,43.10547864709698,6.800724111027467,Ring of Fire - California,reviewed
2020-06-09 01:19:31.407364096,-80.77984721479652,-59.9600154933791,21.37670373779246,3.855504078085127,Ring of Fire - Indonesia,reviewed
1993-08-13 10:59:41.338416512,-68.87831284733593,-123.53436609802836,1.497219267255585,3.6741539402643997,Ring of Fire - Alaska,reviewed
1985-07-02 23:00:52.143711232,81.45987961298826,-117.82475073151207,68.80614451341549,6.1908062412352205,Ring of Fire - Indonesia,reviewed
2003-03-04 08:11:25.790211200,-8.761688092103682,138.92234185244337,33.452346266202476,4.2316279567732495,Ring of Fire - Chile,reviewed
2021-02-02 13:37:12.682402816,-43.841140920277546,55.59530621285239,28.208096008637593,3.073811136383908,Ring of Fire - Alaska,reviewed
2004-11-19 12:51:10.105106048,32.82239761088405,108.01451641604626,1.8065017733861755,3.302235219437419,Stable Continental Region,reviewed
2005-05-14 07:13:42.086120704,-32.61628655206752,96.31536661014093,175.34336359266754,3.6979600493376363,Ring of Fire - Alaska,reviewed
2011-01-20 08:39:19.940521728,40.54881656898431,-0.06456255297038638,152.359619435477,3.668606520966465,Ring of Fire - Chile,reviewed
2010-01-31 18:25:55.428334336,-69.7792982320727,-31.445086160933386,229.4879436637429,3.4853790510114426,Ring of Fire - Japan,reviewed
2020-11-26 10:36:41.343064320,8.947479666437076,117.72017893164758,298.97633089010094,3.1973952446070784,Ring of Fire - Japan,reviewed
1980-01-24 01:24:25.262472320,-62.798638339056545,92.78686500736421,25.419009734274514,3.770675241722828,Mediterranean-Himalayan Belt,reviewed
1983-04-21 11:22:01.171321216,79.28727816584518,64.23790521457838,32.316142653299075,4.950466091170657,Ring of Fire - Japan,reviewed
2024-05-24 22:39:09.368667648,-89.91917493626686,-61.30217305315561,29.950866039709382,4.199748564013468,Ring of Fire - Indonesia,reviewed
1980-02-19 12:31:07.429485568,46.02529799397837,47.05618943108166,107.06764821611705,3.454350122826716,Ring of Fire - California,reviewed
2017-11-04 17:43:10.389043456,-39.69482328775604,2.4435449190285112,10.702098095359872,6.015591766986871,Ring of Fire - California,reviewed
2018-10-05 10:44:43.934784768,81.54010769392286,1.5832187389692365,29.344000508951414,3.044237045942313,Ring of Fire - Indonesia,reviewed
1998-10-30 13:25:26.969429632,51.81889590638016,45.52843286948189,35.71511538548829,4.933797187421771,Mediterranean-Himalayan Belt,reviewed
2003-03-16 14:58:13.244036480,-12.528937462034705,138.66619295402785,0.780821111828135,5.4263675608637625,Ring of Fire - California,reviewed
1979-02-27 13:17:25.380799040,-39.571958536151115,47.766501620217696,117.13068747867995,4.009391401552317,Ring of Fire - Alaska,reviewed
1991-11-25 18:58:33.813563136,61.446516344831736,-172.99543780853682,38.69892571893378,3.8306473455558994,Ring of Fire - Indonesia,reviewed
2024-04-14 09:21:55.761722112,-54.04474844406898,-136.89203910797087,471.08046832769537,3.03105955642156,Ring of Fire - Alaska,reviewed
2006-10-11 05:38:23.988167424,-9.757502814958855,-103.94591291033628,3.1660741644150447,3.6770202681792306,Ring of Fire - Alaska,reviewed
1988-03-18 02:41:49.941975936,89.72910128650858,107.9196829758011,51.673432812714935,4.089238604394088,Ring of Fire - Philippines,reviewed
2013-04-24 20:18:00.547319040,20.051823630559085,-68.48638199669826,32.764582229836186,3.896229557388893,Ring of Fire - Japan,reviewed
1977-04-30 18:12:56.102896128,-71.24587131172169,-67.54956380249017,75.4753899494189,4.492990195013936,Ring of Fire - Indonesia,reviewed
2024-04-22 17:59:45.743263488,-14.486185952640085,92.01147875198217,29.193410982463064,3.360998453477798,Ring of Fire - Chile,reviewed
1995-05-31 08:34:47.129051136,-78.06618353066476,-31.522833172311806,33.777688522667084,3.9155303364927483,Ring of Fire - Alaska,reviewed
1974-02-12 05:29:43.279360704,-28.20297692140116,30.64552047382861,31.375860747575718,3.587251360706095,Ring of Fire - Indonesia,reviewed
1999-02-08 22:28:39.632122240,60.83774578935643,25.79914078890448,5.59255814539526,4.300435505681628,Ring of Fire - Alaska,reviewed
2016-06-01 03:38:08.079101696,5.810150700916623,154.61626943781835,14.321553000424306,3.358137292069623,Ring of Fire - Indonesia,reviewed
1983-12-05 22:52:20.689086208,-32.383242351799964,-70.57202984550337,26.128321242048816,3.4397546308442064,Ring of Fire - Alaska,reviewed
2004-07-23 11:11:37.911456384,-86.10276860540367,54.887033882868025,42.09573388930465,3.638985671515553,Ring of Fire - Alaska,reviewed
2009-07-30 17:08:45.625173248,44.95425578015633,-66.4369189758759,3.0492476400694013,5.13901816408119,Ring of Fire - Indonesia,reviewed
1979-05-22 07:34:47.776364672,-50.53193274350667,-172.76728948405344,352.74079585735876,5.354898228579973,Ring of Fire - Chile,reviewed
1972-01-21 00:58:36.054199584,-28.480883931390153,69.65928221826243,23.76702433914853,3.2502963057757555,Ring of Fire - New Zealand,reviewed
2011-03-28 15:07:47.781484032,-52.841880948624436,137.98084734432462,9.280752612682543,5.273057259407684,Ring of Fire - California,reviewed
2007-03-04 19:03:21.897974528,77.40875945547515,171.66947321266377,96.24639415295907,3.067784789469787,Ring of Fire - Japan,reviewed
1996-07-30 15:00:26.067825536,-88.31592577666318,118.9920056240747,27.974693774575503,5.414083641462121,Ring of Fire - Chile,reviewed
2017-04-09 19:38:11.855067904,15.095210632386326,-168.56054552740383,60.95672973429326,3.439005712797102,Ring of Fire - Alaska,reviewed
2015-02-12 08:55:09.548034560,66.737513001987,54.667428543651425,57.93755850424783,3.4155080895132883,Ring of Fire - Alaska,reviewed
2002-10-12 06:04:03.216585088,-56.46470865923757,-1.5626713270068535,12.218211845244758,3.7893835391554926,Ring of Fire - Japan,reviewed
2018-08-15 18:03:36.029175552,16.19915244517479,157.64237755700952,69.31342524761702,6.107478570081505,Ring of Fire - Japan,reviewed
1973-03-13 14:20:21.200186976,87.9756150951469,16.881168188574236,0.8603462808969631,3.5546984074991315,Ring of Fire - Alaska,reviewed
2022-06-13 09:30:33.797564416,41.85287458788852,167.28380509195438,53.2390680863946,3.6083300923935506,Ring of Fire - Alaska,reviewed
1972-03-15 16:38:32.982117600,-0.5683245531314896,28.122021995973313,157.18994630123598,3.5357349705034515,Ring of Fire - Indonesia,reviewed
1976-11-02 12:20:15.755747552,47.98604013496234,122.3925073244148,2.628924881813268,5.717013791149164,Ring of Fire - Alaska,reviewed
2022-04-18 13:05:51.374247936,-34.164064869449184,25.39356884956581,114.09083236717592,3.773774088575049,Mid-Atlantic Ridge,reviewed
1987-09-15 08:10:46.423730880,-85.15865005616573,-122.70447141113631,11.119688436076906,7.8996376472149885,Ring of Fire - Alaska,reviewed
1972-04-30 06:57:08.884022656,54.996774854672594,-138.48581729953446,20.100658440634007,3.0660027616757146,Ring of Fire - Indonesia,reviewed
2025-04-01 13:06:06.181398272,33.571293309043426,-7.14903182180845,59.83740370945316,3.630108600242775,Ring of Fire - Indonesia,reviewed
2024-01-17 13:44:41.125036288,41.776423240091276,42.25362781363336,569.5351844667907,3.187740098210755,Ring of Fire - Indonesia,reviewed
1970-04-12 00:53:53.956447861,71.1820400822912,-6.165786916531232,62.29517391230685,6.24300171893905,Mediterranean-Himalayan Belt,reviewed
2023-04-20 09:45:17.043394048,78.5480451944627,170.29980557424898,54.198239790271586,4.601675381225169,Ring of Fire - California,reviewed
2005-10-15 22:04:55.615332992,-1.5664410234529669,-75.12810458437693,178.4801443055294,3.3436039115536635,Ring of Fire - Chile,reviewed
2018-08-08 12:47:20.643476224,-70.23826985251063,134.57398519607545,100.88830181089294,3.9829185563387597,Mid-Atlantic Ridge,reviewed
1995-06-19 19:03:44.692933248,-6.044884223011692,-143.8810460578099,49.38518624641961,4.405970144179273,Hawaii Volcanic Region,reviewed
2007-05-06 08:59:30.588616704,88.07122031566922,98.00284556752234,4.362240753442995,3.796403090078355,Ring of Fire - California,reviewed
1971-09-06 01:11:45.628732216,-18.654443505768867,-108.99853667089108,33.834801214122926,3.9084536025617598,Ring of Fire - Alaska,reviewed
1987-03-31 02:11:10.639503808,-69.57833647127222,-47.16085947716161,24.97573789584542,3.884987911837867,Ring of Fire - Japan,reviewed
2009-06-17 20:03:19.317827584,-51.33751231991921,-82.02185406157346,39.3898080339542,3.1340637143713885,Ring of Fire - Alaska,reviewed
2007-09-17 17:07:31.479847680,-25.91770911318062,10.788590776572079,157.53246651696463,3.8294338446105365,Ring of Fire - Philippines,reviewed
2024-04-24 14:39:57.228365056,67.76807111014176,45.02530489580977,32.68940177312704,3.344467675435106,Ring of Fire - Chile,reviewed
1975-04-05 13:13:55.779540192,-11.165668893230531,124.24390017003446,9.856830346509962,3.023387464317,Ring of Fire - Japan,reviewed
2007-08-31 17:32:49.118654976,12.10992685161429,147.603715581728,507.6366921358913,4.41147319486772,Mediterranean-Himalayan Belt,reviewed
2018-08-13 02:43:28.886861312,-1.287309422808633,-148.07828255174857,13.020590229919668,3.9950072042786653,Mediterranean-Himalayan Belt,reviewed
1979-12-03 05:52:17.204221952,67.25298985205256,106.94346825661938,24.379223075423404,3.852255472294037,Ring of Fire - Japan,reviewed
2008-10-14 06:41:11.116182528,49.22338743325383,-8.223218949459607,30.544583601252818,6.814588961595445,Ring of Fire - Chile,reviewed
2016-12-06 23:19:42.456529664,-75.38567115617612,16.720776493654,47.68464804750842,3.7282678255434,Ring of Fire - Chile,reviewed
2022-11-24 04:40:16.109949952,65.17300837502071,34.48589039025782,11.891801261257744,3.0722854850329626,Ring of Fire - Indonesia,reviewed
2008-04-05 11:19:34.113341952,-40.71094246441322,60.43239314711647,60.68115079594252,3.882492367436905,Ring of Fire - Philippines,reviewed
1997-11-03 17:10:14.730040960,29.828924881194112,140.43630961170277,641.9113385182317,5.023401717037333,Ring of Fire - Philippines,reviewed
2004-08-06 19:54:37.771380864,-63.65107707430836,162.7726302756688,35.65022934759483,9.2,Mid-Atlantic Ridge,reviewed
2018-08-28 17:07:39.147734528,31.435986615444378,158.46095486098324,61.607466704448335,3.6189932744242896,Ring of Fire - Alaska,reviewed
2001-12-14 16:20:51.187544192,-83.57374280571061,111.40691482189237,13.17222522370426,3.4247120950000998,Ring of Fire - Japan,reviewed
2022-02-17 16:38:53.019244288,26.269230737041966,-162.12428317859113,54.23051358265391,3.233481271106127,Mediterranean-Himalayan Belt,reviewed
2008-08-11 21:22:31.196512000,-45.990591469368454,125.6805599236767,131.84799004914072,4.0511892938213325,Ring of Fire - Chile,reviewed
2007-11-19 17:28:43.331694848,78.6556961478864,-153.98451473255116,163.63114991634455,3.572434838556851,Ring of Fire - New Zealand,reviewed
2006-11-24 04:25:42.758561536,70.507678821289,-119.02909622628067,63.24915125880973,3.469282016511136,Ring of Fire - Chile,reviewed
2006-06-20 16:02:02.062720640,38.50465350645106,-113.69387550446599,192.66517383317537,4.27451789784212,Stable Continental Region,reviewed
2006-11-02 21:50:25.299965440,-59.71568111496081,-31.770920226016756,453.7356111834111,3.343243153803785,Ring of Fire - Indonesia,reviewed
2025-12-19 00:12:51.827395072,-32.58013039382543,-162.6973761698122,51.39528376702082,4.8353242536879355,Mid-Atlantic Ridge,reviewed
2024-09-20 03:26:46.165511168,62.37184866922922,127.50713848599304,58.82530537697231,3.8496975835724587,Ring of Fire - Indonesia,reviewed
2018-10-05 12:29:15.626223872,-86.29440599929649,125.13837716325679,275.85753286918896,5.990460580300517,Ring of Fire - Alaska,reviewed
2013-10-24 03:07:38.390350080,-26.53951401521845,90.31645271206537,12.006588565103089,4.599330139567354,Mediterranean-Himalayan Belt,reviewed
2001-10-02 04:24:21.826971392,30.26590642484328,157.49440033433177,54.859209213268265,4.180077903595164,Ring of Fire - Indonesia,reviewed
2011-05-09 12:02:24.877021696,4.99129798368007,27.501210071929847,297.91101920273786,4.910350988056376,Ring of Fire - Alaska,reviewed
2019-03-13 06:41:26.185614848,79.74398085421663,29.751316771027035,3.3577291005633114,4.147036897547823,Ring of Fire - Japan,reviewed
2007-05-21 06:54:01.290124544,30.384692604831997,-161.97035248707442,245.81181658939207,5.844298183813806,Ring of Fire - Alaska,reviewed
2015-03-28 20:57:11.565322240,-50.83493150376793,89.94794234333858,34.41293413882315,3.800812904060972,Ring of Fire - New Zealand,reviewed
2012-09-08 00:25:43.241040896,40.6568495006907,-88.34789541226945,251.50310879736978,3.1369533318156657,Ring of Fire - Japan,reviewed
2014-09-04 16:22:53.193128192,-75.37884692016448,-9.275107669214322,202.80183144061093,3.8262681820137896,Ring of Fire - Indonesia,reviewed
1994-05-23 23:39:10.471874560,-8.81306469336323,-93.44165915718028,29.771570521080733,3.14924146757294,Ring of Fire - Indonesia,reviewed
2015-10-19 03:55:02.504154624,31.722292114326848,117.75270673015149,5.203161064750611,3.9874681788489745,Mediterranean-Himalayan Belt,reviewed
2000-06-28 10:27:08.979257344,-76.70764481845269,-160.1916827037884,56.47003376313093,4.071822905559983,Ring of Fire - Japan,reviewed
1988-03-05 18:05:43.781299712,74.48814518314728,-111.75763542648835,49.19955763772228,3.2383863615981427,Ring of Fire - Japan,reviewed
1992-03-08 22:04:53.312226304,86.13042899359104,-25.67577608087683,15.610884898831463,6.306440019620942,Ring of Fire - Chile,reviewed
2008-12-11 09:22:43.256157696,-56.75435020595312,-15.745801134878121,5.135253166184369,3.532261226223472,Ring of Fire - Japan,reviewed
1995-02-16 03:08:09.326280704,-83.84137448261814,-30.695529049273603,64.49783116001375,4.379620343752976,Ring of Fire - Alaska,reviewed
1982-09-23 08:17:47.306103680,23.987234001328943,-101.79423765476591,45.59239280583675,3.5819191637704098,Ring of Fire - Japan,reviewed
2003-10-17 08:01:04.549093504,13.513790608649487,-44.011730930787024,64.06234360306185,6.720228714965434,Ring of Fire - Alaska,reviewed
2007-06-02 22:57:10.268272640,-66.64846450940135,-55.333957669777305,3.9788399498671922,3.153990658265601,Ring of Fire - Chile,reviewed
2004-09-09 10:27:54.455153408,-58.164394511698575,-69.99961170203508,20.155642371999054,3.5114507740035448,Ring of Fire - Chile,reviewed
2018-05-06 18:18:54.837435648,-21.690570039549513,126.61981200077105,57.61198161570351,4.667898723802503,Mediterranean-Himalayan Belt,reviewed
1999-01-25 18:42:50.520188288,53.431031643243756,-93.02033607285962,2.950529187405394,3.247075038950338,Ring of Fire - Chile,reviewed
1992-05-02 02:56:09.975923968,49.784842988076434,-149.93615609771035,62.25133066797529,4.813144527676602,Mid-Atlantic Ridge,reviewed
2002-06-28 06:22:16.418492544,84.41153795759269,-19.678149658955277,45.24812156660598,4.623712665033894,Ring of Fire - Japan,reviewed
1999-11-18 18:32:57.540898560,-28.376729705640898,63.696118950878116,16.26348821468127,5.713412392702215,Ring of Fire - Chile,reviewed
2004-01-16 11:35:19.354933504,-67.85096523007358,90.56547610343188,8.123742156919823,5.120453815405279,Ring of Fire - Alaska,reviewed
2012-10-31 03:46:34.894947328,1.0612449261370642,-36.458163101302745,60.18101484515627,4.264348234356642,Mid-Atlantic Ridge,reviewed
2015-07-11 23:56:07.926166528,-67.63689470457467,-7.903945963062625,3.7588031557561994,3.0591271490464393,Ring of Fire - California,reviewed
2010-03-19 18:30:38.424426240,-1.358693124828335,91.96937761492819,253.96077443147738,4.679876611265359,Ring of Fire - Chile,reviewed
2023-07-05 07:49:39.650846464,-41.41061528843153,-53.02518108899578,228.14832865176876,5.0543942739876915,Ring of Fire - Alaska,reviewed
1971-01-08 21:51:51.564639552,-1.6115017629443997,102.51583605647016,47.53260157957079,4.765345053879355,Ring of Fire - Chile,reviewed
1970-06-04 16:24:12.838574084,-37.973868439770506,136.97302440289695,177.7063705647596,3.2916545553937984,Ring of Fire - Japan,reviewed
2006-04-04 19:12:28.391393792,88.81812888652101,-16.705678792670227,204.8637525042791,5.053107437425585,Mid-Atlantic Ridge,reviewed
2020-04-15 10:03:05.847040768,-48.72069550726461,28.626658160012937,104.290642216697,4.428768037809854,Ring of Fire - California,reviewed
2021-11-29 15:18:03.863709440,8.06193413985406,-54.25184072297493,568.7951485609304,3.1861624930331107,Hawaii Volcanic Region,reviewed
2022-04-30 00:28:52.860275200,44.91063345271368,-22.70988169900886,238.78871631861585,3.2618011736489922,Ring of Fire - Chile,reviewed
1989-09-09 17:43:54.230497792,40.23664835327372,124.86296091615628,26.063647286976675,4.730097169752583,Ring of Fire - Chile,reviewed
1975-09-06 08:38:41.649085728,-39.12607059261644,-88.29579782661644,596.4428166518724,3.227601164371058,Mediterranean-Himalayan Belt,reviewed
1985-12-14 12:07:52.074670720,-27.094805794948947,-17.319917702474754,36.349605767669,3.0276433851262157,Ring of Fire - California,reviewed
2014-12-20 06:55:42.675294464,75.55994243529832,-4.4595528936927735,52.82777646076989,3.5001789652789888,Mediterranean-Himalayan Belt,reviewed
2000-03-11 11:10:27.134887936,-53.88397429210214,-119.31485564825465,41.486105351981266,5.027002344230718,Ring of Fire - Chile,reviewed
1987-06-08 04:13:58.440380992,40.61204603724522,46.70969856518278,41.136833603128224,3.889711384681569,Ring of Fire - Indonesia,reviewed
2004-03-06 03:45:53.573029632,14.223034242608662,-19.783592047827142,262.0568910913748,5.550935087938827,Ring of Fire - Alaska,reviewed
2010-02-07 10:18:49.526234880,-81.02832298420927,-118.39508931421732,40.535076938019614,5.8669316685450035,Ring of Fire - Japan,reviewed
1985-04-07 23:29:18.557056256,-23.092989966253853,-31.70197900365011,86.83027271664048,3.010053804747148,Ring of Fire - Japan,reviewed
2008-02-21 21:40:59.561396480,78.08735322980681,115.9262460184691,40.48303718930129,5.4108586608903355,Ring of Fire - Alaska,reviewed
1980-02-28 23:00:16.596172032,-8.661769793339474,-174.90124602305556,8.508964066278836,3.6776865123572473,Ring of Fire - Chile,reviewed
1999-05-30 04:00:01.682701824,-45.26466765894628,-34.76952844477387,14.883623273351912,4.027264989328252,Ring of Fire - Indonesia,reviewed
2009-09-15 02:57:23.703170304,-33.04294429549542,42.14896401166959,33.05966750301607,3.22975778169251,Ring of Fire - Alaska,reviewed
2001-10-08 05:41:01.945244928,25.251366163421395,-102.29691509134032,16.902495973945125,6.7633642697518255,Mediterranean-Himalayan Belt,reviewed
2023-12-03 17:50:27.965836544,-37.37847144223804,-172.13596035035607,61.91299195028693,3.7511374846680097,Mediterranean-Himalayan Belt,reviewed
2015-02-18 23:10:29.615633152,-18.59055902085869,47.11262007041387,81.97205162448064,3.900922363174263,Ring of Fire - Indonesia,reviewed
2000-10-23 18:48:11.524782720,-56.05326027089928,-98.09198934730817,298.36780290683083,3.7686025788075526,Ring of Fire - Alaska,reviewed
2005-06-15 20:16:55.346120192,-30.717087465987248,179.685680096699,589.4985541631142,3.641866483657944,Ring of Fire - Alaska,reviewed
2023-04-12 01:15:41.024398080,-31.277479654450566,139.29094358903507,35.37324233351162,3.4472850316592867,Ring of Fire - Japan,reviewed
2003-09-09 18:23:50.563931520,-41.51430542031483,-158.88210062382365,2.99482877730875,3.811569870887732,Ring of Fire - Alaska,reviewed
2015-11-15 20:52:25.696370432,-8.490995153743441,-133.9623128101229,99.47105925762052,3.9691601864409964,Mid-Atlantic Ridge,reviewed
2019-07-07 16:11:42.276334592,48.95569426215792,-2.0148043142422125,6.920643691921027,3.0093850589089572,Mid-Atlantic Ridge,reviewed
2004-03-19 09:27:35.853350400,21.814843970139663,-88.36038261154121,11.703709818308786,3.501773953843336,Ring of Fire - California,reviewed
1993-01-06 18:22:01.311444352,-39.52304368950992,-157.97588483743107,541.1378987145404,3.0598273920306442,Mediterranean-Himalayan Belt,reviewed
2017-01-11 16:23:50.858853888,42.27393704550798,10.768479161633621,50.3152324374018,4.546843934374796,Ring of Fire - Indonesia,reviewed
2020-05-26 04:09:02.263062784,-82.91485048641684,-3.5099626785712132,246.64746447843896,6.415492123560764,Mediterranean-Himalayan Belt,reviewed
1983-04-07 17:07:30.089719040,50.44096153198345,-6.294097568185464,34.19928124093891,3.4299451375731738,Ring of Fire - Alaska,reviewed
2013-09-16 02:07:14.587625728,30.60020037176602,7.129853013956733,38.22172153245252,3.2234228130179328,Ring of Fire - Alaska,reviewed
2016-01-24 22:20:08.726806784,89.52144039509358,169.23590078634163,57.353362660920276,3.1850540676556927,Ring of Fire - Japan,reviewed
1993-09-23 17:14:38.562271872,46.153654632179155,173.76927373872013,155.42980864874843,3.4843935279447273,Ring of Fire - Alaska,reviewed
2007-05-20 09:33:14.994009600,42.265229581420726,9.69455184149598,59.81956182588683,4.313471967140579,Ring of Fire - Japan,reviewed
1975-05-08 23:36:38.061544448,-78.47858654472392,124.26721113952169,174.63506651341226,3.903368603022977,Ring of Fire - Chile,reviewed
2004-12-07 19:04:27.921499520,-18.233077216878257,-149.34032280348868,67.90401520266487,3.537365396537683,Ring of Fire - Alaska,reviewed
1995-04-20 00:06:14.389564032,-74.48886006354334,11.215664074827146,17.52611354948844,3.5996733776131578,Ring of Fire - Alaska,reviewed
2002-11-06 21:40:10.329136768,-25.01333877437267,64.40402132062621,26.700875747392622,3.90836851306222,Mediterranean-Himalayan Belt,reviewed
2011-04-07 06:41:20.141666048,68.19699390419075,-96.94044199649339,4.489467656616828,3.089939532154001,Ring of Fire - Alaska,reviewed
2018-04-25 18:55:37.372078848,-39.071208060990564,-157.44312493034005,38.98234467911661,5.343883055175517,Ring of Fire - Indonesia,reviewed
1975-05-12 15:35:43.070254176,-60.36265397793498,53.15129920323315,178.83945688116415,4.349603831871433,Ring of Fire - Indonesia,reviewed
1971-04-29 11:31:12.035054064,-26.286505750399662,177.01670651600227,39.86583085410948,5.778826390446278,Ring of Fire - Japan,reviewed
2005-12-13 05:50:03.716112768,80.50274554253988,-94.84795750177936,67.86685663268048,3.347212390609135,Mid-Atlantic Ridge,reviewed
2003-12-30 21:27:49.258699136,44.57536480489168,150.40436749609813,1.8739409992189493,3.5090974051079202,Ring of Fire - Chile,reviewed
2000-08-12 14:27:08.545611520,8.24503755369092,-155.42589617090496,24.040141161364517,3.9256113377215995,Ring of Fire - Japan,reviewed
2003-04-16 19:47:15.379825664,-61.795199906547396,-172.45967301653474,8.893938575037204,4.479934766553164,Ring of Fire - Chile,reviewed
1997-10-26 08:56:29.550905472,-26.375905242529043,-72.65326532808074,66.61062166079087,3.099663314144246,Mediterranean-Himalayan Belt,reviewed
2025-04-25 04:15:13.964119808,-62.88609126830538,-161.65560467572794,37.26314218109719,4.216713012658909,Ring of Fire - Indonesia,reviewed
1977-08-22 14:27:15.181303328,53.15526594200057,178.3821137506414,114.85695331150549,3.580962423209923,Mediterranean-Himalayan Belt,reviewed
2008-12-04 18:59:51.124021760,-75.46336381038813,-25.976158349840546,9.254806597420979,3.699821967290804,Ring of Fire - Chile,reviewed
1993-12-23 23:12:04.959958912,34.410011360535705,-95.69139306394075,0.7719658988230238,3.233236492437689,Ring of Fire - Chile,reviewed
2010-03-09 00:39:01.526977024,72.4530082357042,156.14504592031864,66.95947499928182,4.719406143573094,Ring of Fire - Alaska,reviewed
2008-10-10 09:31:06.502425600,83.6264897581683,-81.2973281257902,50.2766596486899,3.6655669996043496,Ring of Fire - Alaska,reviewed
2025-07-05 03:48:43.706089984,60.48412501333982,-86.32274137117254,364.2061661122765,3.394957638622482,Ring of Fire - California,reviewed
2010-07-24 21:38:37.829829888,66.73542353973951,-173.32821855730404,12.404656587486766,4.520528267650401,Ring of Fire - Japan,reviewed
2002-05-22 17:56:33.809172224,70.07993365393995,35.22150004611041,30.35878531748717,3.3496763188008214,Ring of Fire - Alaska,reviewed
1974-10-18 23:14:10.665236576,-49.669800651724195,-15.161435214439678,56.801712128958336,5.7887521979455325,Ring of Fire - Indonesia,reviewed
2020-01-27 21:15:46.901250304,63.410885867294354,-92.68305907089233,45.25745691465128,3.958419757248711,Ring of Fire - Indonesia,reviewed
1982-09-10 19:16:53.306277824,84.23160169214378,-176.54489284629733,22.97906054907059,3.5013259996086843,Ring of Fire - Japan,reviewed
1999-01-25 07:55:03.657808128,-39.14893777059993,-125.18140845508198,113.02307228606747,3.136559080127461,Ring of Fire - California,reviewed
2014-10-26 16:35:58.948001792,33.52274819294618,-119.18414574622344,0.33598773721595143,3.846696457138817,Ring of Fire - Alaska,reviewed
1983-02-02 02:43:01.457537088,3.3184226634838865,-124.28572433148014,28.939160262173612,6.0336039594504385,Ring of Fire - Alaska,reviewed
2000-03-28 20:43:42.764683136,-52.83509408348993,98.02083446055246,349.63875044387294,3.4055461291459554,Mid-Atlantic Ridge,reviewed
2019-04-14 06:10:54.730085376,-49.01970590110258,-84.05087281159044,152.9855700365228,5.240367329393772,Mid-Atlantic Ridge,reviewed
2006-06-13 09:28:33.236163456,-88.37558014190704,-44.72311717709013,57.83804105324484,4.588761442266987,Ring of Fire - Indonesia,reviewed
1988-08-24 21:18:54.240133504,-19.049408904919844,11.42532767982874,29.11415730529012,3.1181566559603064,Ring of Fire - Alaska,reviewed
2007-06-29 00:24:02.419365632,80.29617314293651,150.41507895527872,11.732997930264057,4.434147876429839,Ring of Fire - Indonesia,reviewed
2025-09-02 03:10:35.476884992,31.881589047792275,19.37765497625591,7.55340020560833,3.245003889960307,Mediterranean-Himalayan Belt,reviewed
2007-01-23 14:19:36.479079168,45.263256413006445,-162.4155240155654,42.51494684344207,3.5104603144205013,Ring of Fire - Japan,reviewed
2001-03-27 08:15:41.944531968,32.39198997727327,32.29101888375982,66.84355362545024,3.766206430020377,Ring of Fire - Japan,reviewed
2010-11-30 23:52:38.143773184,46.232789751772316,-147.54477617481677,5.659276115027778,4.421956869107969,Ring of Fire - Japan,reviewed
2001-06-27 15:45:45.373036800,62.88772956992236,-176.01511389529753,574.493312038579,3.730102955440548,Hawaii Volcanic Region,reviewed
2023-08-17 07:26:19.160610048,-86.48233488538949,-152.27520888073622,58.24285174531432,3.8561612102272886,Ring of Fire - California,reviewed
2008-08-21 16:04:50.760918528,-45.78483426100396,179.78251676376578,33.45141139571403,3.2071889014509285,Ring of Fire - Indonesia,reviewed
2000-01-03 06:48:25.677613312,-57.1133040136677,-123.38113725502876,54.3306304873936,4.298562769673987,Stable Continental Region,reviewed
1975-06-01 07:45:43.887544384,22.379470187591906,17.791967825369625,6.38753984975717,3.892803779844816,Ring of Fire - Japan,reviewed
1995-03-22 10:28:56.002540288,-37.07656718512617,6.931807765345212,36.235366231232355,4.322640303679297,Mediterranean-Himalayan Belt,reviewed
2012-05-05 19:24:20.093282048,-61.54202813155352,-18.13694816561849,58.86222836980395,3.584164349806083,Ring of Fire - California,reviewed
1989-06-18 21:07:45.286455424,73.04871279362405,160.79535073546157,22.65043228276583,3.1638574864770006,Ring of Fire - Japan,reviewed
2007-03-27 10:32:52.880962816,35.10621567851932,-79.14622645781326,614.6452244871607,4.205502825393147,Ring of Fire - Chile,reviewed
2014-07-18 08:06:47.349993472,-45.70942561647755,-74.40327746569216,257.90617758608596,3.8181259153583142,Ring of Fire - Japan,reviewed
2021-12-02 13:37:50.172664320,-25.02834600398907,-129.5074903006497,28.041676187369063,4.121907697495532,Ring of Fire - Alaska,reviewed
1992-05-12 05:00:08.010528128,52.363813242686206,-64.30699041100623,67.12332233916436,5.611094377869321,Mediterranean-Himalayan Belt,reviewed
1978-07-15 08:45:11.863903200,-58.241490224358756,108.98650549643492,65.64718756627934,3.973724018121606,Ring of Fire - California,reviewed
2025-07-30 06:21:42.017349376,78.5836951332717,169.83283585425124,21.938389303218944,3.0981983024234303,Ring of Fire - Japan,reviewed
2021-11-28 22:49:08.856964864,51.348949018202205,-164.2733128833869,48.90598860568681,3.657228752077346,Ring of Fire - Japan,reviewed
2000-03-27 17:50:11.238283776,64.22659868409369,177.5238804209249,67.59380059863147,4.55325209618724,Ring of Fire - Indonesia,reviewed
2017-02-25 02:34:02.197713664,-64.10541474660612,-88.52247851144962,21.885942004865363,4.738585789513365,Ring of Fire - Japan,reviewed
2004-12-02 04:45:13.828646400,-35.03360803943386,99.98760761736918,295.9628921208272,5.476533099368182,Ring of Fire - Indonesia,reviewed
2012-04-17 13:06:06.660392704,-73.60788116596123,100.23729150055442,5.866590344101499,3.5815127981987165,Ring of Fire - Alaska,reviewed
1977-02-25 02:58:23.300381952,-64.2227120064113,-12.120474341210866,136.7945120927167,5.517516892580306,Ring of Fire - Chile,reviewed
2016-04-04 13:28:11.270348800,38.23735188329047,149.78414828623085,18.01878611376938,5.492419444946556,Ring of Fire - Japan,reviewed
2013-10-16 19:41:29.223375616,-84.55854750458415,104.37868994583971,42.69870449701301,4.273192758459343,Ring of Fire - Japan,reviewed
2009-09-08 22:55:38.173765120,-75.0159393536519,-68.67792884387661,292.92569000534877,5.154743177892672,Ring of Fire - Japan,reviewed
1972-01-10 14:07:05.912223704,79.95303651342266,161.45287968555357,52.80631688674367,3.1022598818958165,Ring of Fire - Japan,reviewed
1990-03-02 20:52:42.990094336,25.663174607293655,54.705775675532635,271.40027916515476,3.216060091570628,Ring of Fire - Indonesia,reviewed
2022-06-20 14:21:37.824853760,71.9644892240959,114.22825807372101,86.03278168786107,3.5953537950500962,Ring of Fire - Alaska,reviewed
2001-01-04 22:00:48.610676096,-10.677101906411636,-174.91552391132734,68.74280613136874,3.318199943890625,Ring of Fire - Japan,reviewed
1992-03-25 11:06:40.497435520,-12.192142536374746,170.5317470822182,13.67958106468443,3.1595009908426808,Ring of Fire - Japan,reviewed
2003-08-19 22:56:29.779414528,-43.270547270725174,106.41918930369786,34.17687906034014,3.9342249635940902,Ring of Fire - Alaska,reviewed
2021-06-26 07:46:36.032546816,6.874010029559798,-100.27072398999185,29.84729263385976,3.468322310709432,Mediterranean-Himalayan Belt,reviewed
2025-07-23 14:35:20.588456960,32.87721624005907,93.57181596612276,20.67639026884312,5.463674318954545,Ring of Fire - California,reviewed
2017-09-05 04:40:18.689702400,-58.77804598161525,-66.07067417106228,38.924013463402304,4.555209497763078,Ring of Fire - Alaska,reviewed
2022-02-10 11:08:03.129678336,42.523449646595054,-5.316820830356022,9.000408255781494,4.500737200576954,Ring of Fire - Alaska,reviewed
1976-07-08 01:00:23.266221920,-60.51168247127717,2.5901650696709453,19.192170025802664,3.181336401113236,Ring of Fire - Alaska,reviewed
2015-10-11 07:10:23.903357440,-28.036775030588842,-105.77319229065202,26.032719967882322,3.153590401469362,Ring of Fire - Alaska,reviewed
2019-03-02 05:00:38.251843840,78.77717733450126,69.31439278411449,39.58104496957399,4.813582040583683,Mid-Atlantic Ridge,reviewed
2018-08-11 08:43:24.911127808,-76.44596277607847,-128.77166718027235,25.57842916310898,3.311107372440047,Ring of Fire - Alaska,reviewed
2015-02-17 14:12:46.823533056,2.9809438363206624,11.847434368529264,68.734244915099,3.07187672842329,Ring of Fire - Chile,reviewed
2014-03-29 11:49:13.191311360,-75.2570389372043,39.333365361825514,255.95805284989447,3.1553518817852924,Ring of Fire - Alaska,reviewed
1987-01-23 14:27:30.122400512,-21.75624882872269,-112.94944437589474,10.741978247571346,5.152907117416527,Ring of Fire - Japan,reviewed
1974-07-14 01:00:37.115763328,-58.430429264277834,142.0063655505533,62.1472680475499,4.104983002900436,Mediterranean-Himalayan Belt,reviewed
2008-11-30 20:01:51.282225152,-45.47822281940094,-59.61737605636988,246.7239483192981,3.8248746652495655,Ring of Fire - Japan,reviewed
2024-08-19 03:43:49.859429376,-9.572591185797648,-176.3481048909466,42.937329964452346,3.2920643411421504,Ring of Fire - Chile,reviewed
2005-11-22 19:14:43.982368128,-38.955594529967385,-168.51244474890933,48.73844327103732,5.197874726493275,Ring of Fire - Philippines,reviewed
2016-01-22 04:40:45.236373760,4.212300363612215,-160.01258568817755,64.73232331050532,3.4071638696888105,Ring of Fire - California,reviewed
2018-04-09 18:46:22.591656448,-48.600674180055584,-59.00824935449238,47.52147626734177,3.0178816694057082,Mid-Atlantic Ridge,reviewed
2021-09-03 03:40:03.438087168,46.232063303397155,141.51745730015983,18.66593344927531,3.512888250092767,Ring of Fire - Philippines,reviewed
1997-04-10 21:03:29.572159360,53.55434680835452,21.32419403840197,118.01078268852967,3.476758558183244,Ring of Fire - Japan,reviewed
2003-12-13 16:35:31.414912128,54.05620333590062,93.56267837552798,28.785915384216235,3.862545715995036,Ring of Fire - Japan,reviewed
2012-10-29 15:42:59.719878656,-21.21429671357498,67.36794363182605,19.615148489339973,3.0830689712914383,Ring of Fire - Alaska,reviewed
1979-10-16 23:23:11.906063616,-59.48487874631288,7.3154618055811795,17.086620074482166,4.717400886519084,Ring of Fire - Japan,reviewed
1992-04-28 20:31:03.967143168,-30.732502232481593,16.09405303238242,170.6938921931979,4.243242040206409,Ring of Fire - Japan,reviewed
2023-12-07 14:14:27.801603328,28.829235024548836,-115.29246542895069,316.9398989905657,4.8202156409105985,Ring of Fire - Alaska,reviewed
2000-10-09 12:39:44.437891584,13.634331177838177,-1.6711768073860753,298.7933482542535,3.384047374747773,Ring of Fire - Chile,reviewed
2024-01-31 23:03:21.202572288,35.62363837350247,-89.1345205683091,200.33351436253784,3.9314742745359412,Ring of Fire - Japan,reviewed
1994-03-21 21:05:54.714006784,-81.94911781222979,164.00875612621326,69.18729150479041,4.504857984142889,Ring of Fire - Philippines,reviewed
1998-05-06 02:52:06.586018688,68.61908769231795,-176.77862139986743,47.39573803657757,3.396700156314644,Ring of Fire - Alaska,reviewed
1994-08-12 07:58:53.841409920,-61.005653730771456,-146.5642117819893,177.80871116893584,3.676473357925122,Ring of Fire - Alaska,reviewed
1975-12-02 03:50:05.614550720,-15.407883407460659,-77.64318298420469,22.400769247294438,4.873902834671741,Ring of Fire - Japan,reviewed
2005-11-19 19:41:41.080599296,-17.055361589045248,-146.82137698860805,127.35103150854145,5.9239572908837665,Ring of Fire - Alaska,reviewed
2004-09-11 10:22:42.947786624,11.223239194616397,127.56656404819108,162.4416430083156,4.191444490555899,Mid-Atlantic Ridge,reviewed
2006-05-30 13:30:38.259598848,89.31564892542502,169.5101431956324,15.386049837334662,5.569456047830871,Ring of Fire - Japan,reviewed
1978-07-07 08:44:37.337876704,-43.947207218406646,74.32762116377154,37.45516248454502,3.114121929016983,Ring of Fire - Chile,reviewed
2013-09-20 22:00:04.595713792,46.43909959962073,152.4587896424796,33.31247575806435,4.357497294676909,Ring of Fire - Japan,reviewed
2025-09-17 00:01:07.830328576,13.027229522153519,130.1302237751362,59.79873848602715,3.5899593225174016,Mediterranean-Himalayan Belt,reviewed
2008-12-02 13:19:58.296920576,-28.42917401003877,-179.42185899372788,56.592220263400385,3.6334511416592528,Ring of Fire - Alaska,reviewed
2025-01-31 04:26:29.046848512,25.143862748297096,-25.373861881325013,45.9367925273851,3.2885511560256644,Ring of Fire - Alaska,reviewed
1983-05-24 22:48:58.020047424,82.69159183654469,48.838597624565125,108.98963687577634,3.3785945661169925,Ring of Fire - California,reviewed
1986-12-25 21:16:41.652482752,84.80679817829653,114.80481954508673,47.49244843540124,4.933611877295076,Ring of Fire - Alaska,reviewed
2008-10-04 18:37:19.632294912,49.094781929970964,-172.0821408267371,15.073136927011205,3.997148524725758,Ring of Fire - California,reviewed
1998-07-12 05:03:32.000916864,-25.12229621750923,-97.62602927634939,48.427301028753554,3.4526742350110102,Ring of Fire - Chile,reviewed
2025-10-24 10:34:40.960266240,3.721052592352862,-58.03628084810971,30.47725772896094,3.103380280349501,Ring of Fire - Alaska,reviewed
2015-08-01 03:12:50.878650368,-83.92480942005753,42.22535562578227,32.93812794658559,6.584056676516369,Ring of Fire - Japan,reviewed
2004-06-14 01:59:45.899997952,-33.744668232894696,-156.07371503421808,15.399378882785147,4.811063876440931,Ring of Fire - Indonesia,reviewed
2004-12-08 12:59:49.027736960,-65.03563810488515,-22.725750247090417,49.83174596605024,3.278399780915359,Ring of Fire - Indonesia,reviewed
2019-08-25 17:11:03.636666112,5.654841197833747,-41.80333220999714,46.64986299042391,3.9110181625709286,Ring of Fire - California,reviewed
1995-03-10 10:41:24.490392832,44.75811492632789,-137.43524557963735,643.5649304382566,6.166215949590443,Ring of Fire - Alaska,reviewed
1990-08-05 18:46:05.101812864,76.35659323603895,162.84980211278736,1.291949333011585,3.299169830310405,Ring of Fire - Chile,reviewed
2016-05-04 15:10:54.741729792,-44.78792188790833,67.18851208294973,48.17221057055844,3.2064027115588023,Ring of Fire - Japan,reviewed
2011-01-30 14:45:29.573771520,88.13485212584288,113.91166328076719,536.5370359194567,3.132203280749206,Ring of Fire - Japan,reviewed
2013-01-29 14:13:54.305442304,30.45079694070293,107.76244400907115,50.55089055216394,3.9288461057516204,Hawaii Volcanic Region,reviewed
1996-12-14 22:21:59.045524480,29.924688672592467,161.80184371423485,19.509960059880427,8.736234903501877,Ring of Fire - Chile,reviewed
1971-01-28 12:57:04.711274936,19.11485245217922,72.23480423300782,6.340975028227122,4.250534107331315,Ring of Fire - Japan,reviewed
2012-07-29 04:59:09.800191232,-41.70317573245679,-5.202107635996896,46.279141077800176,8.431961671718504,Mid-Atlantic Ridge,reviewed
2024-08-24 13:06:06.552748544,37.1671178656285,115.12874430324018,50.910473406769796,3.0015723005469,Ring of Fire - Japan,reviewed
2014-11-19 20:07:30.663216640,63.73796887941896,177.36466229475985,127.96338874618206,3.6567877221392866,Ring of Fire - Chile,reviewed
2023-09-26 05:18:23.584155392,80.30828192200966,-54.58658457805086,15.133200170933279,4.9944842814244,Ring of Fire - Chile,reviewed
1976-02-23 10:25:38.342004608,-16.91191215311612,-61.22389363294337,12.554735148518631,9.2,Ring of Fire - Japan,reviewed
2000-09-07 09:58:12.977380608,71.37021383531152,-137.50629288985672,92.46325316900827,3.371864678296284,Ring of Fire - Indonesia,reviewed
2017-04-13 15:14:59.706818816,-26.734461928598435,-16.204091647681338,246.03095860152038,3.191460686988645,Ring of Fire - Japan,reviewed
1997-05-04 23:54:12.283755520,68.95218600903644,-2.810200471914584,17.758778099706756,3.369307118167075,Ring of Fire - California,reviewed
1988-03-07 14:19:17.703759040,-43.91848473295974,-151.69180780976308,27.130716720578317,5.598064154887043,Ring of Fire - Alaska,reviewed
2011-04-17 03:56:35.849414400,-23.884119337416607,118.98426086868051,21.29277343399613,7.06160956897853,Ring of Fire - Japan,reviewed
1991-01-19 01:02:03.501866752,11.891423471291361,79.19217845227524,60.29539032695968,5.344248830397294,Mediterranean-Himalayan Belt,reviewed
2013-12-16 22:38:27.262981632,35.31387226910087,-6.013231471880289,66.80421661363106,5.244453839848573,Mid-Atlantic Ridge,reviewed
2019-12-15 19:23:43.546094592,81.8177462589625,77.47326391851652,3.4945739964365363,4.111980824380713,Ring of Fire - Alaska,reviewed
2023-07-01 11:02:53.640802560,-24.0079626445729,18.801772842661336,9.594177847560688,3.1980014585009235,Ring of Fire - Japan,reviewed
2014-01-24 12:50:20.464473088,-58.92156969317227,-123.32170636797201,249.96157609604447,3.6180052147650708,Mediterranean-Himalayan Belt,reviewed
2008-07-14 10:03:34.006007296,-86.3353731447168,-48.172805566774656,67.99812940260523,4.468302488558764,Ring of Fire - California,reviewed
2017-02-01 08:18:50.169461248,38.353841168210636,108.78914434207354,69.9027998926218,3.0619305806364405,Mediterranean-Himalayan Belt,reviewed
2020-06-30 17:42:45.372598528,73.71493333658202,164.84590305843756,111.57708143920772,3.7233460604758446,Ring of Fire - Japan,reviewed
2005-09-06 16:21:47.965803264,-2.421111493584334,-159.46183606392975,29.17243424368372,3.4176738927234207,Mediterranean-Himalayan Belt,reviewed
2006-12-03 18:22:42.603589120,23.104301369142277,101.04061799001045,203.94522952642018,4.437175717269739,Mediterranean-Himalayan Belt,reviewed
2020-02-15 20:14:08.217956096,-70.031592467584,73.96434299919292,146.3998956922121,5.285162191325906,Ring of Fire - Indonesia,reviewed
2005-08-26 19:19:12.809213056,19.383163281228548,9.912377605804608,159.86158665826514,6.071519399205407,Ring of Fire - California,reviewed
2004-05-18 18:48:23.826027776,-6.466676433872735,-62.49915245148672,50.949910763510275,4.798758159537272,Ring of Fire - Alaska,reviewed
2011-04-18 17:35:20.111471104,19.39715694331322,28.39911457326943,136.43076888151,3.397862408171691,Mid-Atlantic Ridge,reviewed
2008-02-03 16:46:13.568026112,-54.96819468339278,14.289999958510208,66.84227970064805,3.419246375397929,Ring of Fire - Alaska,reviewed
2010-02-10 23:05:38.922377984,70.02446037588649,84.33217576653607,103.5498991993961,6.5859954230849755,Ring of Fire - Chile,reviewed
1970-09-05 15:42:41.239798820,12.878779472865588,-146.8379303376217,30.824624172527663,3.8231007664641776,Ring of Fire - California,reviewed
2023-07-25 07:45:15.789824768,-54.40647585579272,179.36356747481886,36.6795217225267,3.064673476063655,Ring of Fire - Japan,reviewed
2011-04-20 06:12:12.327702016,-10.820369004382826,33.60342015185881,53.19980108316779,3.1288587319661985,Ring of Fire - California,reviewed
1989-10-13 01:13:31.419210880,31.596978877702966,-12.334286078437515,24.880567650717197,3.2724467143086837,Ring of Fire - Chile,reviewed
1989-08-01 11:31:25.650496768,-69.51048166665629,167.31861092235727,219.45186732790367,3.6246224980656807,Ring of Fire - Japan,reviewed
2013-05-18 23:43:41.368688640,20.74332869241853,57.54802973383741,43.92073053775057,4.768688248902544,Ring of Fire - Alaska,reviewed
2007-01-14 00:18:52.550483200,-49.6580575931071,-119.28255903104768,3.817776247260549,4.4795606370294125,Ring of Fire - Alaska,reviewed
2006-12-23 04:06:59.850846976,-11.230361600165836,-68.5679666807309,68.63782128219479,4.63591839653988,Mediterranean-Himalayan Belt,reviewed
2012-10-20 17:08:14.820388608,-9.913991517215507,176.83778756889194,86.87832382996197,3.05882487326605,Mid-Atlantic Ridge,reviewed
1971-03-05 09:17:41.680198440,-29.806572816437765,158.9617329566251,43.57611078889012,4.746144842749445,Ring of Fire - Alaska,reviewed
2024-03-13 15:23:27.688019200,-87.84157607491406,-95.66810754870167,216.90638402791137,3.15430292185012,Ring of Fire - California,reviewed
2013-01-27 22:06:18.092161280,12.575177919900739,119.56653296372099,235.9397290288239,5.96525487194671,Ring of Fire - Indonesia,reviewed
2004-12-24 05:51:19.334268544,-51.138755946894946,85.25791448194434,634.7755379239825,5.158825866183259,Ring of Fire - Chile,reviewed
1991-05-22 19:28:29.264506752,-63.976159836652485,125.88026225487448,16.237791651045008,4.360846766878481,Mediterranean-Himalayan Belt,reviewed
1981-07-08 22:07:03.966443520,-31.60570176645063,151.47478481665354,50.689518518284316,3.724036432767896,Ring of Fire - Indonesia,reviewed
2004-06-09 20:38:44.329828352,-79.26796143394147,-85.76279634780784,135.52438694770404,7.068579919504857,Ring of Fire - Alaska,reviewed
2013-05-18 14:01:59.409236224,-38.90551515404844,-77.23955434061907,11.939226460456293,6.712132373643842,Ring of Fire - Alaska,reviewed
2006-01-21 18:34:07.479270784,-60.4154805542008,-53.10443461568457,28.063190580538826,3.2666557887745533,Ring of Fire - New Zealand,reviewed
1999-09-12 06:28:07.508211072,53.891233620270555,-70.89286793989767,1.1577614502913625,4.833217845692712,Ring of Fire - Alaska,reviewed
2024-03-26 12:01:23.647117312,44.53978261800458,90.89498155526718,69.43979063103957,3.264231230002,Ring of Fire - Indonesia,reviewed
2014-09-23 02:25:57.669111552,-21.09665745302368,-167.76322167586275,41.55568056127672,4.240028841597002,Mediterranean-Himalayan Belt,reviewed
1986-05-26 02:08:19.678113472,31.55783568289111,82.2217457142234,37.717355707476834,3.5711152917842233,Ring of Fire - Japan,reviewed
2024-11-16 07:59:43.846935808,-80.51590145998995,116.48295774538849,26.616881648937316,5.949727025151395,Ring of Fire - Alaska,reviewed
2003-09-15 06:49:10.804658560,75.72671906212275,-156.22414439586558,22.269277193344358,3.1025453744968385,Ring of Fire - Chile,reviewed
2002-08-13 06:58:30.286226944,48.1276255052897,-157.73504140764138,67.97507210394738,3.7881151275136915,Ring of Fire - Chile,reviewed
2011-11-22 08:10:39.838559744,-64.77424706263929,-77.23303095841165,68.29234780123784,5.758158117937727,Ring of Fire - Japan,reviewed
2015-06-17 03:03:33.909775104,-50.618813215075136,-105.00954638340053,48.29783084992074,5.579050927508844,Mediterranean-Himalayan Belt,reviewed
2006-10-05 22:58:00.976905728,25.919321875107443,29.2081225284696,40.125607028937054,3.187253012281735,Ring of Fire - California,reviewed
1977-03-04 22:36:54.756969632,75.88126877298305,63.16255566058811,11.195856165685004,3.5023839335369797,Mid-Atlantic Ridge,reviewed
2021-12-21 02:16:21.698863360,-2.5860968960749773,-51.354946705599815,43.04539245420032,3.1909965983401967,Ring of Fire - Indonesia,reviewed
1990-11-03 22:22:16.770604160,-21.0580423881962,50.39669862148281,69.4970123578877,5.708375217555887,Ring of Fire - Indonesia,reviewed
1994-03-13 06:26:37.264500096,-38.516813490544976,-137.0065432297067,44.996245614801325,3.200928012473668,Ring of Fire - Alaska,reviewed
1994-08-10 03:36:21.964662528,-26.89719306519364,-97.37571079659813,0.5076699610601132,3.14206198428579,Stable Continental Region,reviewed
2004-04-28 10:52:43.457709824,-86.29242754403751,140.57861543502577,90.10952042353776,3.0982055169529428,Ring of Fire - Chile,reviewed
2022-10-23 17:31:21.451512320,-82.6090659589972,-56.76250444231887,39.063428294064124,5.6419614376256595,Mid-Atlantic Ridge,reviewed
1981-01-21 20:44:03.474697728,-30.55849193954971,-165.00947344703212,33.69172649908053,3.6553258276384843,Mediterranean-Himalayan Belt,reviewed
2019-09-01 06:35:58.615888384,69.38323141569063,0.14421329042747288,51.38871805598781,4.005203533108023,Ring of Fire - Chile,reviewed
2006-03-01 18:26:42.826870656,-42.099819084013795,141.29353568249508,88.36114530946088,3.081882236620261,Ring of Fire - Japan,reviewed
1986-01-04 15:38:14.810658048,-18.758739244699143,114.94243769116957,50.75672132283556,3.2828804130573124,Ring of Fire - Alaska,reviewed
2015-09-10 13:30:20.971451136,41.64761237096809,-88.94189918718365,59.218690471220924,5.948859327271309,Ring of Fire - Japan,reviewed
2018-03-27 14:24:46.277685248,43.84226120232603,147.57687879276494,35.22598417702823,5.629477790225041,Ring of Fire - Japan,reviewed
2017-05-27 18:11:11.261667072,65.00983728693308,-7.302277830130862,27.238610673052115,4.672012746494435,Ring of Fire - Indonesia,reviewed
2021-06-16 19:18:19.514575360,-84.76937245692676,-162.3603586360788,53.39988345274602,3.0215511120298046,Ring of Fire - Alaska,reviewed
2012-04-12 20:56:29.931155200,25.30291872061096,-5.359055758802981,110.35464314529642,4.087625554799652,Ring of Fire - Japan,reviewed
2017-02-24 09:30:49.155301120,-82.15889923244373,-151.23134859026746,29.420318203797862,5.643700228185563,Ring of Fire - Indonesia,reviewed
2010-10-17 19:40:32.446831360,15.564001303203923,152.0066353410644,12.086018076831284,4.105301971760171,Ring of Fire - Indonesia,reviewed
2013-06-24 16:18:39.449566208,-19.24682427633391,78.55805825669631,159.891716331461,3.0820853342260666,Mediterranean-Himalayan Belt,reviewed
2006-09-29 11:28:24.910258432,-24.46292546207694,108.46164905522704,19.071250877618215,5.636652909141096,Ring of Fire - Japan,reviewed
2000-07-09 10:27:13.438000512,-88.92037923894672,58.875867415625265,14.596927820943142,3.088988012763663,Ring of Fire - Japan,reviewed
2025-02-20 10:48:15.767547904,-57.17519694528716,-40.37031726223668,28.64006515423356,3.8360627132774288,Ring of Fire - Alaska,reviewed
2022-06-29 09:33:17.919265536,-4.637646392651092,64.54695057987357,16.884474223961607,3.3976419126999464,Ring of Fire - Chile,reviewed
1979-03-25 22:58:41.616264960,67.38996226742191,53.177727819948814,63.569243959244154,3.21782825372004,Ring of Fire - Alaska,reviewed
2010-08-27 11:12:37.347486976,67.56125166651626,-77.31391594231158,54.97321837971488,6.48655361139479,Ring of Fire - California,reviewed
2015-10-18 03:55:13.575138048,-17.131354470772692,166.80453870494267,21.587621437560223,3.769242474617147,Ring of Fire - Indonesia,reviewed
1981-12-15 22:45:05.053147712,-40.34874364763145,-113.39917304109659,40.61234588575737,3.095210127103658,Ring of Fire - Japan,reviewed
2017-01-28 21:34:36.357289472,-30.587257290781423,-12.505574876846822,44.451719629912674,3.457438708576757,Ring of Fire - Philippines,reviewed
2011-01-13 23:45:35.576996352,1.1815172428280505,-20.246488432991782,32.98656811041534,5.131164857339246,Ring of Fire - Alaska,reviewed
2000-05-13 09:03:41.523100416,-26.301183972515183,89.11360367238564,74.8485518985635,3.6273960671293675,Ring of Fire - Alaska,reviewed
2003-01-22 09:09:05.439163520,26.49714246687377,-126.70616518346037,58.75596044765233,3.235656168768381,Ring of Fire - Alaska,reviewed
2001-08-22 09:28:32.443287424,18.796755303288364,61.346455744128974,53.025687597295416,3.339553008280259,Hawaii Volcanic Region,reviewed
2008-07-29 18:30:21.556555520,-45.99828496273295,-158.9841777766801,49.013129258131954,4.603490921026832,Ring of Fire - Indonesia,reviewed
2018-11-27 01:45:58.875934976,56.29919181301588,-148.5760328374007,678.655490885981,3.2535828920007797,Ring of Fire - Japan,reviewed
2005-08-19 01:36:34.237805312,53.81666419912622,124.13749724251312,184.2234772345294,3.4269600664602615,Ring of Fire - Alaska,reviewed
2012-08-15 05:15:04.073216512,88.01648406294757,-20.53613267426593,14.172727946702501,3.6890390930007437,Ring of Fire - Chile,reviewed
1970-07-10 20:37:51.195953786,66.95656605767073,6.941975250431312,284.5048921200527,3.2549475510376933,Ring of Fire - Japan,reviewed
1983-10-25 07:44:51.307649280,25.58954998842664,-32.07300237257107,112.219468867579,3.4878590411707595,Ring of Fire - Japan,reviewed
2010-09-06 07:42:54.075423232,1.1492600008842828,145.95014402976506,34.68564241314468,3.1779938349246337,Ring of Fire - Chile,reviewed
2025-07-16 11:44:03.979553024,82.306720110426,89.8048793348446,37.55882697075595,3.784651381756495,Ring of Fire - Alaska,reviewed
1992-06-25 18:19:04.135664256,25.505542141596194,25.47887398107116,54.93420248139525,5.541237332818808,Ring of Fire - Alaska,reviewed
2014-10-20 20:26:11.570257664,-25.279225573650763,-148.05219574628384,43.70032805482888,5.925270552017843,Ring of Fire - Indonesia,reviewed
2001-01-31 03:39:33.242082688,-73.93401590131387,147.54972481943054,14.059585123578143,3.7444339146364416,Ring of Fire - Chile,reviewed
2011-01-19 12:10:23.608842752,-37.69278407463844,-13.651226745032801,19.661829114731983,5.4922024493335595,Ring of Fire - Indonesia,reviewed
2004-06-29 18:00:35.784412544,87.39977305911304,141.15819658237257,58.37935334693675,4.807907513979584,Ring of Fire - Alaska,reviewed
2013-11-21 21:26:27.002097152,17.06302284943625,-52.983099695846605,670.4325387147676,3.6025699918508427,Ring of Fire - Chile,reviewed
2001-01-13 14:16:38.802040576,-16.618957533339128,-48.12276878659196,1.0837721396260735,3.287096006176195,Ring of Fire - New Zealand,reviewed
1970-04-17 23:04:15.092531980,86.34421861038683,88.29981728302477,17.06873697871583,3.2448690359527035,Ring of Fire - Alaska,reviewed
2012-08-12 13:03:22.883437824,-34.303394545712145,35.78780230861389,22.27935822836363,3.042368532562561,Ring of Fire - Indonesia,reviewed
2011-10-05 11:50:00.228643328,10.47725242203748,36.8551824581138,281.46880812843375,3.334953458469324,Ring of Fire - Chile,reviewed
2023-08-26 11:26:43.199377408,-86.85300826646233,141.41398989927194,235.48538066098615,3.2889011459989343,Ring of Fire - Alaska,reviewed
2019-02-03 03:18:45.936476928,20.734187518612785,134.93656370151632,20.463066108984343,7.191093000502479,Ring of Fire - Alaska,reviewed
2025-10-17 00:37:44.327143680,38.6861627558024,-168.40266394865984,53.125236403027706,3.2462345875117395,Ring of Fire - California,reviewed
1990-08-17 00:50:09.092247552,-80.50634461682327,16.786711921240965,50.53367017946128,3.266782286248125,Ring of Fire - Alaska,reviewed
2010-06-08 12:24:20.078834176,-79.79988440201042,-1.359210771912899,33.39908371769783,3.2086228966100667,Ring of Fire - Chile,reviewed
2019-08-17 08:41:42.534427392,-84.92661083531812,131.14932573660917,62.541042576338555,3.5247144049199055,Ring of Fire - Indonesia,reviewed
2003-03-18 12:51:30.279366400,-62.56583533610897,-113.07605312994143,90.47370868879612,5.658983826047345,Mediterranean-Himalayan Belt,reviewed
2008-12-14 11:28:14.905850112,-86.23868180299665,-24.648072617242377,16.58495030578276,5.996778562758891,Mid-Atlantic Ridge,reviewed
1970-03-07 19:45:19.771054146,-68.7672879574403,-4.780058794184271,140.6775379457274,3.0546458025087553,Ring of Fire - Alaska,reviewed
2004-09-11 11:03:26.127312896,80.94977832790278,-150.4735543983536,60.8130061375611,3.2596791856158873,Ring of Fire - Indonesia,reviewed
1989-11-27 21:33:54.076931968,73.30999498689897,-164.8180468977822,58.47536479252248,3.9178995182978134,Mediterranean-Himalayan Belt,reviewed
2014-06-22 17:13:56.635121664,-74.43612448206227,-11.26501215012604,18.725830014770665,4.051543196839831,Ring of Fire - Indonesia,reviewed
2002-12-09 12:01:23.453365248,80.512639028508,155.27673796129739,22.494661407065774,3.567493397695924,Ring of Fire - Alaska,reviewed
2005-12-20 11:36:55.987742848,-72.97272324341384,117.50349576046227,28.555475973800743,4.317318074883402,Ring of Fire - Japan,reviewed
1973-08-19 10:48:49.071757104,-74.51929840774879,84.5474985570259,63.3842634243928,4.118147374184459,Ring of Fire - Alaska,reviewed
2002-06-24 09:48:06.128717952,85.76572303776166,72.53489768414738,24.002446394428578,3.4251402046507433,Ring of Fire - California,reviewed
2001-06-11 01:03:45.579122432,43.75953239083785,96.85191556323315,280.7422925890122,3.108005093085044,Ring of Fire - Japan,reviewed
2001-05-25 04:20:30.718516736,-51.39281387532628,1.9090628679344945,3.8652338725283952,3.612772405404294,Ring of Fire - Philippines,reviewed
2003-10-18 03:11:52.359125888,-81.72949296662946,-15.14228274113239,228.4392914178779,3.15161455102832,Mid-Atlantic Ridge,reviewed
2007-11-18 19:10:09.415843840,83.743471604076,-122.70833199293035,634.3225478471345,6.244230316907014,Mediterranean-Himalayan Belt,reviewed
2015-01-29 10:33:36.904675840,-13.411972483255596,123.77351401491234,12.095275631772424,3.7091507812999915,Ring of Fire - Japan,reviewed
1985-02-09 15:26:11.510796608,17.707569893095425,-163.93900316259433,39.03628733356914,3.419803951685382,Ring of Fire - Chile,reviewed
2016-03-14 17:39:14.666066688,-39.74467797033743,-83.72011635456153,13.55902049499914,4.599107903653443,Ring of Fire - Japan,reviewed
1973-04-12 13:00:42.263462000,51.644148007592605,102.95025922652297,43.4793384793832,4.838255922627544,Ring of Fire - California,reviewed
1988-09-19 04:13:55.109901952,-48.49145219969376,-47.27835912649391,30.284973642282512,5.220405877919806,Ring of Fire - Alaska,reviewed
2013-12-14 11:56:56.215176960,-72.37579937685418,77.02142058447663,134.9747324748883,4.229602089932251,Ring of Fire - Japan,reviewed
2009-08-18 04:45:20.873314048,-3.811940184455352,155.2929796854562,51.78574603552694,3.0529133482006237,Ring of Fire - Alaska,reviewed
2014-02-28 13:00:17.779224576,56.379025241217136,13.998042553347346,242.58945323086138,3.9190004838050063,Ring of Fire - California,reviewed
1978-04-04 20:19:00.081721248,9.595748213687472,-67.84918518456621,272.24438772003555,3.285603951126081,Ring of Fire - Japan,reviewed
1988-05-18 12:38:00.058955904,32.484850006234964,146.6455718463086,17.300154902120532,5.355402815998157,Mediterranean-Himalayan Belt,reviewed
1974-12-18 03:28:12.423695040,-17.65350822432889,73.97428044717972,5.927330866988293,4.536989131627289,Ring of Fire - Indonesia,reviewed
2003-07-02 12:02:47.571560192,15.178758203409544,169.0109202427878,1.4165362847965313,3.6511838882787786,Ring of Fire - Japan,reviewed
2011-03-13 12:25:27.166150656,-30.681380657127278,-72.82593738920865,59.27481190181805,3.007834015913065,Ring of Fire - Chile,reviewed
2025-11-27 04:50:22.604928000,80.43974680947355,-78.07134063353416,13.836965581198827,4.882606927007774,Ring of Fire - California,reviewed
2022-04-02 23:12:25.859789312,0.4881794510389881,-92.83020016925441,15.67280633139795,3.490614902022,Ring of Fire - Japan,reviewed
2005-12-25 09:15:52.654458752,-4.992111576183845,87.03935591217567,59.8791308241826,3.856014051253597,Ring of Fire - Japan,reviewed
2005-08-16 17:39:19.328614656,-29.01842903096137,34.961103420009096,190.58577617619278,4.334054369920999,Ring of Fire - Chile,reviewed
2013-12-29 22:22:51.853006592,2.295861134384168,54.71413572172224,45.965986963599164,6.435423793156819,Mediterranean-Himalayan Belt,reviewed
1992-12-14 18:49:58.853987072,70.6148791863142,-165.68728470976237,67.90536332370007,3.5613941497205284,Ring of Fire - Alaska,reviewed
2017-01-10 11:25:39.196296192,-10.97677216276044,-88.69109628914892,213.64848626100073,6.379960811603642,Mediterranean-Himalayan Belt,reviewed
1991-06-30 12:50:55.612597888,-37.436024877655626,30.34916176695333,64.69035643956893,4.130283284970343,Ring of Fire - Alaska,reviewed
2002-01-09 12:05:07.878593408,-62.02892996259311,112.65576565837989,58.59054570621821,3.389439688689545,Ring of Fire - Japan,reviewed
2002-11-30 15:31:18.138536320,31.023130734064452,99.79019223587898,278.36969824235797,3.1487268394476793,Ring of Fire - California,reviewed
1980-05-01 02:13:38.381576960,-85.35835020859487,-115.38454889045475,176.4510511557258,5.033543513816364,Ring of Fire - Alaska,reviewed
1990-04-14 19:14:08.573071616,-9.000758309410728,-161.47936437255782,67.36040791708108,3.494671848037494,Ring of Fire - Alaska,reviewed
1971-06-20 19:13:50.557986152,-28.838770041540307,-152.78787622704542,49.16772997782988,3.700061861390311,Ring of Fire - California,reviewed
2016-07-28 16:47:28.403571456,31.618889430828986,-146.07876355743036,63.72877627046813,4.012567784822212,Ring of Fire - Japan,reviewed
1999-01-05 06:21:36.508247296,1.5780238721427509,-49.198884772494154,16.77268824197437,3.5866454399714454,Ring of Fire - California,reviewed
1986-09-23 20:01:11.131205568,6.806225633288932,-107.10229759145548,595.356654774423,3.870114840921041,Ring of Fire - California,reviewed
2022-09-04 17:06:08.669726720,-45.74892254511201,34.26036055849485,63.62212082705275,3.630062750236655,Ring of Fire - Chile,reviewed
1984-07-09 09:31:07.024656320,-20.612899668470305,-49.17895564331175,22.453508981519015,4.519096829059416,Ring of Fire - Alaska,reviewed
2018-11-14 22:50:36.657158912,34.06946194758412,72.03110852313466,64.0676318821531,4.622604827617699,Ring of Fire - California,reviewed
2017-02-23 01:36:49.673623296,-33.9078960569628,121.25099155765554,4.970474615581199,3.0435448702440717,Ring of Fire - California,reviewed
2014-12-12 11:07:36.357743872,-44.10136864602917,-112.8869835113375,50.479509751933044,3.8460989590104293,Ring of Fire - Alaska,reviewed
1977-06-23 01:34:51.671132960,-3.265082570467044,119.26573190880094,155.38235898420902,5.033403839905748,Ring of Fire - Alaska,reviewed
2010-10-06 13:01:24.574173952,37.10885816229482,-14.170402213046202,65.69234371872682,3.6172658638619932,Ring of Fire - New Zealand,reviewed
2010-11-07 15:09:47.574213376,-5.998892570643903,-174.4397612800289,13.442939549130287,3.0347170773543266,Ring of Fire - Indonesia,reviewed
2012-11-13 00:50:51.912830464,53.109469238105476,147.86246442724297,46.83560118035983,6.229196251601426,Ring of Fire - Alaska,reviewed
1978-11-25 03:34:12.288687328,60.003920537316446,63.565882200204726,560.3533940495479,3.3029123880757183,Ring of Fire - California,reviewed
2004-03-03 22:26:22.467799424,-38.98029190648943,-60.18706165148217,8.479700169423104,3.3018065776210492,Ring of Fire - Indonesia,reviewed
2012-01-28 20:59:28.425298944,-57.68974704761974,-114.14533340410406,220.86820349283016,5.901982879349426,Ring of Fire - Indonesia,reviewed
2006-10-15 16:53:29.281787904,47.29869981678516,-151.65585653195723,97.3930132501518,3.9535623313687704,Ring of Fire - Chile,reviewed
2023-07-27 15:19:56.209724928,-45.21878211575507,159.3437692125213,243.85105477102906,4.209695824904077,Ring of Fire - Alaska,reviewed
1973-03-12 22:33:54.291450640,63.444211234018894,156.9504218790433,266.0774463465172,3.466474046077574,Ring of Fire - Japan,reviewed
1983-10-31 10:58:37.409054528,-62.6502546166606,91.23451639647135,62.695586128134295,3.2274188570450137,Ring of Fire - Chile,reviewed
2020-09-30 14:59:54.418280448,-6.597173152856982,-142.0258079058127,3.8087089425124567,4.957243299893425,Ring of Fire - Chile,reviewed
1983-12-22 23:14:31.965096320,41.841059563608525,126.80232011117369,22.26067933700087,4.601295454527403,Ring of Fire - Indonesia,reviewed
1985-03-25 04:30:21.471168064,-89.03392956386865,-126.76373188993142,54.6653225853346,3.4749493774543407,Ring of Fire - Philippines,reviewed
2012-07-10 23:20:37.930670336,-62.66604992525687,69.19113807875303,168.3091463668493,3.520195321936383,Ring of Fire - Indonesia,reviewed
2013-06-30 01:27:52.249333248,88.71801576889567,74.78100293201422,25.134954533020586,3.0002651371045737,Mid-Atlantic Ridge,reviewed
1973-08-29 22:24:59.385401680,46.912439235864696,95.39623176055142,148.27300298858404,3.3036830189547217,Ring of Fire - Indonesia,reviewed
1997-04-21 07:02:49.131029376,-22.759362405611952,109.31947610879382,69.29245135679122,3.256835279410305,Ring of Fire - Alaska,reviewed
1973-07-05 10:42:11.831532432,-73.73101629537888,125.00082775787178,36.28852813142031,4.803353078885791,Ring of Fire - California,reviewed
2020-10-04 08:45:56.153079808,5.743296099164141,-31.473206451928917,10.279371835139829,3.360856311767958,Ring of Fire - California,reviewed
2020-05-22 06:59:38.631130112,89.80260622910134,-138.0906928322817,130.29769939402385,3.089971016146397,Ring of Fire - Chile,reviewed
1971-03-23 08:29:39.919121096,3.377921199201083,-46.591308833253095,62.601202532305365,3.4847537444917505,Mediterranean-Himalayan Belt,reviewed
2007-03-04 11:46:14.996581632,83.55626743974403,110.35692745425547,257.93927489913335,4.514640046168855,Ring of Fire - Japan,reviewed
2023-12-13 07:21:09.760586240,-87.05489061279133,-148.93075029734715,40.39542098422358,3.8800477604624004,Ring of Fire - Alaska,reviewed
2001-05-15 02:52:35.588212608,39.773363082151064,14.681183570085665,0.7674557192080345,4.8668546986289964,Ring of Fire - Japan,reviewed
2022-06-17 19:54:56.099188224,22.889060858360978,129.02326521412704,9.819950895157675,6.529604261472968,Ring of Fire - California,reviewed
1993-06-14 13:54:50.834058368,12.702076066341505,158.22680348126607,40.800855283443,4.018428307249243,Ring of Fire - Indonesia,reviewed
1984-07-27 00:10:30.594446336,-82.04818027650195,172.13213660565702,63.80178024183875,3.747910070766419,Ring of Fire - Alaska,reviewed
2010-12-04 11:32:55.399274752,-63.078491611471335,-63.97886530503429,23.81576690656744,3.0449833582615637,Ring of Fire - Japan,reviewed
2024-12-13 11:15:55.463632128,76.00522866033862,96.0448289004184,19.956964956809585,7.5710450190887135,Ring of Fire - New Zealand,reviewed
2006-08-19 19:59:41.909214720,88.72870847884951,98.23113738978293,45.13017864703201,3.181658179554009,Ring of Fire - Alaska,reviewed
2001-08-28 16:47:33.799471104,-10.016191777286778,129.69830827015642,25.80741966944013,3.3679256146539345,Ring of Fire - Chile,reviewed
1995-12-24 19:28:03.380437120,75.6087941584872,-103.4616861805677,59.84418709918397,3.969489258172606,Ring of Fire - Japan,reviewed
2024-06-06 10:12:00.600810752,53.09751413114199,62.15686316720618,155.46474340988306,3.97212046512586,Ring of Fire - Chile,reviewed
2004-01-29 04:59:57.851015808,-12.786285674717632,103.00290278970624,21.683520822963096,3.6491133255364887,Ring of Fire - Philippines,reviewed
1976-05-22 14:25:34.030234656,66.29482341621014,114.58341992513573,44.12952237182462,3.33862396321946,Ring of Fire - Japan,reviewed
1984-01-21 00:30:25.147565120,44.0745718906,102.54615004459816,52.42423483349637,4.198480623793404,Ring of Fire - Alaska,reviewed
2017-08-19 15:36:19.960541952,-40.36419191194508,11.730189369472441,61.36236948594189,4.685581213861303,Ring of Fire - Indonesia,reviewed
2001-06-05 16:33:09.107350400,64.59222954048076,35.31720995842707,18.39699921870592,3.5524291640752663,Stable Continental Region,reviewed
2018-03-02 10:29:29.593765888,-81.61927221164477,27.20294993665445,37.238021414754876,5.967606591113091,Ring of Fire - Alaska,reviewed
2010-06-23 17:18:09.520397312,-70.0926377995872,61.21711647553914,19.943603612923557,3.5312797268501774,Ring of Fire - Indonesia,reviewed
1973-10-16 00:30:14.913279280,5.828244753150983,-119.01938082023209,19.077181832814475,4.438318615612489,Ring of Fire - Japan,reviewed
2009-08-21 08:25:47.450535680,-83.2938858106138,-93.10526554136669,21.380218487812257,3.0226058916989023,Ring of Fire - Chile,reviewed
2000-06-08 23:41:30.564309760,-57.35141141393168,92.1616674092146,6.298988944473448,3.2526134511108626,Ring of Fire - Chile,reviewed
2022-12-16 08:44:26.931561216,48.31785976637241,175.27351721577975,53.49719345966661,3.727380477638672,Ring of Fire - Philippines,reviewed
2017-08-06 13:06:37.978039808,-7.790145826619678,126.7336431641856,58.21480281185316,3.7416480753427948,Ring of Fire - Alaska,reviewed
2007-06-19 12:19:57.969890560,-27.27202627475166,-82.98923761382757,52.89772439346639,3.1403002398147817,Ring of Fire - California,reviewed
1995-11-21 07:56:47.830164224,83.2411882087799,-47.29974819176067,48.60491222966897,4.785088929101297,Ring of Fire - Japan,reviewed
2006-06-15 08:38:51.962363392,-35.02925998643091,143.3861900477059,3.209641286229108,5.528589223161041,Ring of Fire - Japan,reviewed
2000-07-17 17:13:57.358223360,19.690688948350143,-122.20990615848483,32.937904023218266,5.658860385097779,Ring of Fire - Japan,reviewed
1998-09-13 05:12:00.745884928,56.95433185654156,-72.86115427651735,31.911781189687204,3.807894423641446,Ring of Fire - California,reviewed
2015-02-27 08:57:23.033946112,-81.70683626606896,15.769137354577026,371.1193354260995,4.24343268861689,Ring of Fire - Indonesia,reviewed
1995-09-19 19:59:49.904786432,37.64377000036582,-178.16457985552867,292.84739493622874,4.6581448238824485,Ring of Fire - Indonesia,reviewed
2014-01-11 17:57:08.236940800,-51.46570413787174,93.99472907344148,54.008495470147196,4.0105552458522515,Mediterranean-Himalayan Belt,reviewed
1981-04-11 11:50:32.872740096,-69.70049487538344,-92.97609843645918,330.1911657696116,3.0383898666501326,Ring of Fire - Chile,reviewed
1984-06-25 13:43:35.267380928,44.94350838515439,66.16616189006174,49.47356973031418,3.757120272621129,Ring of Fire - Indonesia,reviewed
1979-03-23 17:44:13.639264640,-45.08999887728994,-74.40934938354724,203.71852592739756,3.1850557426917376,Ring of Fire - Alaska,reviewed
1988-06-28 21:19:45.564966272,-89.6987152649381,-147.79590696503405,40.778768592939585,3.2222240357743623,Mid-Atlantic Ridge,reviewed
2012-05-17 20:07:30.361410048,-49.75693135616501,-26.888415707833076,501.61520305150293,3.499625710179781,Ring of Fire - California,reviewed
1999-01-31 23:58:32.255100288,-84.40775841306375,40.93879047971225,56.91735329775907,3.6230441979445627,Ring of Fire - Alaska,reviewed
1981-06-22 10:28:50.897670848,-45.146396395056854,-147.6801150440118,30.751229062959784,4.073564311222378,Ring of Fire - Chile,reviewed
2019-02-27 06:12:22.041534976,-29.69647518027223,6.6262674704193785,67.03644323662812,3.0850781869244592,Mediterranean-Himalayan Belt,reviewed
2019-04-04 02:06:15.493561344,-41.14797128316873,5.35112368038358,113.54997643486749,3.7706139057745633,Ring of Fire - Alaska,reviewed
2018-10-01 22:34:21.573060608,75.588672092264,46.31228662093312,7.075354466021986,3.221823197701695,Ring of Fire - Japan,reviewed
1995-04-09 04:45:33.684515968,-5.8437318999417585,-172.56906603148812,42.85048751293732,4.115914470783701,Ring of Fire - Japan,reviewed
2025-02-26 23:50:32.961061120,82.33696689192845,-63.05129757878221,298.0224285014106,3.894882360307836,Ring of Fire - Alaska,reviewed
2013-03-25 23:18:29.776455424,68.25590844663998,-36.510770690749155,61.200759215552196,4.474593245807906,Ring of Fire - Japan,reviewed
1973-08-26 15:06:29.236392912,-31.231746907655626,154.8618704190905,29.78018359794419,4.5934857940701965,Mid-Atlantic Ridge,reviewed
1995-12-24 18:55:22.075044224,16.799292451700964,-106.78121179793358,55.509555597475796,3.6236837958644186,Ring of Fire - Japan,reviewed
2020-11-30 06:44:27.210032640,75.21531313576139,67.44010635660237,35.167896949047496,3.7282067455600503,Ring of Fire - Japan,reviewed
2000-03-02 01:37:44.272721024,-88.20003681795541,-144.93567262562286,42.899875309572316,4.14885570772009,Ring of Fire - Japan,reviewed
1997-11-16 18:13:17.197709184,-19.238437406667373,-111.37616800026585,9.19262748350222,3.0203818894348453,Ring of Fire - Alaska,reviewed
1975-11-28 06:05:09.762400192,62.95958754520029,3.288424165052959,411.4513332359028,4.167429783262959,Stable Continental Region,reviewed
2006-10-12 02:57:48.838405120,-16.115403890380335,75.01592849751819,58.29901650067862,4.06025441350428,Mid-Atlantic Ridge,reviewed
2016-01-14 11:25:21.540553984,39.609877539589036,129.08467293873792,11.8920672364634,3.4079263496121435,Ring of Fire - Chile,reviewed
1991-04-21 17:31:47.730907648,34.546482434196406,87.80523551269135,35.89155291996576,3.0986696277894517,Ring of Fire - Chile,reviewed
2013-06-07 14:08:25.754702336,-53.01743226653389,-174.4729967302134,215.45220588109518,3.1048730926419337,Ring of Fire - Indonesia,reviewed
2024-01-04 10:35:02.592957184,-9.072989213943018,66.21527733096858,266.79436675310376,5.823545881397153,Ring of Fire - Japan,reviewed
2014-05-26 06:02:03.767923712,46.787978010508795,-178.44752792022007,20.849314385201527,3.9874398758567073,Ring of Fire - Alaska,reviewed
2002-05-06 12:24:38.508535936,-84.90393587065857,114.71686222474943,2.229973376978206,4.985808771116616,Ring of Fire - Chile,reviewed
2005-07-15 02:44:25.683909760,30.714811488299773,-59.464896509089996,14.101253715205567,3.0491070269088736,Ring of Fire - Alaska,reviewed
2014-09-06 17:43:09.692303360,-0.4832165059788309,54.16192142561786,64.0833816852832,3.2970181934444205,Ring of Fire - Alaska,reviewed
2021-03-30 08:05:31.412767488,-22.866081705742147,-69.75035410418569,42.66979737289249,3.0101285935013835,Ring of Fire - Japan,reviewed
1999-11-07 00:56:46.042249984,38.524718625642976,178.35281993286276,58.25580484527339,3.2473833569679202,Mediterranean-Himalayan Belt,reviewed
1978-11-05 15:35:59.261398624,31.299932181443992,-142.82998989466563,54.11630991319784,6.514250348478788,Ring of Fire - Japan,reviewed
2008-12-20 05:23:30.961522944,14.307566662145788,-123.4695293392848,3.03776859092363,4.045406437384308,Ring of Fire - Alaska,reviewed
2014-06-03 13:47:08.204376576,65.08899586607663,141.18901389038234,10.47457050562487,3.333702875924291,Ring of Fire - Chile,reviewed
1987-09-27 17:26:16.603767424,-71.65799551950491,-137.09524447984614,1.7259238994825021,3.076274586357903,Ring of Fire - California,reviewed
2017-12-31 21:17:46.469370624,-35.81581033434894,-42.7369446914513,62.998829381505786,3.0314559808327757,Ring of Fire - Alaska,reviewed
2020-09-28 08:21:06.312172544,-0.8765252634909899,83.93119628263253,34.10746922418157,3.308769938242304,Ring of Fire - Chile,reviewed
2025-01-27 23:09:08.476799232,-77.04659046927254,163.68090365260525,60.96233990186667,3.5914771003379498,Ring of Fire - Alaska,reviewed
2020-01-23 18:31:00.951540224,65.74420272736842,19.327569218681106,5.0877509088567665,3.233529205108932,Ring of Fire - Chile,reviewed
2006-08-22 05:53:37.481491200,-34.489717919750895,-56.363954364524034,230.85713911864087,3.8007811002478222,Ring of Fire - Alaska,reviewed
1994-08-28 22:26:13.276709504,0.9610941412653631,-121.1250288882396,23.73199848207368,4.794707995155843,Ring of Fire - Chile,reviewed
2004-06-15 16:34:19.783429888,21.560191927625226,-155.43659879853962,31.593522291750208,3.0749063444720663,Ring of Fire - Alaska,reviewed
1974-09-04 02:10:56.376870784,-47.01151701704356,102.71911144419687,62.229414698943266,4.297468664783089,Mediterranean-Himalayan Belt,reviewed
2019-06-01 01:29:15.334249728,37.2013000054382,162.2416889026266,49.880456027308256,3.9332319464081356,Ring of Fire - Indonesia,reviewed
2015-01-01 02:28:28.737326080,-31.014521233984937,-20.719099812104872,37.61343773901544,5.618163482142797,Ring of Fire - Chile,reviewed
2024-02-27 15:22:33.187798272,24.62709169684358,-1.0724486087294736,59.33768385735517,3.840011858407485,Ring of Fire - Alaska,reviewed
2025-02-09 00:12:01.893901568,-49.601029815753016,-45.90938168694154,33.20278993852037,3.5804403653471866,Ring of Fire - California,reviewed
2007-05-27 23:13:32.349842432,-23.550670332706048,46.10910239179762,55.065676125344275,3.7235472479887006,Ring of Fire - Alaska,reviewed
2005-07-16 22:21:26.080951552,50.051452510662045,-117.0951427042898,50.240557832044395,3.0803727846816336,Ring of Fire - Chile,reviewed
1979-04-18 06:36:40.909077248,-49.55723116863313,-43.026642468943095,39.02321842829576,3.3585220186594955,Ring of Fire - Chile,reviewed
2019-05-22 01:38:33.268261888,51.717310299657555,132.72366207842293,10.125843140488378,3.431543161455601,Ring of Fire - Japan,reviewed
1993-12-09 10:43:05.120285568,35.20894988965499,82.67943514216375,15.342904195663218,6.192916008201717,Ring of Fire - California,reviewed
1979-02-01 03:50:10.907725952,32.2343784846269,-159.9881519560359,205.39909568358306,3.365437175032814,Ring of Fire - Alaska,reviewed
2001-05-06 16:23:30.980184448,44.2598100046832,-147.13368555352383,244.49499347795964,4.223885581773979,Ring of Fire - Alaska,reviewed
2010-04-13 22:33:04.750536960,-34.99069353022406,-91.92936928211809,68.3188183574715,3.733032365443371,Ring of Fire - Japan,reviewed
2019-11-08 10:45:03.603436544,32.2447434882866,155.7435692568289,292.15768812913655,4.475617326877039,Mid-Atlantic Ridge,reviewed
2010-12-18 07:08:42.742875648,-89.54741860483033,18.491196491027807,1.4814669787426782,4.082612266708992,Ring of Fire - Alaska,reviewed
2018-01-21 07:05:11.174508288,76.29055722666439,128.86080504863418,37.94675564388231,3.148499224805353,Ring of Fire - Indonesia,reviewed
2015-11-13 07:20:42.634675968,65.43708926700126,-124.99786766284511,42.908413911255224,6.206104917824291,Ring of Fire - Japan,reviewed
2000-04-13 20:30:43.550150912,-85.83548494420414,-115.2093189963491,40.72538853443971,3.1564476789921847,Ring of Fire - Alaska,reviewed
2009-10-09 14:18:10.964959744,5.32046292312333,-99.09983614794862,14.934260219208856,4.639222551696791,Ring of Fire - Alaska,reviewed
2016-01-04 22:32:50.110564608,-34.40252842391776,176.10531821240778,42.854634428005106,4.40010330240052,Ring of Fire - Chile,reviewed
1995-09-20 08:25:33.120515456,47.80631914475194,-109.75930729446083,41.47404832423475,4.5418334418455695,Mediterranean-Himalayan Belt,reviewed
2016-05-19 04:22:01.352504064,70.94001255806509,-52.75923757217301,6.943617107901502,4.058030347557489,Mid-Atlantic Ridge,reviewed
1979-09-24 22:42:02.684623808,-54.97196941296056,171.66094150689122,14.80643624209592,3.120746480416663,Ring of Fire - Alaska,reviewed
2009-11-14 19:44:46.276119552,22.64047791952099,-170.73699128011577,22.053954762531955,6.607812140952532,Ring of Fire - Indonesia,reviewed
2016-04-02 17:34:38.022389504,7.92966280463564,79.80102925220149,89.34532284122771,5.430211326450481,Ring of Fire - Japan,reviewed
1977-12-13 18:04:28.408650944,73.20438099309155,-67.9592161493338,189.08035113402633,3.8035317733883165,Mid-Atlantic Ridge,reviewed
1995-03-22 00:41:08.582127744,-53.296760862713725,69.49434651237453,62.240147339704976,3.4152617247554145,Ring of Fire - Japan,reviewed
2011-12-07 17:52:54.040267776,-21.24664755169306,-87.27244714514151,43.5815657593883,3.956790328593705,Ring of Fire - Chile,reviewed
2006-06-18 22:07:02.229733760,10.865881979294869,-5.2031268077703885,103.6664658936761,4.439815002027458,Ring of Fire - Indonesia,reviewed
2004-10-08 20:26:51.990980864,63.50116771660038,-132.6479679669438,23.163600815461823,3.582136707176646,Ring of Fire - Alaska,reviewed
2017-02-13 03:02:35.800160256,84.27596624334629,-33.538966180605826,662.9158245810288,4.321853676181121,Ring of Fire - Indonesia,reviewed
1996-05-23 05:40:27.966258560,53.829384837819845,-129.39128660258604,155.461814958726,4.3659252110840026,Ring of Fire - Indonesia,reviewed
2024-10-29 15:11:56.880149760,81.55653713615195,86.97421684475353,33.61656994297187,3.0587015174916954,Mediterranean-Himalayan Belt,reviewed
2005-07-06 02:37:10.954217728,41.6685993077418,-142.78961086857495,7.056503799735968,5.160744397858696,Mediterranean-Himalayan Belt,reviewed
1977-01-26 11:49:34.396502112,67.9723450852554,26.935352103227814,22.61305092330217,3.674252432930233,Ring of Fire - Alaska,reviewed
2007-11-12 20:37:56.103932672,59.58068262801291,38.69466108841846,508.83809476591557,3.3348129506820072,Ring of Fire - Alaska,reviewed
1988-03-16 08:27:29.746760192,-44.30907328659696,154.92618013489107,497.19697164181275,3.3044373919855725,Ring of Fire - California,reviewed
2008-06-07 10:48:13.290112768,-48.68344377823163,-125.64702052371509,441.2617609130151,3.7257136726584767,Ring of Fire - Philippines,reviewed
1973-11-25 08:53:22.850795152,65.58901658221168,55.20468950289708,55.56021980496486,5.396765546176097,Ring of Fire - Indonesia,reviewed
2017-12-02 09:27:35.112964096,-16.458551154048266,-35.706835070528626,23.03956938892562,4.523717744486275,Ring of Fire - Indonesia,reviewed
1982-09-21 12:05:00.654888512,57.71839865140063,0.6570654997709653,55.293840119199174,3.1120152053162604,Ring of Fire - Alaska,reviewed
2016-11-15 00:03:04.428908800,56.38307973141124,-95.83753966235811,25.78621553093138,3.7110089918010116,Stable Continental Region,reviewed
1985-08-22 00:48:43.530456064,-65.01909407755149,-13.974033977115113,86.93220015274679,8.268814457058644,Ring of Fire - Japan,reviewed
2005-12-31 20:43:44.235616640,-2.2122358457023097,67.26462062430059,270.6797188746218,4.618739401840555,Ring of Fire - Philippines,reviewed
2008-11-14 11:04:49.151704064,-3.6301675094764505,-15.439305762554653,54.44541062937833,3.260030683102073,Ring of Fire - Japan,reviewed
1987-02-05 12:27:44.969320384,75.09260611158061,-87.18255088385118,169.75722440858374,3.2926917009472803,Ring of Fire - Japan,reviewed
1971-11-10 19:43:29.469962224,86.43374817198671,-52.300390719731865,42.69081144898764,4.665960704815147,Ring of Fire - Philippines,reviewed
2006-07-30 03:19:31.129219072,-19.01696887603228,-18.154601417785273,63.49821934260927,3.2847908366607994,Ring of Fire - Indonesia,reviewed
2022-07-18 03:33:46.229196800,60.324761177785916,69.10164683588411,13.187633718034455,5.809304973130383,Ring of Fire - Alaska,reviewed
2018-10-14 17:53:11.822744064,-13.916579541811345,-162.47807350249562,2.7616367045884003,3.987669847965904,Ring of Fire - Chile,reviewed
2012-11-24 07:44:56.354773504,-42.86195513220164,90.33270205436304,392.1499289464096,3.525705066751034,Mediterranean-Himalayan Belt,reviewed
2014-02-25 02:43:27.398759680,89.60535797707928,163.83787306684502,25.423243726359445,3.7667284399076575,Ring of Fire - Alaska,reviewed
2007-03-28 22:28:10.340647424,67.1624801464165,-176.6382637062226,62.32201193495559,4.021954910683248,Ring of Fire - California,reviewed
2020-10-19 20:38:20.805475584,11.107662524389355,15.655601644305221,21.787167680501785,3.7329523641520512,Ring of Fire - Alaska,reviewed
2007-07-24 11:42:41.075426048,-88.76466709422242,-101.50218484197522,6.24748261456088,3.7733679539434286,Ring of Fire - Japan,reviewed
2001-05-20 16:36:48.278269824,86.57902455896013,95.26537140403246,210.91376184008027,3.213493241891548,Ring of Fire - Japan,reviewed
1995-10-12 16:59:07.085155072,-58.260565411351834,-179.66740471796092,54.87476953993213,3.154554464499307,Ring of Fire - California,reviewed
2018-05-31 22:04:05.281003520,57.785621453536464,-82.75457225222074,44.49154374057311,4.598416339720695,Ring of Fire - Japan,reviewed
2000-08-11 14:18:18.504072320,-74.36420131104708,-101.63861211353081,66.46468022174132,5.96427788289216,Ring of Fire - Japan,reviewed
2024-09-12 11:55:51.084063744,89.98039118711253,-126.84360491125193,19.783792416604516,3.5065252708050956,Ring of Fire - Japan,reviewed
1993-08-30 09:11:31.568427136,43.002718084353006,-94.0530443427566,64.90859428419864,3.803704670696683,Ring of Fire - Japan,reviewed
2011-06-08 06:12:56.048776704,-75.16267625747275,-77.55913917445967,34.2692634359324,5.989700919178958,Ring of Fire - Alaska,reviewed
2021-05-30 10:04:23.991965184,41.48032173159635,-104.08694419452229,6.696809729974888,3.2231084835251087,Ring of Fire - Japan,reviewed
2018-01-24 15:53:44.065457152,12.641153606401403,86.36640840782775,21.041378594664288,3.5741429410963157,Ring of Fire - Alaska,reviewed
1986-05-13 17:44:50.003853632,-37.18971429450693,2.954943013520108,573.3810973684201,3.531468137524267,Mediterranean-Himalayan Belt,reviewed
2020-12-31 23:34:14.831299072,-46.41191828734654,-139.03812094302617,42.0718114242083,4.741412445417201,Ring of Fire - Japan,reviewed
2012-03-21 18:47:15.152497920,-31.626547443647105,-100.31947825769582,30.082176675296672,3.670327451750246,Ring of Fire - Alaska,reviewed
2015-01-27 18:11:57.702158336,56.48904421446832,179.53886594154335,25.637710419893196,3.2059811834288325,Ring of Fire - Alaska,reviewed
2023-12-01 08:38:44.151508480,-33.89257584674132,-54.046985123667866,13.708746932596362,3.782696315409293,Ring of Fire - Alaska,reviewed
2010-09-10 14:26:35.590357504,-12.065328490514247,15.319739021523816,0.9561918404704406,3.175480817028338,Ring of Fire - Alaska,reviewed
1987-01-25 01:46:46.899775296,-84.1882741296357,-30.233822795786438,43.64554669693555,4.040449188892845,Ring of Fire - Japan,reviewed
2016-06-11 14:37:04.542930944,70.30877090676898,-166.89975645569166,112.30790610489832,3.917541538484664,Ring of Fire - Alaska,reviewed
1985-10-06 22:52:25.350000576,9.317080650038093,100.3237233166463,359.99080966061786,4.379644353896881,Ring of Fire - Indonesia,reviewed
2018-11-15 10:25:21.847815680,-71.13127911828028,78.11500076036185,282.9817060487477,6.053454732975832,Ring of Fire - California,reviewed
1976-04-21 14:33:41.048238048,-38.08675224915566,-32.83116678148403,19.17102737937597,5.676646935982616,Mediterranean-Himalayan Belt,reviewed
2009-05-28 11:44:35.261288704,87.03949479799942,124.52296927702588,435.1023045974341,6.212189803251707,Ring of Fire - Chile,reviewed
2000-04-11 21:44:33.459505536,16.75033675270616,12.506074160117208,145.51100338231976,3.3087269987781642,Ring of Fire - Philippines,reviewed
1983-07-19 10:54:26.154262144,-13.257780954121046,-86.61373551112273,21.60253771448056,3.395925941250313,Ring of Fire - Alaska,reviewed
1970-09-11 16:47:38.743865036,-43.47453970163971,-13.76177900909542,73.1290109536537,5.480067069923709,Ring of Fire - Japan,reviewed
2003-07-05 04:56:06.115954048,-37.353844492560725,-136.59546179397546,330.1376470292603,3.128209100616793,Ring of Fire - Indonesia,reviewed
2011-08-14 12:43:54.652006656,-57.07896534942711,179.93245969484423,67.2008860076903,3.010289292664143,Ring of Fire - Alaska,reviewed
2020-07-23 21:52:19.487572224,-22.119933409956985,43.07349964743534,104.88340088225266,3.051880526569704,Ring of Fire - Chile,reviewed
2017-09-22 08:28:21.180532992,37.39125380519168,107.0752128935149,94.6642344069904,3.863494267400106,Ring of Fire - Alaska,reviewed
2007-05-25 14:37:13.672965376,60.70134042517182,70.61021863347216,253.52421452760257,3.454659670181998,Ring of Fire - Alaska,reviewed
2003-03-22 03:51:30.822306944,83.33741814189366,-114.31204392430212,16.129538027003605,3.7055184093392164,Ring of Fire - California,reviewed
2019-12-20 06:18:42.720506624,-74.55338413447645,-31.798251166160043,91.50324316431764,4.044747980662285,Ring of Fire - Chile,reviewed
1980-05-18 13:23:45.188228800,-88.49043326872128,12.64194680702417,64.97517569533161,5.234144830254701,Ring of Fire - Japan,reviewed
1974-06-04 03:45:02.098571120,8.716496674040542,-50.503682827185116,53.48088379660045,4.19286005521957,Ring of Fire - Japan,reviewed
2014-06-30 12:13:43.759631360,-5.561677846156272,85.00080386209424,27.851501123415794,4.882787366252949,Ring of Fire - Japan,reviewed
2002-08-21 03:33:24.303969792,0.2860284012047458,-86.22506566735052,47.3022732243024,3.1403167076142156,Ring of Fire - Chile,reviewed
2025-09-28 16:24:16.012298496,-67.52598242793474,-76.8529385537643,21.663710543640686,3.8350581612569146,Ring of Fire - Indonesia,reviewed
2017-12-01 13:15:10.707194368,60.94579647582921,-121.75947702865169,58.324661983718364,3.3682694348837616,Ring of Fire - Alaska,reviewed
1999-03-15 03:05:17.779937408,46.70762447456221,125.83858427831979,59.600708743178004,3.053025052762272,Ring of Fire - Japan,reviewed
2016-07-22 01:58:47.112751872,60.543063851028165,120.50932679716993,52.07056966217198,5.18471285349932,Ring of Fire - Chile,reviewed
2003-07-17 21:46:41.757469312,-31.50747136356793,-2.2574471367206854,67.75019468569911,3.19559640359702,Ring of Fire - Japan,reviewed
1976-06-08 17:23:24.477445280,-26.48524628208044,7.04269444346474,161.06645203721405,4.8408676515826885,Ring of Fire - Indonesia,reviewed
1975-04-04 15:54:47.216917824,-57.63535663651892,41.81206684837113,3.0780149135018386,5.112020225924057,Ring of Fire - Philippines,reviewed
2020-12-08 14:20:09.997724416,60.354741868646045,-46.468964184947254,47.32392035092772,5.703111921975805,Mediterranean-Himalayan Belt,reviewed
2007-06-23 03:40:17.288185600,-17.152962507283533,-1.2297258608027164,43.53173747232755,3.3391000044523595,Ring of Fire - Indonesia,reviewed
2016-06-09 09:40:11.115171840,-81.20954327754353,16.88944646436545,52.799763312465124,5.577210132988775,Ring of Fire - Chile,reviewed
2019-03-22 18:07:50.661685760,83.92493300870933,163.27527702381042,60.476991968051614,3.425301354940004,Mid-Atlantic Ridge,reviewed
2002-01-07 11:02:16.780790528,-43.9403014870448,137.84692745683094,603.3222854053173,3.8840885082277157,Mid-Atlantic Ridge,reviewed
1994-05-03 18:59:18.595095296,29.559508642654336,-162.28848000784416,3.963048119430639,3.6466356900384636,Hawaii Volcanic Region,reviewed
2013-05-03 03:51:15.723264000,65.03101775812164,-158.2736166170431,69.95345859817807,3.3257180289349733,Ring of Fire - Philippines,reviewed
2003-09-16 03:21:30.345334784,85.70123760652152,-122.66517713610858,21.961468119125776,3.232354815637037,Ring of Fire - Chile,reviewed
2019-12-24 18:41:32.592174848,66.86706302219031,-53.38544728797575,38.350956744605384,4.219373867428221,Stable Continental Region,reviewed
1994-10-30 10:50:03.906026240,-17.340270929996308,-23.4013997335648,139.80010054317836,3.000441787132303,Ring of Fire - California,reviewed
2003-12-30 19:16:32.465395968,56.61062666912929,6.976092497197243,42.20361679972799,4.803269923058859,Ring of Fire - Chile,reviewed
2005-05-09 03:12:04.324934528,38.09714585527675,177.22374946998252,32.93505033627776,3.0908229254747512,Ring of Fire - Japan,reviewed
2003-02-18 23:34:10.040270208,-78.91133925030239,-41.31620830364881,39.226590209573786,3.2338179306755093,Ring of Fire - Chile,reviewed
2009-05-06 23:14:43.663320832,77.35681759277236,-92.60888525288621,41.61316984388333,3.536959976960314,Ring of Fire - Chile,reviewed
1983-04-19 05:26:29.357080448,-6.127003507170386,27.090867090502456,259.18328435009846,3.729645536527745,Stable Continental Region,reviewed
1991-07-14 09:50:39.925191936,18.565424121865945,-86.66845126359509,26.20353075877177,6.654096665750791,Ring of Fire - California,reviewed
1997-04-23 06:06:33.509726336,13.130302515103736,176.37628883517777,52.95868620404714,4.128653797181974,Ring of Fire - Alaska,reviewed
2006-07-10 22:37:36.233778560,13.46285642153454,-29.279451462895622,6.913833597912587,3.026083060216785,Ring of Fire - Alaska,reviewed
2023-03-25 05:04:43.842341632,-43.94892903268794,112.56696265095053,33.26725686110403,3.618670334798585,Ring of Fire - Indonesia,reviewed
2003-08-21 02:47:25.219408384,23.88644089581402,53.38091701647721,60.88379976097481,5.287462256259013,Ring of Fire - Japan,reviewed
2011-08-22 17:25:58.157112832,73.3346700799793,156.05790280010484,29.86717864310633,3.394633114699018,Ring of Fire - Indonesia,reviewed
2005-07-05 07:54:50.723144960,23.504450871619767,29.238472599066228,12.199507495095249,4.562449661750113,Ring of Fire - Japan,reviewed
2024-05-27 18:11:42.172729856,-15.967780263363267,124.62660822169818,50.85089506751917,3.865917649441549,Mediterranean-Himalayan Belt,reviewed
1988-07-22 00:58:05.054479488,75.19696856591398,-154.8513256907208,38.8863066691817,3.3667257737376666,Ring of Fire - Chile,reviewed
2004-03-15 06:50:06.176776320,76.20500263220342,121.26709192358106,4.863598941847234,4.409626483433911,Ring of Fire - Alaska,reviewed
1985-09-19 19:31:52.920326400,74.51770459852742,30.03491591117873,3.514918502030091,3.0893237432596288,Mediterranean-Himalayan Belt,reviewed
1981-08-04 14:51:39.467618752,15.238037488444661,-112.924796330537,55.0869767335329,3.1234144448394967,Ring of Fire - Alaska,reviewed
1970-06-06 18:03:32.524525926,-58.718843313776915,96.83986024690495,60.25985196304141,7.21173801529428,Ring of Fire - Japan,reviewed
1976-01-19 10:49:04.733906656,69.02740375343686,143.35761373018016,113.05108006735276,3.4980217821754067,Ring of Fire - Chile,reviewed
1988-12-22 17:12:16.783961984,15.828204626259037,91.10687709663353,28.202270526964156,4.121943144847632,Ring of Fire - Indonesia,reviewed
2014-12-11 06:50:15.744126720,-81.87360079234244,-48.41702235648597,61.04208143900067,3.1519706146795166,Ring of Fire - Japan,reviewed
2002-01-13 02:39:42.004711552,-46.84186436550614,49.94076839623344,48.57944758724929,3.6189416301371216,Ring of Fire - Alaska,reviewed
1998-09-16 14:13:55.112440960,16.956163902177835,-15.391000184150045,14.472265201816741,3.3532945411253716,Ring of Fire - Japan,reviewed
2022-03-06 03:48:42.355531520,50.39773235239721,79.60594188193045,24.177766344451726,3.0455755272766494,Ring of Fire - Alaska,reviewed
1992-03-26 03:34:02.359857920,75.58597202950858,94.77206054501522,10.166300835344067,5.695268749859177,Ring of Fire - Alaska,reviewed
2004-07-21 20:40:29.639198464,42.05866444209454,14.629444780060822,16.916985818082072,3.3885316014952735,Ring of Fire - California,reviewed
1989-05-01 20:22:28.392067968,19.92734321935255,-22.301849385047547,63.21007596060474,3.0348821922765974,Ring of Fire - Alaska,reviewed
2018-12-15 11:21:32.894141952,38.36425560699729,-31.788001732280662,45.59352740601439,3.822584288673983,Ring of Fire - Indonesia,reviewed
1997-08-21 12:11:49.144973056,-49.6474804327149,148.23084839921557,7.00221697470076,3.397510457637928,Ring of Fire - Chile,reviewed
2009-04-29 07:09:53.998182400,-70.23882128480096,-120.89833738409209,45.43642183769837,3.495364694032514,Ring of Fire - Chile,reviewed
2025-08-06 01:59:14.615345920,47.13317570320174,-90.54006565660362,39.06939106897505,3.0755842254622596,Ring of Fire - Japan,reviewed
1985-05-21 02:00:48.221343296,13.946279819044236,-138.13872423797295,29.19386653628939,3.0440931801718714,Ring of Fire - Japan,reviewed
2020-10-28 08:49:40.968988416,-10.403949388097118,-45.45790302625204,44.90432583450015,3.3105988232088985,Ring of Fire - Japan,reviewed
2009-12-26 02:37:56.117044992,80.46642494631831,-161.580393499874,221.70727022352744,3.835419773661825,Ring of Fire - Indonesia,reviewed
2004-01-16 11:38:53.704075008,-3.6426255969152948,123.45404173874539,505.68286979091454,3.724314728089524,Ring of Fire - California,reviewed
1987-04-29 14:24:17.145862464,-75.40156061748385,50.56568448496387,20.222110956195873,4.3349309137160645,Ring of Fire - Alaska,reviewed
2016-02-17 23:38:00.540511232,47.79300223264255,-176.81086470667015,9.228563246245994,3.0774767871311846,Mediterranean-Himalayan Belt,reviewed
2023-06-25 20:27:48.217174272,-19.518911386575354,-83.68817458153924,39.952061921332394,3.236950939953461,Ring of Fire - Alaska,reviewed
2015-12-26 23:14:36.067181312,37.924838234799054,-53.263581218991305,26.864175124893666,3.265669080046871,Mediterranean-Himalayan Belt,reviewed
2005-08-21 07:36:48.184809728,38.372411728053095,-0.5968695493288863,232.1123254289874,3.2306240842297624,Ring of Fire - Japan,reviewed
1984-06-04 20:10:17.254756992,-83.90280191979186,-37.16855359446305,30.595465793023255,3.2666204296909713,Mediterranean-Himalayan Belt,reviewed
1973-05-02 11:00:31.352800976,-21.862507526794587,-60.562678039971516,167.5977721531434,5.175566279945679,Ring of Fire - Japan,reviewed
2003-10-24 10:16:53.688618752,34.769904807949345,1.5873581844199407,255.35829881434742,6.135566370788024,Ring of Fire - California,reviewed
2008-06-12 19:45:50.457394432,-49.73714515692106,-167.89845433368242,189.6940158769977,3.8039179036976596,Ring of Fire - Indonesia,reviewed
1976-05-30 14:46:33.141673120,-11.987870766737032,52.27263361138128,38.62256180576859,3.4777755063806364,Ring of Fire - Alaska,reviewed
1995-07-20 09:43:39.446489344,-51.32258018687781,-79.48087209894616,65.81232443107396,3.056169075865874,Ring of Fire - Chile,reviewed
1993-06-17 17:44:22.793663104,70.44339335201792,31.443750470200143,44.10049948125663,3.839022741398316,Mediterranean-Himalayan Belt,reviewed
2012-01-24 20:16:14.461729792,74.7255138531817,24.80409813067274,50.18189229180941,6.1714550694278625,Ring of Fire - Indonesia,reviewed
1989-11-13 03:17:36.838007680,21.400364162824985,11.3558799677472,3.9186199403180466,3.739219236884923,Ring of Fire - Alaska,reviewed
2022-09-26 02:47:00.649697792,-34.38926273419975,79.84466278908872,88.1198763309003,3.790483475236422,Mediterranean-Himalayan Belt,reviewed
2007-06-10 07:35:32.071812864,-39.63823449215268,-139.3494221399045,141.22652980083484,3.342833149073004,Mediterranean-Himalayan Belt,reviewed
2008-01-02 20:04:44.298390784,-28.517405489803565,-72.37051589319717,31.76972789795366,3.6675670877438105,Ring of Fire - Alaska,reviewed
2003-03-31 03:27:35.647623680,46.32903908870318,27.351182108883023,61.08456813838385,4.348999686480507,Mid-Atlantic Ridge,reviewed
2005-08-15 01:44:18.575321344,66.1989135308541,50.783913673217995,61.73913135362908,3.4394115667386087,Ring of Fire - Japan,reviewed
2021-02-21 10:59:25.910312960,-50.7707272640915,68.43230611261305,47.05639048604236,3.0474284583304527,Ring of Fire - Indonesia,reviewed
2004-04-20 23:09:48.792089088,-80.65521527180763,-167.87165861613462,27.152897026621087,3.7543412237804237,Hawaii Volcanic Region,reviewed
2018-12-04 18:10:33.499242240,46.27690327299152,50.31277647820028,20.333712392626055,3.864902142372877,Ring of Fire - California,reviewed
2010-07-17 10:06:06.057908736,-19.76151493644909,-137.9565495796171,272.9088547179821,3.2028977356693247,Ring of Fire - California,reviewed
2020-07-14 21:03:35.474456576,50.2624433855614,81.56756547681482,64.31964358812368,7.614489117639668,Ring of Fire - Indonesia,reviewed
1973-09-20 23:25:21.959788544,22.573845359821377,73.20419854025255,13.662223052800435,6.206068803788314,Ring of Fire - Alaska,reviewed
1986-07-10 11:13:20.091399552,86.30333561562878,170.89164457505274,44.07708563019211,3.855643713028494,Ring of Fire - Alaska,reviewed
2002-04-28 11:15:46.084184704,-53.98703985313227,152.27757864438377,230.42477828853174,3.7196046004256984,Ring of Fire - Japan,reviewed
1972-06-13 14:17:09.248775392,22.910302384636537,146.97538666558626,76.6243152309467,3.51385347780609,Ring of Fire - Japan,reviewed
1976-11-20 18:52:24.542339776,-35.214408959935014,-48.654364477566816,22.05391785230581,3.7477058011510063,Ring of Fire - Alaska,reviewed
2001-04-13 21:54:37.549487488,64.53077389917917,-88.52953238175391,20.992001803906344,3.9519738975612078,Mid-Atlantic Ridge,reviewed
2010-10-31 18:50:53.449341440,83.36835424510946,-97.42397487708465,13.73509558192067,5.542874229941142,Ring of Fire - Alaska,reviewed
2006-07-12 07:42:22.059441408,74.22748047297483,7.64870038649147,118.16852881195472,4.233574677253118,Ring of Fire - Alaska,reviewed
2017-05-09 03:30:17.530493440,69.75523008192982,-140.15182520883963,45.39483182830429,4.103439088735544,Mediterranean-Himalayan Belt,reviewed
2008-10-11 13:20:19.725993472,-58.84757248258511,-41.06442436220536,23.285961987462404,3.115281015927559,Ring of Fire - Alaska,reviewed
2007-09-08 04:28:18.724799232,54.737431602034945,-77.96174663301932,33.673578923342276,3.141818192385217,Ring of Fire - Indonesia,reviewed
2014-03-08 02:43:24.314302720,-9.350841323924683,-88.26926525763183,29.099250479945027,3.567026889712218,Ring of Fire - Japan,reviewed
2014-09-16 06:33:16.239329024,83.33242851271086,-18.70339871910491,64.37223935950057,3.1028019126136175,Ring of Fire - Alaska,reviewed
2016-01-21 00:06:55.466262528,-64.93279142009771,-113.70469168527787,263.9358025734476,3.6202295866511705,Ring of Fire - Japan,reviewed
2018-01-08 17:20:23.324890880,-82.1242690268479,39.62485303110279,20.916214485829222,3.2113247387260553,Ring of Fire - Alaska,reviewed
2021-04-30 22:34:17.356242432,-88.356506401825,80.89378085590982,19.560969556512596,7.785588091263017,Ring of Fire - New Zealand,reviewed
1987-11-09 18:47:34.234562624,-79.79307372598689,92.5648461290885,15.151015838817006,4.279243663747276,Ring of Fire - Alaska,reviewed
2002-08-08 17:03:47.297325056,6.955848804944168,72.05818888637683,0.5053962902602427,3.433028700800204,Ring of Fire - Indonesia,reviewed
2003-08-29 18:28:42.260030208,-63.55657978700275,53.621145042445164,38.29197024971134,7.096768671184311,Ring of Fire - New Zealand,reviewed
2009-07-06 08:20:36.843718144,43.307187639696565,-38.2781954291319,16.182311819617595,3.3709586948350503,Ring of Fire - Japan,reviewed
2008-07-19 22:44:53.654179840,-80.09877041209178,65.2095908979947,47.807509308208104,3.606446128058047,Ring of Fire - Indonesia,reviewed
1994-02-09 14:47:50.746634624,-17.56516979587461,103.30811572960545,2.6241569808761533,4.828305580785549,Mediterranean-Himalayan Belt,reviewed
1977-12-26 11:28:21.697588928,-43.35332424134398,20.01597289887013,22.732542627704138,3.8460293632809384,Ring of Fire - Alaska,reviewed
2019-11-05 03:42:42.677086976,76.68018084708842,80.92606422914372,23.584881247482688,3.3586340983031,Ring of Fire - Indonesia,reviewed
2006-03-02 00:07:35.044388736,-34.67069145239383,107.7361358492605,49.85315873856446,4.2742833865767045,Ring of Fire - New Zealand,reviewed
2005-08-31 13:30:51.745121024,64.03611472422489,35.69971511627526,66.0134167446334,3.316306147540906,Ring of Fire - Alaska,reviewed
1989-01-27 09:02:54.449130496,12.224751479082784,-52.23523490287191,246.1983997971909,3.074636634112559,Ring of Fire - Indonesia,reviewed
1974-01-06 17:21:29.888726928,-73.88600167755806,-107.3098971909794,51.19415666296901,4.290486815916868,Ring of Fire - California,reviewed
1992-12-09 03:21:17.622044416,63.59772656130616,113.73270071012735,18.587492392963348,3.9345436850279345,Ring of Fire - Philippines,reviewed
2007-12-02 03:33:45.604812544,-15.19347526093648,175.4885061468953,16.81590164768817,3.4971405705603607,Ring of Fire - Japan,reviewed
2003-12-04 00:04:18.254427648,-29.184310144159575,-45.544078675644556,151.63665183252562,3.26882395718739,Mid-Atlantic Ridge,reviewed
2025-04-30 07:11:26.803419648,43.4238331450143,49.52941534348153,149.90139320257794,3.212563156662296,Mediterranean-Himalayan Belt,reviewed
1995-06-04 16:41:01.679205504,-66.28003864218347,85.31278723283657,12.589111278487886,4.000018952465403,Ring of Fire - Chile,reviewed
2008-07-17 06:33:02.397299456,2.02838744427018,-129.92101920613655,53.385679112929864,3.6071658419679933,Ring of Fire - Alaska,reviewed
1977-11-14 17:30:58.684050400,10.003535601531652,17.87185583937753,12.071628791352577,3.6510180002356005,Ring of Fire - Chile,reviewed
1997-03-11 18:23:13.384348544,-59.78002373446396,3.286681341992278,60.47067291917458,3.322549837185767,Ring of Fire - Alaska,reviewed
2023-12-26 01:09:09.600050944,-38.878097073343184,6.772347594438202,42.09633480102123,3.8623563980595907,Ring of Fire - California,reviewed
1991-07-08 04:19:03.420356608,-30.310388119809296,-64.46796661247002,145.6316007826738,3.3998494304329614,Ring of Fire - California,reviewed
1972-03-08 14:03:02.464819200,-68.03487412829855,-74.46282047332281,30.241735974361916,3.220724702260383,Ring of Fire - Indonesia,reviewed
1971-09-26 03:19:51.600575984,-15.616684021363895,85.77812687994441,204.80768022526428,3.098809335671386,Ring of Fire - Alaska,reviewed
1978-12-17 23:45:38.201619552,-69.02540267412294,-67.33329173863848,18.10089550869417,3.240292192141244,Ring of Fire - Japan,reviewed
1971-04-23 14:53:24.823713392,20.661184590306405,55.336012608166186,245.09242881383287,4.288568697987535,Ring of Fire - Chile,reviewed
2012-05-06 20:05:20.785024256,-18.397221344493772,-104.84173140082468,42.78500318391811,3.5444050006798964,Mediterranean-Himalayan Belt,reviewed
2020-05-27 09:37:55.969197312,12.329862892488734,123.58845840607574,38.410372390813464,3.5042452468327556,Ring of Fire - New Zealand,reviewed
2023-07-13 09:47:14.665039616,34.291331846306036,-97.37403777687221,16.729061142897354,3.4075832365195757,Ring of Fire - Chile,reviewed
1987-08-01 13:28:13.772841344,46.249017036713866,10.837359752180902,16.24937389601093,4.1988392220203234,Ring of Fire - Chile,reviewed
2019-10-01 12:29:14.760625152,-65.45669221801657,-131.16221531799863,58.447868463683,4.205565888636659,Ring of Fire - Alaska,reviewed
2003-10-06 23:46:32.387614464,83.74369359604992,107.09422826582102,528.5406262827781,3.370905173977948,Ring of Fire - California,reviewed
2016-04-17 15:29:42.327684352,61.85617481767713,64.81017045815767,26.23117157750319,3.67801382733299,Ring of Fire - California,reviewed
2025-02-07 00:30:34.025209344,11.217380867751103,97.38320569016969,337.1437891774085,3.2364845452401783,Ring of Fire - Alaska,reviewed
2023-10-28 02:29:52.774785536,-21.162065763465122,120.60122898777905,27.622346616286837,3.0256485075407027,Stable Continental Region,reviewed
1989-01-22 22:29:55.102623744,79.8019468839648,-99.34947036293434,51.802516148892394,3.2839838372923973,Ring of Fire - Japan,reviewed
2000-04-26 09:50:06.122125824,-60.86616055644558,75.97900855015897,27.26844151370657,3.3607457197986363,Ring of Fire - Indonesia,reviewed
2001-01-03 01:27:51.266367616,56.41660091741704,-145.73318672930088,49.833261970891364,4.121566373598333,Ring of Fire - Alaska,reviewed
2000-05-02 11:43:28.838364544,72.91206929485494,131.11732479499625,113.87210065233464,3.085927707127495,Ring of Fire - California,reviewed
2012-08-31 04:15:59.605120000,-40.225003359266516,107.66513850425918,570.316385451194,3.1585145610267125,Ring of Fire - Indonesia,reviewed
2016-09-06 15:25:26.818415360,-66.82791431074833,-51.63801840536922,98.23021257516271,4.138447691690021,Ring of Fire - Japan,reviewed
1994-08-31 08:19:35.438016768,-45.386979502331734,68.1396495827963,65.57417646661013,3.4565015012044147,Ring of Fire - Alaska,reviewed
1973-03-25 01:35:02.289119072,75.53183415047937,-22.021423391856587,7.078763172716079,4.157409549684413,Ring of Fire - Japan,reviewed
1989-03-06 02:07:27.359592320,48.606664264419436,131.22623359681313,15.236611324615676,3.1359686431068043,Ring of Fire - Alaska,reviewed
2024-02-13 03:14:06.126054400,-86.07626833260068,124.48282767706905,84.80622320845912,3.6322126244203092,Ring of Fire - New Zealand,reviewed
2001-03-25 19:38:49.052441600,-30.046361782294575,-171.40089365198358,64.46203104811366,3.342982286749155,Ring of Fire - Japan,reviewed
2002-07-04 07:17:32.045919104,-31.996376950674893,26.411067628332404,12.479236582542855,5.255585432314302,Ring of Fire - Japan,reviewed
1994-11-13 00:38:35.730181504,-59.79314493898876,-31.55597073681639,178.9489604268611,4.029477284509674,Mid-Atlantic Ridge,reviewed
2005-01-25 08:53:37.768561664,-16.076535076366397,131.19880532117872,506.66176029144106,3.570569633390053,Ring of Fire - Japan,reviewed
1997-05-18 10:15:23.355447168,2.679254177936528,-67.26635130966723,45.93595932861646,3.2806754625680106,Ring of Fire - California,reviewed
2025-08-27 04:20:46.881501440,41.863928266437995,-71.36976753077674,12.392900874193447,3.7181667870927675,Mediterranean-Himalayan Belt,reviewed
2019-04-19 01:52:04.532045056,16.265631936063556,98.77098342333028,15.98929197823551,3.503496025672699,Ring of Fire - Alaska,reviewed
2004-11-28 12:31:46.177106432,34.51689553739001,-1.6949767137435572,293.87721502827696,5.696378950576939,Ring of Fire - Alaska,reviewed
2001-11-19 11:24:14.537770240,41.89782259681439,13.350717307492772,59.44534012858734,3.5052668568932654,Ring of Fire - Alaska,reviewed
2004-10-03 08:51:03.788831616,40.84566094458424,119.39595062718791,64.05537356951642,3.514269873315046,Ring of Fire - Alaska,reviewed
1992-02-16 18:03:15.521913344,-47.30033989535994,-121.77428235536006,42.355003962653676,4.992845569733273,Ring of Fire - Japan,reviewed
1972-03-18 01:34:47.385197512,-41.37198493837173,17.916362239794154,51.01839029856124,4.157284711132406,Ring of Fire - Indonesia,reviewed
2000-05-29 11:33:48.875277696,16.66554433759856,132.67024963011283,477.3143944316958,3.447348417810347,Ring of Fire - Chile,reviewed
2023-12-26 06:46:05.756988160,-0.684201479802681,125.76558895960767,230.49508065371396,3.0430310475347886,Ring of Fire - Indonesia,reviewed
2020-12-05 01:48:13.607949056,-59.432137611454834,73.74906013678805,1.992017429074574,5.251008982139734,Ring of Fire - Alaska,reviewed
2010-06-09 23:53:39.388961024,26.830845102848954,-11.924169824715705,59.33279619509545,3.7908755084319203,Ring of Fire - Alaska,reviewed
1999-11-14 08:33:40.447119872,21.423484915101213,-34.30035851596253,58.95162210429682,3.5587049518816443,Ring of Fire - Japan,reviewed
2018-09-19 11:30:04.804482304,-42.33880315223649,-37.71915699110042,35.052869231869025,3.7562475032572715,Ring of Fire - California,reviewed
1977-04-26 05:34:38.342319200,-6.224995723306677,-156.1633961008461,262.7743080365621,4.210947548406795,Ring of Fire - Indonesia,reviewed
2014-04-08 07:07:25.447084800,70.97416885931034,161.59330312722398,542.0012245352132,3.0141323651519847,Ring of Fire - Alaska,reviewed
1976-12-27 23:02:33.336725120,49.22982617864375,-17.900763579551352,30.059315079657733,5.257453009130252,Ring of Fire - Alaska,reviewed
2014-06-22 23:46:34.849026304,-49.15010218260029,154.84136374021654,47.792984731346394,3.651119003940586,Ring of Fire - Alaska,reviewed
2019-02-12 03:12:27.668017664,-77.88366478412229,118.29973960512518,9.41199285369451,3.163663420612971,Ring of Fire - Chile,reviewed
2022-11-12 11:49:50.448938496,-15.492858110025793,31.791198539097678,246.92317681453068,3.6367506882359386,Ring of Fire - Alaska,reviewed
1978-05-02 07:46:30.337780512,-75.5787190432687,-143.43988105776938,202.1050365749732,3.7544015988099653,Ring of Fire - Japan,reviewed
2024-12-07 03:14:10.656504832,-82.6735604723922,37.29103534298602,24.798600492933804,4.248781400188687,Ring of Fire - Japan,reviewed
1997-01-26 03:10:29.679637504,-62.77674670057584,-175.1559089707184,55.8242284399112,3.600901521626041,Ring of Fire - Alaska,reviewed
2018-05-11 03:17:58.098335232,74.7071898905792,-164.65287107934085,66.15822551397822,6.5804543399423405,Ring of Fire - Chile,reviewed
2002-12-20 07:49:11.033922816,14.788376082113274,63.95881759220802,1.1318677968163826,4.00593477122673,Ring of Fire - Japan,reviewed
1981-05-19 12:31:30.603395392,-14.562887300042888,-119.46770046813165,71.03078946487163,3.55695339903613,Ring of Fire - Alaska,reviewed
2012-08-29 01:24:06.472630784,87.20381344937053,148.0440429332428,291.53660742342583,3.4518256643282417,Ring of Fire - Alaska,reviewed
1998-08-19 02:48:31.253065600,62.942901947985376,77.87734355724615,26.804148513084183,5.17150820767616,Ring of Fire - Japan,reviewed
1997-07-27 12:47:34.868904576,83.44070584143816,-70.54516773453062,50.680615451308775,3.089734648595682,Ring of Fire - Philippines,reviewed
2002-04-30 02:06:41.895812096,33.3072916240332,77.7588392461746,15.278863799737026,3.0828774457991193,Ring of Fire - Japan,reviewed
2018-06-21 15:35:04.657254656,-31.02651689522746,75.5180199302012,68.88127051374524,5.089164314071348,Mid-Atlantic Ridge,reviewed
2024-12-02 01:28:59.028546560,-34.45075183119591,34.079589220723165,29.2784856631803,3.2632702169076557,Ring of Fire - Chile,reviewed
2016-05-04 05:52:05.995794688,-13.001021638902088,111.96519756658591,457.37926128945435,3.8610857803272984,Ring of Fire - Indonesia,reviewed
2012-10-23 21:17:15.423901952,74.77009481193849,157.50645767289683,47.79456501358913,4.9680369644093645,Ring of Fire - Indonesia,reviewed
2002-02-12 09:18:12.452040576,-3.9487632130834527,133.15983300971868,62.44784109837569,3.1469963099317884,Ring of Fire - Chile,reviewed
2023-07-16 00:46:24.524676608,73.97908382282057,-92.52749008329911,47.59110117630224,3.152913897133794,Mid-Atlantic Ridge,reviewed
2017-10-27 02:01:07.116031232,80.58515074057135,74.69263807546082,69.48129131536913,3.5897535599040333,Ring of Fire - Indonesia,reviewed
2017-06-06 01:17:43.448381440,66.81911163767549,-102.31339232179127,41.32093502289197,4.026470998520127,Hawaii Volcanic Region,reviewed
2020-01-05 08:58:30.736861440,44.653986293827614,161.019192726921,13.432128480266671,5.932258163173186,Mid-Atlantic Ridge,reviewed
2019-06-22 12:06:54.491376896,38.800724021604395,-101.35876623232657,28.101048448200267,8.940046683075657,Ring of Fire - Japan,reviewed
1995-02-08 11:16:16.850276480,39.78786156443317,-46.405939929326394,13.83092100798228,3.025109866570731,Ring of Fire - New Zealand,reviewed
2005-02-01 16:43:08.779246720,-13.758765110534853,34.944834610659086,6.362923103218348,4.03426923700264,Ring of Fire - Indonesia,reviewed
2021-11-16 07:16:58.550920192,-37.067191348852035,-119.09105179465533,37.24777936859026,4.8898066083852285,Mediterranean-Himalayan Belt,reviewed
1996-09-13 21:06:25.128372608,-7.480187939845365,85.40882756087575,102.37097357996524,3.3007392762380934,Ring of Fire - Alaska,reviewed
2008-07-05 23:29:39.883107072,71.99087206901089,-7.439465403564583,86.00381021502318,4.7009844519779165,Ring of Fire - Chile,reviewed
2010-06-21 12:36:35.061281280,27.2276471912092,-146.2259623880933,243.27926643156223,3.0638370709589755,Ring of Fire - Alaska,reviewed
2008-10-12 08:46:47.040539648,-79.88753525073999,39.91434838975846,71.96759712717915,3.507161616430732,Ring of Fire - Indonesia,reviewed
1977-07-12 14:26:27.034164928,56.01599002163738,-46.006109235426834,63.30977396220052,3.7753170119878403,Ring of Fire - Alaska,reviewed
1986-10-07 12:54:40.518662080,78.37227489915006,161.8730896370567,9.336686564641997,3.9039506387153136,Ring of Fire - Alaska,reviewed
1990-02-01 19:24:26.613000832,59.29603919761871,4.754054412734973,0.823556605689838,4.434639117818441,Ring of Fire - Japan,reviewed
2015-01-18 03:42:03.628994304,40.957454548034434,-153.98421520889738,90.30398438273417,3.4820923825385455,Ring of Fire - Chile,reviewed
1981-10-19 13:10:01.284318336,-27.180019394534142,100.56733290953946,42.874265496795836,3.968419981551264,Ring of Fire - Alaska,reviewed
2023-08-13 16:25:26.404566016,11.75163990264545,-122.21898861398311,52.159292394888,3.8725465372731773,Ring of Fire - Japan,reviewed
2025-11-16 10:19:08.653166336,-70.87136145555873,87.5509031656157,246.73442491622788,3.330397106889799,Mediterranean-Himalayan Belt,reviewed
2007-11-26 00:37:28.605818880,78.16570596200697,-172.6222984600029,23.513969157468267,3.097292152654742,Ring of Fire - Alaska,reviewed
2016-05-23 16:22:55.053073152,36.48441478967705,-169.57087340494428,37.36044629464564,3.1397066752511136,Ring of Fire - Chile,reviewed
1986-07-01 20:24:44.363694720,-40.484331710770405,63.68834407783007,66.7304677456403,3.2797888870376073,Ring of Fire - Japan,reviewed
1970-10-20 18:58:08.324346236,-31.0751442429574,81.04553939703482,4.6491483137004455,3.7628974429814583,Ring of Fire - Japan,reviewed
2011-04-27 15:29:10.735207424,-20.802725229569504,124.5129974350998,0.27505249955524613,5.018887739452664,Ring of Fire - Philippines,reviewed
2016-09-16 18:13:35.828096512,-76.48716733583095,-36.14406631465414,40.74849595738853,4.329122590819518,Ring of Fire - Japan,reviewed
2011-06-19 22:59:59.439436288,43.05185976859707,-39.680400583617995,351.0364957149509,4.711698561101064,Ring of Fire - Japan,reviewed
2012-03-10 20:40:15.794842624,54.92160446772783,92.63770381257524,56.13442745791879,3.570473305481999,Ring of Fire - New Zealand,reviewed
2013-01-21 18:39:50.035471104,62.25703735984803,50.7571908977589,68.38797382383827,3.550385539040035,Ring of Fire - Chile,reviewed
2006-11-17 03:06:00.028768256,24.918151936943545,-62.163610616213035,64.94895866243361,3.234339911060172,Ring of Fire - Chile,reviewed
2012-11-25 08:51:36.587645952,48.57388981180438,-55.242987683095905,58.77371471030925,3.0694876151684523,Ring of Fire - Chile,reviewed
2017-05-15 15:08:56.174955776,-59.06966999651219,94.68177680415818,32.4646418152646,3.9832184911653075,Ring of Fire - Japan,reviewed
2004-05-12 01:04:43.550290944,13.669016880714622,12.472798234177219,33.26384036198646,7.98273061043015,Ring of Fire - California,reviewed
1974-05-08 03:53:03.152112432,-68.88782202422746,126.42853533779368,43.77783409162889,4.663201403775603,Ring of Fire - Chile,reviewed
1992-10-27 11:27:45.824225024,-28.01115675359314,179.5692354114571,40.77861874692202,3.320249643391812,Ring of Fire - Alaska,reviewed
1976-03-20 05:51:31.499605056,12.706265910638479,-95.14328973824823,173.9919826781629,3.5783977634684314,Ring of Fire - Japan,reviewed
2015-04-05 20:02:02.427528960,45.86893895729776,-27.133255520680336,20.463331789836772,4.19308217059407,Ring of Fire - Alaska,reviewed
2023-01-26 01:31:00.052434176,-72.18583259417854,-77.61972801212549,49.207596448125045,3.6877388443051307,Ring of Fire - California,reviewed
1974-01-19 02:07:58.234133424,68.06496435610993,72.51294765258538,9.416784460242917,4.095429075678172,Mediterranean-Himalayan Belt,reviewed
2023-06-26 23:18:43.321291264,6.591072485566741,13.625798941500534,313.06201383768104,3.656818805207056,Ring of Fire - California,reviewed
1986-10-11 00:24:12.486866368,25.778340544036737,80.82897037884698,59.717797240992546,3.7799748881821715,Ring of Fire - Chile,reviewed
1974-04-22 01:26:26.213859360,3.1224937253535927,-133.88377969422703,7.177417667885081,3.8272162523989515,Ring of Fire - Alaska,reviewed
2014-06-29 05:26:03.678946048,47.59658255004385,142.4335098626845,28.619056320754776,4.4629915448736535,Mid-Atlantic Ridge,reviewed
2009-08-06 00:57:11.767891200,78.04228521743642,115.0240462011729,31.719543203494975,4.199026558842176,Ring of Fire - California,reviewed
1972-10-24 06:32:33.717637424,-31.91697830816895,-11.549763661424805,25.821776508912244,3.132381481974138,Ring of Fire - California,reviewed
2014-12-29 15:10:52.203462144,-3.882838181498016,111.21682346028405,247.1070078013488,4.890205921190311,Ring of Fire - Chile,reviewed
2022-01-13 12:01:59.312551424,-82.20915188978746,69.6534092346414,228.54792910601904,3.042268946291871,Ring of Fire - Alaska,reviewed
2020-09-27 16:31:11.419619072,-77.82160743154606,10.23522422137529,9.209949831524835,3.859695405864425,Ring of Fire - Japan,reviewed
1996-09-05 13:34:34.897978880,-69.81164084414374,93.36500668153133,82.88670064725015,4.508822984192477,Ring of Fire - Chile,reviewed
1982-08-28 23:18:22.377367488,67.0355919032323,-10.41340147253149,2.5598868654070737,3.009228780361258,Ring of Fire - Chile,reviewed
2005-11-12 15:45:20.789787136,77.47827264623302,163.2057480293605,41.7361755889645,3.203107418392757,Ring of Fire - Alaska,reviewed
2024-10-27 02:25:04.685119744,-4.5860101595737035,-91.87881804965717,78.44283604506452,3.9563395419946117,Stable Continental Region,reviewed
2003-10-18 05:51:46.947619328,23.475075813602146,-154.89542974974395,10.762152239705015,4.3784314490929415,Ring of Fire - Alaska,reviewed
2006-04-11 19:26:43.253745536,-19.563601523029178,58.249753310416565,47.55859903165909,4.344711398043283,Ring of Fire - California,reviewed
2019-10-06 17:51:36.172932352,31.60242346026054,85.85888296133123,23.395070535953188,3.5515822391208656,Ring of Fire - Philippines,reviewed
1995-03-01 13:12:23.668139392,14.58171351903188,138.6322036661772,341.51277127066874,3.1408158000963136,Ring of Fire - Indonesia,reviewed
2002-10-22 16:37:13.575921152,2.734705946062391,-78.89986694776087,102.9278827888432,3.841236400055662,Ring of Fire - Indonesia,reviewed
2004-12-26 16:54:15.462574464,4.402908162176658,-104.43200124123845,67.80640392027163,4.236762807813837,Ring of Fire - Chile,reviewed
1974-01-08 00:44:00.794475248,59.28459531776119,41.20469169753625,46.64137261898046,3.5943710459201843,Ring of Fire - Alaska,reviewed
2008-03-23 13:40:50.218946304,36.730279601765375,-103.73433320381994,22.52926446409242,4.4430364795684625,Ring of Fire - California,reviewed
2009-12-24 11:21:23.845588992,52.37579290528433,-33.469309243665435,46.75021555677763,3.0847784723065628,Ring of Fire - Alaska,reviewed
2016-01-23 07:17:58.520253952,-63.75734737201877,-96.46766545373372,2.1278190368068293,3.234534666572137,Ring of Fire - Indonesia,reviewed
2015-01-08 08:43:13.869554688,42.9269945399717,-74.85853229939592,34.04980845182502,5.015827394993071,Ring of Fire - Indonesia,reviewed
2000-12-09 07:15:17.544403200,29.816559714084363,-26.13339671008933,18.514501134323496,4.419733641301546,Ring of Fire - Chile,reviewed
2013-06-02 03:42:55.946476800,-78.75649443312244,84.75646376528584,5.424005821534401,8.09044249078141,Ring of Fire - Alaska,reviewed
1997-10-24 21:52:32.122167808,63.34644505039415,45.942691439672814,19.641315118205828,3.013034789646088,Mediterranean-Himalayan Belt,reviewed
1977-06-30 04:35:46.328587328,-61.45542582645449,108.75133662362816,12.394964534115783,3.3629963567332704,Ring of Fire - Japan,reviewed
2005-04-03 08:14:44.839105792,58.40507841403655,125.03778311147721,1.7502878995414484,4.212946794056275,Ring of Fire - California,reviewed
1973-01-16 06:04:28.551318416,-12.479111026346558,-122.88040435183868,56.842330511819576,3.2138544576093837,Ring of Fire - Alaska,reviewed
2011-12-04 00:59:00.117585664,-19.779493768855303,-130.2261259975192,44.410795881784665,3.954849324085507,Ring of Fire - Alaska,reviewed
1998-08-16 02:58:58.208366848,-78.68866740831754,-81.9624851137143,63.856073539972,4.220375799732475,Ring of Fire - California,reviewed
1972-08-16 06:17:24.153941760,48.16015496703233,9.304994006320669,22.678327459307727,3.228949834147967,Ring of Fire - California,reviewed
2009-08-03 18:57:44.461304320,16.057729893967846,96.30111896656354,104.66845367818817,3.451166760334392,Mediterranean-Himalayan Belt,reviewed
1973-07-06 04:34:47.801166752,-29.084595415535823,55.375259800948385,40.52555915849023,3.2609782401169154,Ring of Fire - Alaska,reviewed
2016-12-31 23:45:51.911192064,-60.33561349395099,-151.6364294639886,119.39466199136857,3.413254617185331,Ring of Fire - Japan,reviewed
1970-03-20 03:05:35.070950427,-71.52246554690461,-161.76821030073936,50.45714215324409,3.2167424659929345,Ring of Fire - Japan,reviewed
1983-10-28 06:55:34.762354176,-89.78693513065777,-40.15968838221099,37.17021908200737,5.554125336440003,Ring of Fire - Alaska,reviewed
2011-06-28 17:03:21.065326592,-52.83716837542329,-170.39252646748116,23.525487141956667,3.5567628636348356,Ring of Fire - Japan,reviewed
1975-09-16 00:07:13.133064704,-46.14402034798482,-172.74792068829927,17.623157058181363,3.654440983024166,Ring of Fire - Chile,reviewed
2017-03-10 23:40:36.614481408,-34.5127844762224,45.7254473708017,298.7361739707285,6.902878667457007,Ring of Fire - Indonesia,reviewed
2014-03-07 00:51:37.028275968,-1.489177950305418,57.4153691599264,0.8002873670542832,5.170873828524724,Ring of Fire - Japan,reviewed
2019-12-11 11:03:48.483126016,-86.52111340463267,141.67985079888052,53.36231331857831,3.9178348255234736,Ring of Fire - Japan,reviewed
2020-12-15 01:36:39.276335104,37.73848403421553,-164.20464868302057,161.96749988155955,4.290513232099166,Ring of Fire - California,reviewed
1991-02-17 06:52:04.026073472,-35.83250580837855,94.85878507612478,208.6278541167484,3.7924221198987222,Ring of Fire - Alaska,reviewed
2023-12-27 07:06:01.653596672,75.62551890582878,112.30720659855729,631.2219891877091,4.156712206457618,Ring of Fire - Alaska,reviewed
2008-06-21 14:31:16.993127168,-37.81314434166456,-92.5742542905094,245.2993542612459,3.63865429709425,Mid-Atlantic Ridge,reviewed
2005-06-06 20:32:43.242299648,-55.19414423932284,-9.84549655280918,53.35615527495185,3.737674133146002,Ring of Fire - Alaska,reviewed
2009-05-31 23:44:17.825018624,-45.68625578036479,116.34326729215758,696.1886689389027,4.016816559611402,Ring of Fire - California,reviewed
1970-03-31 05:48:24.839231480,1.2822742552061754,-145.9369661727087,125.9710736277277,3.433294285593372,Mediterranean-Himalayan Belt,reviewed
2009-12-05 22:20:27.481089536,-28.078133965629263,-102.6056207696403,35.224659172608014,4.210734678030893,Ring of Fire - California,reviewed
2007-04-26 13:56:26.642260992,-17.616540941872827,-157.44548481245405,178.9141187867448,3.049320900890287,Ring of Fire - Indonesia,reviewed
2024-02-05 13:40:15.375086592,-55.688362077327554,58.4992244127821,48.20405029303803,3.4349931331378603,Ring of Fire - California,reviewed
2012-08-13 12:08:31.833536512,16.777565149159713,-136.29158892967598,43.00870065220161,4.0739789294758895,Ring of Fire - California,reviewed
2023-03-30 03:42:02.122190592,43.22713450517972,88.92261316890597,66.95842361104445,3.063780446057988,Ring of Fire - Alaska,reviewed
2009-05-05 01:27:39.849817600,-10.684392064268323,-107.02605914812179,251.47112344895976,3.026591447490144,Ring of Fire - Chile,reviewed
1975-11-26 00:41:24.414440704,-35.53114979376767,-144.25291260270518,64.70214485052004,3.4449509269705763,Ring of Fire - Japan,reviewed
2013-10-12 15:26:36.412278784,37.25719524513026,122.85728954852647,12.50942846528262,3.634463391446127,Ring of Fire - New Zealand,reviewed
2006-01-26 18:48:59.919572864,-43.49798402931825,-46.45144211750127,4.371454896674725,3.3352264742396454,Ring of Fire - Chile,reviewed
2023-07-31 10:14:20.495048960,53.59026030476198,47.85572478603035,104.3010748049337,3.7949947306942047,Ring of Fire - California,reviewed
1998-01-08 16:54:40.309408384,-51.21493094688732,-166.64319168728508,31.52730534841517,3.245669967353028,Ring of Fire - Japan,reviewed
1994-03-26 14:36:59.242552064,34.964898820908985,143.34786484219137,53.0912169899905,3.423564765915488,Ring of Fire - Alaska,reviewed
1995-08-19 07:55:14.101510656,6.9372697277428585,165.05329133534292,65.02627149008363,3.9856191409082684,Ring of Fire - Indonesia,reviewed
2012-12-25 01:27:25.005051392,-18.565654652272457,128.2283765321268,5.804900675680823,4.53557583267783,Mediterranean-Himalayan Belt,reviewed
1993-04-28 18:21:48.591075200,-70.02140680708247,-169.7986999838203,224.08680107366624,4.539598143902052,Ring of Fire - Alaska,reviewed
2016-01-16 01:05:07.444864768,-46.860986551285556,-3.7257808435326183,62.142745658979045,4.385920000425465,Ring of Fire - Chile,reviewed
2017-08-14 04:01:26.420611072,-60.392828416979356,162.87445611805015,6.645240669593266,4.217482204437852,Ring of Fire - Alaska,reviewed
2006-10-23 20:25:06.599335168,-88.3770250226659,-84.18426463712468,62.11037012441306,4.130799546396974,Ring of Fire - Japan,reviewed
2019-04-15 20:17:53.725182720,-5.772380770857453,153.42871799554814,5.6895373388621415,4.068589736389102,Ring of Fire - California,reviewed
1982-01-30 13:03:31.207335808,54.75016223293642,-108.45279313572847,42.60821323705226,4.654979890108937,Ring of Fire - Japan,reviewed
2007-12-16 07:31:16.545331200,20.259073655784874,151.79436930628094,5.10778330479814,3.76325057412543,Ring of Fire - Japan,reviewed
2004-01-13 08:29:59.115978368,59.64077924649169,58.68134788135703,165.41105453445942,3.486650127767944,Ring of Fire - Chile,reviewed
1986-07-15 19:13:36.835106496,0.6777005827394049,177.49703313397947,6.2043082324706536,3.3574301049186444,Mediterranean-Himalayan Belt,reviewed
1977-08-25 21:33:31.597410240,-73.07261619500979,85.1251847229471,24.600917142947843,4.1324116864849465,Ring of Fire - Indonesia,reviewed
2006-06-28 23:42:45.018006144,21.01745578210931,60.40819465823003,44.41171978289221,4.29828619745693,Ring of Fire - Alaska,reviewed
2011-05-12 12:48:41.286000384,31.9976752072932,113.36514190558785,14.337487295309813,5.252460916530623,Ring of Fire - Alaska,reviewed
2006-02-09 18:16:12.005908352,54.240536740784364,160.55482069200588,22.013364510655737,4.615555141051756,Mediterranean-Himalayan Belt,reviewed
1992-02-16 14:41:55.971865856,41.66986392111838,-120.38561684061747,306.95549717017354,3.906473400830495,Ring of Fire - Japan,reviewed
2009-12-09 05:17:21.158538496,-12.126159144203555,-170.75866683727648,61.529461543105505,5.358603284651286,Ring of Fire - Alaska,reviewed
2019-11-07 13:37:07.586487040,34.521577585683815,-113.54564659361989,61.92776641951814,3.801947815691044,Ring of Fire - Indonesia,reviewed
1990-08-06 07:50:36.174617856,7.17712478096756,106.21403207365586,63.65129024842346,4.521915477242628,Ring of Fire - Alaska,reviewed
1973-04-03 03:42:45.725707648,41.14004512138891,-94.78827336405845,293.2819278308768,6.677962892821652,Ring of Fire - Alaska,reviewed
1976-03-30 18:13:21.671650496,9.59187630929047,-148.78068099292392,245.95993369321263,3.0840505773272895,Ring of Fire - Japan,reviewed
1998-11-20 22:09:50.069541376,80.82515717128757,0.29554786036791825,22.502373456346312,3.0604067382312548,Ring of Fire - Alaska,reviewed
2016-10-14 01:50:57.733880832,40.01790471818899,125.0247963705765,36.49954296438267,3.8302337920013017,Ring of Fire - Alaska,reviewed
1970-10-28 12:34:23.073004208,58.401146057310086,-137.85031565990323,132.83680639155347,4.049686072822919,Ring of Fire - Indonesia,reviewed
1991-03-25 14:39:13.894886400,36.477575082931,167.3219752266703,40.20999381022012,3.7244579484671925,Ring of Fire - Chile,reviewed
1993-03-01 05:36:25.641577216,-18.522353456185215,-43.990932404647424,26.299406376618936,3.4108888467600793,Stable Continental Region,reviewed
1997-08-07 13:25:27.468793216,68.97293952584957,48.83079827508479,47.72831224230011,3.4021909228349942,Ring of Fire - Alaska,reviewed
1999-09-25 06:26:24.279004800,25.048322635095445,117.91421462260263,532.0174221192393,3.0826194559658457,Ring of Fire - Alaska,reviewed
2003-04-30 05:28:31.887486080,-65.85930706074521,50.86829205245584,43.79127084288269,5.342467353720869,Ring of Fire - Japan,reviewed
1970-07-22 23:19:33.328786554,7.2287644498275085,-85.12399027825046,20.37023543801971,3.3262644088123254,Ring of Fire - Japan,reviewed
1995-12-28 03:19:08.800537344,38.804616433925105,20.677691382059777,15.485505992760944,3.9887950813834268,Mid-Atlantic Ridge,reviewed
2023-12-15 10:47:57.742700032,-60.20803501915519,-156.89119468024452,483.16766687984835,6.023659371327347,Ring of Fire - Japan,reviewed
2007-12-10 18:31:40.483600640,-64.80359438200364,-39.72102136543134,63.34506618872707,3.58868614958828,Ring of Fire - Chile,reviewed
1987-06-19 13:14:08.388154624,21.699674213245018,-144.57654285990205,159.74507246747754,4.286649713015242,Ring of Fire - Indonesia,reviewed
2013-05-05 10:41:44.795770368,0.9995452781194132,-69.3129769233186,50.25074957918845,3.4637197931511112,Ring of Fire - Japan,reviewed
2013-04-13 13:30:49.145372416,-36.34650831433291,143.3113173363546,19.762844551235972,3.3571738973553487,Ring of Fire - Alaska,reviewed
1999-03-12 01:38:00.614696960,-69.92122844604555,30.97366107486809,113.69919711652543,9.2,Mid-Atlantic Ridge,reviewed
2024-08-27 09:51:26.858571008,42.45374512816497,145.1753456194984,31.454592171068235,4.528406321325404,Ring of Fire - Alaska,reviewed
1970-12-13 15:08:02.974842244,-74.42446009082825,172.4070957804317,244.91546101596515,3.482849534528267,Ring of Fire - Chile,reviewed
2013-02-16 01:06:06.197865216,49.10208088909192,-50.39314074065146,46.334241111054844,3.055451381226116,Mid-Atlantic Ridge,reviewed
2015-03-14 18:03:10.574548736,-48.07895697291227,92.44966145238334,14.185984539330175,3.0347043008540147,Ring of Fire - Indonesia,reviewed
1976-09-24 14:21:46.702351808,42.5613696669937,-70.05488994717953,69.08395999527485,3.888627093109202,Ring of Fire - Japan,reviewed
1984-11-14 23:10:34.968204800,11.681763469332594,-141.84340255801487,60.1552157326975,4.579184307931696,Ring of Fire - Chile,reviewed
1970-12-25 23:57:49.357813916,-54.98477791577078,119.90037482482336,11.788556430702098,3.8479323009166753,Ring of Fire - Alaska,reviewed
2013-04-18 01:41:52.563142144,16.784822772472637,115.42645217458926,27.18990548594999,3.037397766855326,Ring of Fire - Alaska,reviewed
1989-06-29 14:22:48.034934016,-78.2163927244597,73.31818521634932,32.93025733642689,3.2976484585270973,Ring of Fire - Alaska,reviewed
1970-01-28 16:27:25.063931821,6.997291452234563,-175.92784694586553,2.607771642993727,3.082642147045309,Ring of Fire - Chile,reviewed
1986-10-15 19:41:04.441208896,-31.266852182212148,131.9359592288405,53.31724337759285,6.390177734327558,Mediterranean-Himalayan Belt,reviewed
2006-03-15 00:29:43.531059200,7.061029680316267,8.469175340157477,349.7693507628853,3.2779080525690034,Ring of Fire - Alaska,reviewed
2024-07-21 04:46:30.090082304,16.49687895448551,174.1152014935518,46.29127736008067,5.81050010690871,Ring of Fire - Indonesia,reviewed
2017-06-07 22:26:32.147666688,11.751455924003949,-41.387149834651154,47.68207853076534,3.6104337348269486,Ring of Fire - Japan,reviewed
2020-04-26 06:14:28.096611840,79.25185803426609,41.42061485012138,27.420943454182478,3.888323964165151,Mediterranean-Himalayan Belt,reviewed
2013-11-09 18:10:17.517803264,-20.020046384875414,4.3938258612708125,50.097353608580384,5.938352389502337,Hawaii Volcanic Region,reviewed
2013-09-13 00:47:18.706323456,-35.792745577636296,-70.98854285529094,188.29509014926754,3.005899680329733,Ring of Fire - Alaska,reviewed
1995-08-25 09:17:39.168964096,-83.08171601456945,117.09948285818672,9.594755977831365,4.517201712778135,Ring of Fire - Philippines,reviewed
1992-04-15 09:39:14.987385728,-63.52684976578196,118.36610869360436,274.280919387028,5.566923297184626,Ring of Fire - Indonesia,reviewed
1986-12-18 12:50:58.717704960,-70.87503314139431,-29.905368406735903,49.652669694317716,3.1655478224321327,Ring of Fire - Philippines,reviewed
1983-10-23 18:49:10.232158464,-81.65989959577499,86.27734600800346,69.73016694869344,5.984572001969275,Mediterranean-Himalayan Belt,reviewed
2011-11-09 11:31:50.717756416,-18.462069004006935,-85.5013270449198,113.63016391552951,3.82458793562368,Ring of Fire - Japan,reviewed
1996-07-13 19:58:41.107284608,83.43081284192183,48.25888458470317,86.14522062377412,3.167346506451364,Ring of Fire - Alaska,reviewed
2023-08-20 16:11:42.686453760,48.845216229927985,17.41376291346117,32.61767237302957,4.827615678337318,Ring of Fire - California,reviewed
2022-10-16 12:58:19.064514304,65.01262181346596,134.69302090679844,121.18184997474373,3.100813800698379,Ring of Fire - California,reviewed
2013-12-20 11:33:41.127643904,69.9923342385949,-54.87268699992427,238.84460560265913,4.105182868261334,Ring of Fire - California,reviewed
2025-07-06 15:06:34.907875584,3.3231149423652937,-153.9402112291549,58.64103690358594,5.706662059831288,Ring of Fire - Japan,reviewed
2000-06-28 07:07:53.998790400,-18.586339482405407,107.61738668746528,33.286856513833534,3.2574190836733763,Ring of Fire - Alaska,reviewed
2023-11-30 12:01:32.251770368,10.892698143919105,19.80894787316447,40.597338637457774,4.2038834670706535,Ring of Fire - Alaska,reviewed
1974-03-27 08:23:50.991452464,-17.62732770886298,-18.215659028855924,28.99937933129178,3.0901648197937996,Ring of Fire - California,reviewed
1980-12-19 08:58:39.630566656,-48.10142587705219,-79.65519853516068,33.16659044720971,4.46479331258281,Ring of Fire - Japan,reviewed
2004-11-08 05:25:44.626022016,-73.15060729757033,-31.762465689541102,16.611991262632607,3.684734143796291,Ring of Fire - Alaska,reviewed
2013-10-02 09:01:19.107808000,-13.236710269697156,25.281931458823692,3.0109775066038735,4.00635490930137,Ring of Fire - Alaska,reviewed
2002-05-20 22:29:30.912976640,-47.648896811419725,-150.4636006813269,7.628014051274105,3.2066514846499876,Ring of Fire - Philippines,reviewed
2015-06-03 21:56:49.901217792,52.595682151732774,-175.92990087830782,35.914859600440664,3.3964993898196894,Mid-Atlantic Ridge,reviewed
2005-08-12 04:21:32.453545472,-9.303776416228104,62.38240219766345,55.20805004619969,4.194391183034535,Ring of Fire - Alaska,reviewed
2007-10-01 23:41:11.149361920,-63.389358984956246,168.0935708999383,297.52893488146356,4.281642202652296,Ring of Fire - Chile,reviewed
1989-05-01 05:11:23.164692352,-45.31353946686225,-49.09750600823597,47.49774709500631,3.6094059663705824,Mid-Atlantic Ridge,reviewed
2021-05-18 08:06:38.843590656,78.10802115389535,-10.983660678824549,42.37802603673409,3.312360134834823,Ring of Fire - Chile,reviewed
1986-04-08 16:31:39.748589312,-49.11337323924218,-65.10933043481056,7.882500432751826,4.517798024921367,Mediterranean-Himalayan Belt,reviewed
2019-11-06 01:21:37.425083392,-78.81877784520537,135.43445159927376,66.87899153222676,5.348145592251159,Ring of Fire - Indonesia,reviewed
2009-08-19 00:35:40.734678272,23.366418688831985,-176.0270114850086,252.09856538992017,5.4463567994276225,Ring of Fire - Japan,reviewed
1973-06-26 05:49:19.322111888,-50.63864077513066,55.678186282097755,26.710207147786246,3.2405755660379447,Mediterranean-Himalayan Belt,reviewed
1970-06-10 09:13:02.443412468,24.44928077247245,166.11295557530923,43.85246986778391,3.1009863067925902,Ring of Fire - Alaska,reviewed
2005-05-01 05:50:27.648131584,76.2652583388292,-46.656288983524774,127.24662859443416,3.5465012710915236,Ring of Fire - Chile,reviewed
1977-07-09 07:45:52.603566464,-16.5152139030166,7.409185035186198,22.59701483996903,4.184826242297518,Ring of Fire - California,reviewed
2023-08-23 15:02:16.336964608,-55.157795127143444,-18.879953551779607,167.4105412292352,4.078034492150126,Ring of Fire - New Zealand,reviewed
1999-08-30 03:07:40.845483520,28.341181537945133,105.02332761746072,17.456305159712446,3.365243214390866,Ring of Fire - Alaska,reviewed
2008-01-22 06:35:31.093252096,-45.479781551004535,124.76861231360715,19.115701522492287,4.396430006899071,Ring of Fire - Alaska,reviewed
2015-03-10 20:45:51.988347648,-24.751801728452364,95.15154918643373,103.60086094780979,3.3149018730453386,Ring of Fire - Alaska,reviewed
1995-09-28 12:36:51.351462400,29.49727996300436,87.1497219254681,19.325259524858726,3.4314317484035395,Ring of Fire - Japan,reviewed
2000-08-10 03:24:53.509235968,-44.9609473994166,-174.63716099912776,30.26337299150657,3.4474678889376316,Ring of Fire - Alaska,reviewed
1994-12-13 15:54:55.053034112,38.42320223888399,-31.327448361653552,144.39748698801424,5.503521366634376,Ring of Fire - Chile,reviewed
1981-09-18 11:17:15.992593216,1.3560492456685296,83.82694797739777,39.860287816639826,3.803290624996733,Ring of Fire - Alaska,reviewed
1972-10-19 05:18:20.722441760,30.419761880340758,-20.89612741496535,14.495937742139729,3.6686794949606587,Mediterranean-Himalayan Belt,reviewed
2017-03-30 03:59:52.412808448,-70.03142594717801,92.88399220997968,43.965843360000484,3.0344406605555574,Ring of Fire - Japan,reviewed
2024-12-11 07:56:21.033052160,3.3926175208978293,3.387393688044881,172.7718730195836,5.32502039141885,Mediterranean-Himalayan Belt,reviewed
2014-06-01 03:37:43.840299008,-19.400480367800327,-72.20622667429727,63.083238536822115,3.014405146306549,Ring of Fire - Chile,reviewed
2017-10-23 11:06:43.513248000,-8.667077969932635,-106.95155610472824,14.747627812929398,6.185477229389255,Mid-Atlantic Ridge,reviewed
1983-07-21 03:47:52.486759296,83.91749992996253,-28.40281367267079,8.132654250832367,3.7389898621643645,Ring of Fire - Alaska,reviewed
2023-10-17 16:53:05.006815488,-65.46799712935939,-167.11075738298334,61.79194533449563,3.46029587865159,Ring of Fire - Alaska,reviewed
1981-01-10 17:18:51.827267904,45.846031754051694,-27.884194200573376,26.303154346277402,5.837890241605825,Mid-Atlantic Ridge,reviewed
2023-04-12 14:15:13.938959872,-30.538297048809348,-155.29676516473523,234.60496867672808,3.027162718581367,Ring of Fire - Alaska,reviewed
2025-09-16 00:56:11.283555584,-37.73556222772279,135.72169478668752,56.30775128406413,3.9579888367232714,Ring of Fire - California,reviewed
2009-11-08 20:47:49.567827968,-41.26006873813225,27.173171465104502,11.488010771705321,3.8757521713455585,Ring of Fire - Japan,reviewed
2024-12-10 07:59:09.283614720,-27.21932041987963,52.57546665489346,175.55080058870914,3.2723495039592767,Ring of Fire - California,reviewed
2001-11-22 19:07:50.432387968,-25.718929273150906,-76.00896344030028,49.98850691816139,3.616185840338064,Mediterranean-Himalayan Belt,reviewed
1984-07-14 09:47:39.088369728,-41.26553906724516,-98.70441246016357,101.02121467385098,4.161942897377211,Hawaii Volcanic Region,reviewed
2003-03-29 02:26:36.496519552,-81.41004293395511,61.76357388785675,183.14628800015203,3.0007888273499073,Ring of Fire - Japan,reviewed
2004-11-06 18:52:58.761108608,-39.56299076950752,-94.0891020833985,57.00934380502724,3.1977308292548594,Mid-Atlantic Ridge,reviewed
2024-12-11 00:43:37.513851648,45.255243698976614,160.76728312927565,61.187265724634756,3.2926280755112156,Ring of Fire - Alaska,reviewed
1980-08-24 06:31:20.152696640,-63.63026207648046,-70.49612680864279,39.647350444176816,3.336390987903073,Ring of Fire - Chile,reviewed
2014-05-20 22:44:59.721760768,79.32368557750192,-170.7006562850226,674.3199326117165,3.042409265306855,Ring of Fire - Alaska,reviewed
2020-11-03 06:05:48.120681472,-59.30664983187211,-157.03846170261056,47.015004501846164,3.1444384945791324,Stable Continental Region,reviewed
2022-11-05 12:41:17.775050752,-23.39507446856078,99.17812690197604,56.978878220131605,7.723411123475843,Ring of Fire - Alaska,reviewed
2023-10-07 15:41:03.860558336,-54.05396518095793,92.57604644358184,87.77750342460715,3.416518185288543,Ring of Fire - Chile,reviewed
1999-03-15 09:56:08.802550912,-38.3943701750237,-42.5421830038087,37.98908730796515,3.134758697626143,Ring of Fire - Indonesia,reviewed
2024-09-22 21:05:14.681779456,46.984446120262476,-124.84772048000177,31.847222217510772,3.1244748034583294,Ring of Fire - Philippines,reviewed
2012-05-29 06:22:33.587386624,-4.247150627095209,-0.6821219094310607,61.38432523095929,4.398142731093333,Mid-Atlantic Ridge,reviewed
1996-09-15 00:54:32.623723264,-81.60572184397674,-45.37139475701662,190.0176113181488,3.3266945401181984,Ring of Fire - Chile,reviewed
2010-03-24 00:39:38.581942784,-48.615080369350494,-86.04527252833324,7.345742622956463,3.0232443332617382,Ring of Fire - Philippines,reviewed
2005-11-15 12:03:22.964433920,62.15701467384602,104.81733966319212,224.70921006944536,3.06399309919974,Ring of Fire - Indonesia,reviewed
2007-04-30 23:30:37.262059520,-10.768731133678443,42.559496938746946,29.727844418787228,3.120053779973463,Ring of Fire - California,reviewed
2001-08-23 16:33:26.979513728,71.88590508821909,1.152711858093312,15.58225455788664,3.287384633673785,Ring of Fire - California,reviewed
2013-03-18 02:02:42.165208064,16.442168827632358,174.59519007783723,284.4635968485479,3.7981144130174256,Ring of Fire - Alaska,reviewed
2021-11-12 10:44:05.133284352,4.750797524222264,99.57724631199926,35.901782175670164,3.4813735575297127,Ring of Fire - Japan,reviewed
2005-07-10 15:22:21.661762176,-61.69843499409097,54.94818009681126,57.18779153324134,3.583854857840917,Mid-Atlantic Ridge,reviewed
1982-06-09 02:49:36.476297984,26.56832434541022,-8.956448311245481,465.8760616663145,4.430448577423071,Ring of Fire - Indonesia,reviewed
2017-06-28 00:06:59.784694784,-30.240404493984734,-29.095721497071963,51.99116046343235,5.137326338067003,Ring of Fire - Chile,reviewed
2010-10-25 09:40:26.003760128,30.865597393068384,126.14585438064324,26.742438128788965,6.172507391044382,Ring of Fire - Chile,reviewed
1971-08-20 14:37:12.792281736,83.75995156166843,28.88807869455863,14.622222490039018,3.1098710897590216,Ring of Fire - Japan,reviewed
1996-12-05 15:30:28.955923968,36.21536452249521,7.219429941963028,30.027898650225506,3.246103036265799,Ring of Fire - California,reviewed
2007-02-04 18:18:29.490216192,25.3618132091203,-44.58878105470188,682.4904788304616,3.586876668192504,Ring of Fire - Alaska,reviewed
1976-08-20 17:37:11.463138656,20.43954753145279,126.5675194894227,25.490697337322384,3.254019876035249,Ring of Fire - Japan,reviewed
2021-06-29 04:01:59.285872128,-21.43105154897208,-20.12254619864393,54.34739580569082,3.6690010102854,Mediterranean-Himalayan Belt,reviewed
2025-08-15 01:04:33.350524416,36.04385417860112,-51.55071934180023,50.694343896585906,4.023705442980356,Ring of Fire - Alaska,reviewed
2012-08-12 21:28:53.119308288,-63.40384048206832,-154.34431547617632,164.6476686668184,3.531298561279863,Ring of Fire - Philippines,reviewed
2012-03-27 23:33:21.588478976,-30.96811251367376,66.26461586271785,284.42160293277846,3.636833909611489,Ring of Fire - New Zealand,reviewed
2021-06-06 13:49:10.560291840,-40.49112805336917,49.18334949610721,24.409196759008488,3.076568828282401,Ring of Fire - Alaska,reviewed
2023-04-02 08:13:15.746357760,16.570679284164143,94.70714306299408,257.26850662805964,3.687399094425258,Ring of Fire - California,reviewed
2002-04-26 21:19:04.993689344,-85.37944419620966,159.6722477319866,49.69268033670175,4.890784292492645,Ring of Fire - Alaska,reviewed
1989-12-31 04:46:39.749363072,-45.67938264275859,129.82259048135586,14.942306129727816,4.048652543718168,Ring of Fire - Indonesia,reviewed
2014-02-06 17:47:41.545214464,-28.70148864292424,-29.336551426352372,69.33260124431035,4.963234629284248,Ring of Fire - Chile,reviewed
2001-08-03 00:08:48.053639552,8.100224489475096,-67.73320382354953,41.11906146548667,3.1386955187201266,Ring of Fire - Indonesia,reviewed
2006-10-09 01:48:30.287277312,-29.78885466026876,128.23500040472408,132.49985879143077,3.3974133965552142,Ring of Fire - California,reviewed
2021-06-02 17:51:25.036362496,81.30911411490356,36.6762094416124,4.231284608968915,3.3856884869791224,Ring of Fire - Chile,reviewed
1998-05-02 08:34:12.308380928,0.4543046448866903,169.78590407866676,69.65369267354731,3.6013240026372046,Ring of Fire - California,reviewed
1982-05-15 02:26:50.203025216,76.21850616220769,113.79292281200173,194.52992962026434,3.581371131056031,Ring of Fire - Japan,reviewed
1972-03-07 05:37:44.247349312,-37.81471753285564,101.25979754441352,67.68895126196263,3.289429663073295,Ring of Fire - Chile,reviewed
1972-01-07 16:37:45.740456600,-30.220896591765744,6.238435270943512,4.675795408352039,3.161273334373927,Ring of Fire - Chile,reviewed
2018-07-16 01:17:50.845449728,51.33167188189097,-172.9749260384062,289.93961554629766,3.0626143603896203,Ring of Fire - Chile,reviewed
2023-03-23 17:47:38.323091712,51.96929085401007,-169.11434694151987,23.613067177239035,3.010167836060312,Ring of Fire - Chile,reviewed
2002-07-27 22:05:53.535089152,13.519447072307486,172.9716360399811,61.683813768894865,4.085556848759566,Ring of Fire - California,reviewed
2002-06-26 13:21:59.226712320,9.019211412449494,-128.8372129287091,501.01267370283006,6.979021761090554,Ring of Fire - California,reviewed
2012-06-28 06:01:02.043716608,7.506199169751284,-6.6955799184627836,35.05144343009388,3.4668244206612715,Ring of Fire - Japan,reviewed
2020-01-25 21:51:30.503166720,-46.25698266526755,164.60609945641153,65.54399273787595,5.0104077209271365,Ring of Fire - Japan,reviewed
2022-12-31 21:00:05.483397120,-82.60591895925866,-102.0995141972368,29.16960646930609,3.03576921560359,Ring of Fire - Japan,reviewed
2019-12-25 11:50:32.073866496,-44.55346312969206,169.2553713497399,67.89479014961604,6.098053709281416,Mid-Atlantic Ridge,reviewed
2013-09-12 19:34:30.691178496,-56.79607672971914,54.724588535170824,38.34179366283958,3.843524994336706,Ring of Fire - New Zealand,reviewed
1996-09-03 11:52:26.677117056,-6.413083471639169,-66.33764184216699,59.940952870128186,3.8628135619446864,Stable Continental Region,reviewed
1981-06-18 07:44:04.175401536,68.3051733089176,75.89872076378319,42.59532290795506,3.5384191251035944,Mediterranean-Himalayan Belt,reviewed
2003-02-07 09:18:51.196012160,46.84655475543738,-176.26673977477,41.94229446474045,4.146108830243106,Ring of Fire - Alaska,reviewed
2017-11-17 22:23:06.466490880,65.75738546300576,-15.279442238586455,10.113298761622374,3.6721774340954916,Ring of Fire - Japan,reviewed
1981-08-06 07:42:59.828223296,-42.5082605149423,156.89430915715968,33.26592269012182,3.877435589121829,Ring of Fire - Philippines,reviewed
2022-09-06 20:46:44.934245632,-31.39853979998619,-125.69687832292927,40.677437128852745,4.902580251190308,Ring of Fire - Alaska,reviewed
2015-05-29 21:35:26.939468288,-24.588953329798372,-110.75161558734004,38.34162110269918,3.418746352333945,Ring of Fire - Indonesia,reviewed
2016-10-21 03:32:41.587046912,-34.37407533759399,65.39507290610891,41.021146423480765,3.5621928899030513,Ring of Fire - Alaska,reviewed
2008-11-03 13:40:59.189796608,-66.76762699823041,132.4934207064574,5.08776209128704,3.7703442364443114,Ring of Fire - Indonesia,reviewed
2013-03-07 18:35:55.906250240,-83.41152266735654,-147.55055498807798,35.57101145921033,4.779453251030686,Ring of Fire - Alaska,reviewed
2006-08-29 13:41:31.067753472,71.53433639477834,-94.97003101517917,13.01311980893869,3.640817714086749,Ring of Fire - Japan,reviewed
2019-01-18 10:28:51.499865344,-76.28928085945353,-142.6366019341923,25.43747356024886,5.077831200668715,Ring of Fire - Japan,reviewed
2000-03-10 02:25:16.646268288,8.945559893068676,8.58029531730574,57.035440114512724,4.34681052002129,Ring of Fire - Japan,reviewed
2012-11-13 17:27:52.269197824,-1.8656974431801814,20.62360333693914,17.616510453182954,3.274927111502486,Ring of Fire - Alaska,reviewed
1999-04-05 21:37:03.395441920,-31.74154329504136,-89.13442714987548,275.6325609214932,3.049664603033613,Mid-Atlantic Ridge,reviewed
2024-06-28 08:49:26.452397824,25.335719473702596,-72.95932373684472,23.884145067450746,3.1536330164748843,Mediterranean-Himalayan Belt,reviewed
2010-11-04 06:56:15.948826624,30.367110465782588,-112.64780656899316,16.63348522922943,3.848204738204419,Ring of Fire - Alaska,reviewed
2024-02-21 21:23:03.038909184,45.78633748883621,17.15148469290523,104.57955118830631,3.055612005372107,Mediterranean-Himalayan Belt,reviewed
2007-02-17 07:18:04.085746432,-24.24008816694989,-3.3608995859620734,52.367716881195484,3.30884974558435,Ring of Fire - Indonesia,reviewed
2011-07-19 00:08:01.704762112,38.858877931114506,-137.92312211464935,271.54822731304154,4.255383921794526,Ring of Fire - Japan,reviewed
2017-07-05 20:15:45.665726720,-50.00882762963886,84.27608345486783,28.442612229190548,3.1421989627816878,Mediterranean-Himalayan Belt,reviewed
1986-12-18 20:17:58.248703616,-5.190119558920287,48.68145179332521,32.610991608745785,3.5821884399882404,Ring of Fire - Japan,reviewed
2009-11-27 05:51:32.474639360,-21.90910337345842,-153.16112165452452,39.09613072125775,4.369549283495538,Ring of Fire - Indonesia,reviewed
2015-09-27 14:10:13.017196544,-37.5778529526031,-71.4225930571876,0.30617875981065357,3.216219629565323,Ring of Fire - Indonesia,reviewed
2020-07-04 09:11:17.731135488,25.321642450078116,73.1017584252753,64.04523312392075,3.3322066170156033,Ring of Fire - Chile,reviewed
2015-03-05 07:15:41.038545664,31.30426738787783,22.92791796022655,42.01417829648065,5.1116508613083464,Mediterranean-Himalayan Belt,reviewed
2025-02-24 07:24:49.970959360,-7.838228600576045,140.26770125414345,66.15353873762224,5.190504835581173,Ring of Fire - California,reviewed
2012-03-27 15:21:06.215984384,-75.40597160479591,-140.3663400827744,21.70152923512717,4.6287747849701795,Ring of Fire - Japan,reviewed
2003-01-28 07:34:29.455016960,-76.46977535843382,-127.21240550405699,45.156821194985724,4.89734264811883,Ring of Fire - Chile,reviewed
2007-01-06 17:23:20.439206144,-72.14166725387363,-158.06684636327344,43.34455475208761,4.613065112102715,Mid-Atlantic Ridge,reviewed
1974-05-24 15:45:48.481989360,-54.72047362052001,-132.15437734630842,63.81178205921919,3.9989447420723794,Ring of Fire - Alaska,reviewed
2000-06-28 14:18:40.713236864,-39.532356398131576,162.33843265510245,377.69317187823265,3.4524135703968497,Ring of Fire - Indonesia,reviewed
2009-09-20 17:44:01.370424576,62.36130605778871,-21.443981523105947,59.53170424486533,3.334950943402145,Ring of Fire - Japan,reviewed
1979-05-16 05:20:35.295390656,31.485919878809497,-162.3615493597793,627.5331596856472,3.1429807622831456,Ring of Fire - Alaska,reviewed
2013-09-18 06:15:08.626025216,-20.30169808498316,30.108473371740132,52.62784718983773,3.784139651791888,Ring of Fire - Alaska,reviewed
2002-09-09 21:42:44.339482880,86.1529412089356,-108.10293619227679,2.8013748517304196,3.968116129309446,Mediterranean-Himalayan Belt,reviewed
2023-04-28 19:00:44.600218880,-46.15154238903375,-177.53889230648392,48.2888898405175,3.4897802891393574,Mediterranean-Himalayan Belt,reviewed
1972-05-17 15:55:06.115488032,19.7665897291658,93.01888599984346,67.2642202090643,3.7095453077051403,Ring of Fire - Alaska,reviewed
2003-09-08 13:57:21.022787712,54.36406403222131,159.29513004955544,20.17046423233625,4.1268947397354,Ring of Fire - Alaska,reviewed
2010-01-03 02:49:05.757523712,35.509360261417726,-148.68150388536952,25.040173545969928,3.1969344191311513,Ring of Fire - Indonesia,reviewed
2012-07-02 22:26:27.751579136,-43.58452400051546,-101.5832056780214,69.07576159259277,3.5283417265636183,Ring of Fire - Japan,reviewed
1998-10-10 20:46:06.794776192,-1.9814431839902085,-58.2794179025483,15.382521011681563,4.078747250540659,Mid-Atlantic Ridge,reviewed
2022-03-30 02:41:35.301480192,-70.46005769286899,105.33654296551913,53.584895028370966,3.3596323763914295,Ring of Fire - Indonesia,reviewed
2016-05-03 23:40:56.095708160,-62.380575892143966,71.27524943390256,57.660700029589115,6.29996187141484,Ring of Fire - California,reviewed
2009-01-16 00:33:49.380290048,-50.719763593443034,138.979550206795,60.05702187782558,3.071887605713551,Ring of Fire - Chile,reviewed
2010-01-01 02:56:39.611435008,-79.28966631401475,-108.23015103195735,30.5402551505586,4.01623931114035,Ring of Fire - Japan,reviewed
2021-07-29 02:25:21.214986240,-32.56498672402529,107.76582585123498,248.8577910258685,5.466406961279672,Ring of Fire - Indonesia,reviewed
2008-11-23 13:26:47.640028928,-58.1443866240443,-64.47983535798637,56.70485157604593,3.830078045749521,Ring of Fire - Indonesia,reviewed
2010-10-27 20:23:30.109610240,24.81015666277264,4.385668720481249,61.27303578465356,4.217358864710988,Ring of Fire - New Zealand,reviewed
2018-04-03 03:56:14.366046208,51.659301377993216,87.8227735390364,2.830718184886294,4.95938419038838,Ring of Fire - Alaska,reviewed
2015-03-13 00:30:31.402282496,39.3672947016766,-133.1415719300832,1.4591667865390567,3.043291541383845,Ring of Fire - Alaska,reviewed
1980-12-07 06:08:42.916052992,-80.90460442116591,64.60459264342498,49.600538754549945,5.322081245340035,Ring of Fire - Alaska,reviewed
1988-10-17 05:46:29.670046464,0.3381554253344632,-175.39297791088708,53.05006854504701,3.151897995144891,Mediterranean-Himalayan Belt,reviewed
2024-10-17 18:45:13.388811264,26.835483605673033,22.5187618311881,22.99563380365042,3.695177067966588,Ring of Fire - Alaska,reviewed
2017-12-18 18:08:24.344132352,82.15643241706076,-11.014166736877087,464.52907872930786,4.003271348959281,Ring of Fire - New Zealand,reviewed
2009-04-07 00:39:08.274722304,55.92105692533008,-86.54543765017529,18.658508431800087,3.0346063635788814,Ring of Fire - Japan,reviewed
2010-09-18 11:48:24.075611136,58.566961660680875,-122.02971583682586,51.85665553129209,3.3535836863212554,Ring of Fire - Japan,reviewed
2001-06-23 01:47:48.242323968,-57.335900601929104,-112.30656793520032,55.78913583312898,3.0366848346643853,Ring of Fire - Alaska,reviewed
2023-01-13 20:17:23.801614592,-4.244917261848386,80.99034632089598,28.794237421705027,3.5998361599235347,Ring of Fire - Indonesia,reviewed
1979-02-17 13:28:54.877022176,-71.53445344243711,-92.43691262922476,443.64397718703884,4.114831800154733,Ring of Fire - Chile,reviewed
2014-01-10 06:20:27.372084224,41.72756847934343,164.4855036435888,38.81587889836755,3.19393541817726,Ring of Fire - Indonesia,reviewed
2011-02-16 13:57:42.572914944,-82.27316752109101,5.439441361814488,31.982618848769956,5.59914549935673,Ring of Fire - Chile,reviewed
1971-05-31 06:44:29.389181408,68.35907288207653,-126.65554462825446,0.7063283515317065,3.183633606066984,Mediterranean-Himalayan Belt,reviewed
2016-12-25 00:17:46.505743360,-13.454974689599723,39.08447657645678,44.39595991695304,5.802303174031415,Ring of Fire - Indonesia,reviewed
1970-08-22 12:46:06.146644916,-15.5496846626843,119.31218878748126,26.893592944818423,4.558288545950376,Ring of Fire - Alaska,reviewed
2009-05-28 18:31:05.613857280,-35.24195209414921,89.17614909126519,220.28934256010328,4.447236091493386,Ring of Fire - Japan,reviewed
2024-05-01 16:02:52.675616768,67.84889131867189,56.025843348815954,168.30547764317316,4.3585584979275405,Ring of Fire - California,reviewed
1994-07-05 11:41:29.294753792,8.601228728709643,-118.04109750423402,18.322700832591657,3.2459252597205817,Ring of Fire - Alaska,reviewed
2009-06-21 17:26:32.791253504,29.107330352991823,-179.9107114649481,23.86414864344633,4.282260792916671,Ring of Fire - Japan,reviewed
2015-10-04 17:19:31.178907648,-35.95842943868213,-143.35420995578298,42.484559615857826,3.2729165712668618,Ring of Fire - Chile,reviewed
2000-08-07 03:20:31.609554176,-12.098463956925883,95.89197869401823,253.70205198380697,3.635194267332556,Ring of Fire - Japan,reviewed
2024-02-25 18:32:22.687926016,43.4890371971338,142.28942975605355,37.17765957809088,4.675595449563472,Hawaii Volcanic Region,reviewed
2010-03-26 12:55:33.708413184,-82.32327036961786,-108.41444438112683,35.18478634828747,4.728243859380068,Ring of Fire - Alaska,reviewed
2018-04-22 14:03:12.074183168,-12.945153243072923,-90.26219399104747,61.156805895593195,5.006405034549583,Mid-Atlantic Ridge,reviewed
2014-10-19 11:18:32.761086464,-20.454367529642965,-161.37723274229833,52.72494071172141,3.2852547536498053,Ring of Fire - Indonesia,reviewed
2000-12-13 12:25:39.619609472,89.93495771373227,-110.13794348394069,151.33670852222536,3.3522436397869013,Ring of Fire - Alaska,reviewed
2018-06-15 21:27:35.161688320,-55.77671478370156,-68.59209099846153,34.24905581283257,3.3509532244892544,Ring of Fire - Japan,reviewed
2018-10-19 00:44:59.248798976,-14.530287470139342,110.64616355925534,63.31317490969013,3.121386185303548,Ring of Fire - Chile,reviewed
2007-09-02 19:03:51.023916544,29.8305578324032,155.15184453945187,327.72650454852675,4.401315305661831,Mid-Atlantic Ridge,reviewed
2014-08-12 12:35:26.887643904,-80.17279444449846,20.67370063657313,45.90441112489261,4.2787023313922194,Ring of Fire - Japan,reviewed
1984-01-10 19:40:42.297857600,28.575030791920682,64.2022663396707,43.262626727386994,3.1107194565573097,Ring of Fire - Indonesia,reviewed
2004-12-28 13:11:56.480232320,-26.144704083179633,-119.99650496357003,55.99629340094173,5.8142532397779885,Ring of Fire - Chile,reviewed
2002-01-06 22:05:39.255857536,76.68712063484978,91.00287260536771,13.623347802719563,3.9244656840238394,Ring of Fire - Japan,reviewed
2016-08-20 21:06:45.773324032,62.79971932546306,-95.0503999805016,62.495534949446196,3.497337762020461,Ring of Fire - Chile,reviewed
2020-09-27 04:46:03.189206272,-18.088875274034507,-127.50014601569656,5.5078559859328475,4.554076483073524,Ring of Fire - Alaska,reviewed
1970-09-06 15:25:07.423132140,88.72053183321347,-164.9306344539019,29.055469030545932,3.327306346305714,Ring of Fire - Indonesia,reviewed
2007-09-29 17:30:20.549619712,-80.65012452187551,-9.997110143292474,18.694265816755216,4.300826580777554,Ring of Fire - Alaska,reviewed
1972-11-26 04:44:32.587798640,51.95379961155433,-76.75586653343389,59.66557444834306,3.044573335744939,Ring of Fire - California,reviewed
2000-09-25 19:21:02.317866624,-11.90942567507473,175.2217821490279,43.99468010623434,5.011777378712377,Ring of Fire - Alaska,reviewed
1987-03-07 12:02:34.658276992,-59.37591633383832,131.95558091471543,494.31364574209294,4.113757520027595,Mid-Atlantic Ridge,reviewed
1989-10-07 01:26:47.423994624,2.678385595006958,-66.08204311272202,187.60464504205908,3.275054525135622,Ring of Fire - Japan,reviewed
2004-10-16 07:04:01.379568768,-74.75067056158466,89.68566683246848,1.4195981637193977,4.243364313805664,Ring of Fire - Japan,reviewed
2011-01-11 21:26:54.100867584,-46.51372064630029,22.242079678205613,17.314596027241997,3.705055275624908,Ring of Fire - California,reviewed
2013-11-21 05:45:41.039491328,44.35290157526026,-33.37979392193091,39.58772402337621,5.46969638378541,Ring of Fire - Alaska,reviewed
2008-05-20 09:12:35.441644544,-89.8785486924127,-83.75212078663537,52.63133710584336,4.777843273871674,Ring of Fire - Alaska,reviewed
1973-03-03 08:18:51.134582128,75.43245884337162,-173.50197711919088,32.171090411561075,3.2876219498242008,Ring of Fire - Alaska,reviewed
1990-12-09 19:22:19.881385856,14.021889234450157,126.7772376221223,39.27770761378805,3.5731156634305923,Mid-Atlantic Ridge,reviewed
2022-11-20 19:21:52.863545088,40.95036101250304,92.15393194822849,149.8483731250873,4.92494505152451,Ring of Fire - California,reviewed
2005-12-08 09:26:49.454656256,68.32266075423954,-113.92903681094793,73.59888312667518,3.2841243375666864,Ring of Fire - Alaska,reviewed
2007-08-08 18:18:45.592449024,73.09048459044547,-49.66255799691888,395.6707179429505,3.817579991964055,Ring of Fire - Chile,reviewed
2005-05-29 01:36:19.153495936,5.224528315696901,-28.41498611674976,46.50627875960936,4.804435539654023,Ring of Fire - Chile,reviewed
1993-06-05 04:22:49.942611968,63.16899142196095,107.36741037819229,282.5746711872506,4.130588846551063,Ring of Fire - Japan,reviewed
2012-01-19 23:19:14.527915520,55.34737835220247,81.15145420157467,53.48389128967069,3.310061841904957,Ring of Fire - Alaska,reviewed
1975-09-05 09:07:01.083771616,35.79454798298018,96.17714285083036,40.6937451852609,3.127296985055933,Ring of Fire - Japan,reviewed
1994-03-12 01:59:42.094213248,-24.67595796779068,41.23235845009958,47.611098273121506,3.3482653455267726,Mediterranean-Himalayan Belt,reviewed
2024-11-24 11:33:52.573580288,61.3651945323044,79.89628307300381,51.51891421299557,5.124954101497242,Ring of Fire - Alaska,reviewed
2024-05-10 05:56:13.914138880,65.08854247918131,-136.63489806762894,61.796825920715946,3.3435871045800885,Ring of Fire - California,reviewed
2011-04-27 23:04:41.792638208,-56.32186333764824,-134.22746670251266,15.98315856153173,3.6595954776783106,Ring of Fire - Indonesia,reviewed
2009-06-15 06:02:28.300877312,19.838875184136313,97.91054485773577,19.220088697571764,3.1168170949021796,Hawaii Volcanic Region,reviewed
1984-10-19 05:49:04.257147264,11.774778177801736,-88.1128670007853,35.8881650630168,3.1641830182457404,Ring of Fire - Japan,reviewed
1997-01-18 14:39:44.712458752,-82.85018366668159,98.4820932518179,14.298533083310378,3.2125058446422408,Ring of Fire - California,reviewed
1985-01-14 07:42:06.870306752,-39.63692234674749,61.62656407216818,23.642919099256037,6.548112762674617,Ring of Fire - Japan,reviewed
2006-10-11 15:09:44.603578112,-54.971238596130085,-140.44964563999443,88.50193604814689,4.777951132845457,Ring of Fire - Alaska,reviewed
2024-03-27 11:51:25.510282240,-67.68299954780449,-5.797141948826294,63.08568160844525,3.5575808495714685,Ring of Fire - Japan,reviewed
2003-10-21 04:35:59.686733696,41.87909286364166,-141.9600132801034,57.515261801515,3.4509386371681448,Ring of Fire - Indonesia,reviewed
1974-04-24 11:03:53.845610864,-23.512330567008362,0.05300167619705576,144.65309160801422,3.2939256887512975,Ring of Fire - Chile,reviewed
2023-04-12 11:01:09.346456832,-85.7920100954273,179.14972838434676,34.333488504564706,3.8828378112437925,Ring of Fire - Indonesia,reviewed
1986-08-25 11:43:29.351069312,27.52635328995204,-108.71686386248078,55.56367649208277,4.09896675901054,Ring of Fire - Japan,reviewed
1975-02-27 01:06:20.132196768,84.69806404778788,-105.17110475507192,0.3956473388829307,3.326940615019265,Ring of Fire - Alaska,reviewed
2003-07-19 06:12:52.501255552,-58.34903043419665,111.91799949086487,244.1483238448795,6.266086799880489,Ring of Fire - Japan,reviewed
2004-12-03 11:43:23.148838272,-10.36219854859526,-11.138892373004438,21.79839515314146,3.204642519948236,Mediterranean-Himalayan Belt,reviewed
2006-04-25 20:51:29.020682496,36.34018041064934,149.6896545714775,133.68738864041566,6.7083702575081015,Mid-Atlantic Ridge,reviewed
2024-01-15 11:01:27.965479936,-31.18389713020707,-143.29666488432355,197.19870411760826,3.4460685532847033,Ring of Fire - Indonesia,reviewed
2007-11-09 18:22:33.848148224,27.58594987230053,-65.96538492244989,61.70267354156892,3.930068478212923,Ring of Fire - Japan,reviewed
2009-07-27 16:49:02.953566976,-60.69594862012474,-101.77259009437671,8.505781867636632,3.6291701343732234,Ring of Fire - Chile,reviewed
2004-02-28 11:33:39.011908736,83.53633163502533,76.43119893426473,365.1386301116379,3.589469838821815,Stable Continental Region,reviewed
2003-06-21 02:37:30.960628608,62.68260196574451,112.94693383388363,56.26263820128571,4.970525953805737,Ring of Fire - Indonesia,reviewed
2018-07-02 06:05:45.104057600,25.274431913215807,-7.73831456434462,50.931534031332035,3.3163901204933084,Ring of Fire - Alaska,reviewed
2023-01-06 13:04:44.342706176,-76.59372841085245,16.173475489943684,13.05947017442618,4.034440352770774,Ring of Fire - Alaska,reviewed
1975-12-07 02:11:38.469412736,1.1860872822467883,123.23529590688793,10.897328787938278,3.967940854461751,Mediterranean-Himalayan Belt,reviewed
1978-09-02 17:01:50.603044576,50.507368720922415,-24.71910864929538,7.975672818958972,3.5077813102501243,Ring of Fire - Alaska,reviewed
2022-11-26 16:34:36.556924416,35.996421631840434,-150.07438515110437,62.51971028656035,3.732208365922836,Ring of Fire - Japan,reviewed
2011-03-31 08:31:14.171362560,84.73837034569442,7.813875453473713,22.90400154272504,3.414216138948206,Ring of Fire - Chile,reviewed
2019-06-12 20:56:41.214625280,-85.51506965653242,28.57020632382509,41.22605539551441,3.1682668252960227,Mediterranean-Himalayan Belt,reviewed
1981-05-07 10:41:10.979822976,-42.98058780472767,4.2468495526774745,27.901976390291907,3.2646001664758186,Ring of Fire - California,reviewed
2002-11-26 21:27:06.203571456,8.848162130836585,-87.10217380147773,45.76809746793744,3.1226561952530503,Ring of Fire - Alaska,reviewed
2009-04-06 09:47:41.967218944,21.508163823734847,-99.47157542923392,123.08809059318978,4.263980310218082,Ring of Fire - Indonesia,reviewed
2008-02-01 07:52:53.159254784,-40.61592253660606,-46.887706104537045,247.21255245529815,4.189046479100332,Ring of Fire - Chile,reviewed
2002-08-23 14:04:45.680240128,-89.84716026809073,41.28296446067196,57.9538443504345,3.0587940441158916,Ring of Fire - Alaska,reviewed
1984-03-04 16:27:31.464622464,81.43045170770333,47.66242164436213,270.193189086683,5.371908982263303,Hawaii Volcanic Region,reviewed
2023-08-16 09:42:28.930404864,82.34816417209686,-91.24955488660174,65.10047038832164,3.6443418153207525,Ring of Fire - Japan,reviewed
1992-05-06 11:15:51.990397952,-39.97231193785968,103.46049328275006,18.45010656430207,3.969714420434565,Ring of Fire - Indonesia,reviewed
2017-01-10 11:05:39.359689728,-78.57924567637934,68.4402381210655,21.759230886217527,7.106267703606402,Ring of Fire - Alaska,reviewed
2007-08-28 20:01:46.511550976,60.44751572862569,-34.73794160035368,16.172529656294163,5.592998986198363,Ring of Fire - Alaska,reviewed
2024-09-16 17:21:27.861670912,-1.4243582074255414,17.03801955519097,59.65499447060856,3.095359080846662,Ring of Fire - Japan,reviewed
1970-06-20 04:01:36.051406310,27.7441334952008,170.69578885172035,52.101260213615625,3.639284269869571,Ring of Fire - California,reviewed
1994-04-13 01:39:09.306563968,-57.214084594471686,176.26745262445047,403.02709025980676,3.966780019016068,Ring of Fire - Japan,reviewed
2011-11-28 16:55:20.979375616,-40.67583848240559,140.58953390333033,43.35459141554092,7.8894270109656555,Ring of Fire - Chile,reviewed
2021-03-19 06:19:54.194411264,62.58715025650699,50.274294889348084,43.709744902907474,3.541656829320056,Ring of Fire - Japan,reviewed
1984-06-27 10:18:04.349252224,17.36781106466711,71.83575477999221,27.58932699798182,4.776843916592237,Ring of Fire - Indonesia,reviewed
2010-07-06 16:16:38.077196544,-82.72093626307236,-159.41982696831224,6.638130719087095,3.2434561598535554,Mediterranean-Himalayan Belt,reviewed
1970-07-05 04:26:03.851807506,57.80988111416127,70.98639442024898,49.30965350342406,3.7511429392827154,Ring of Fire - Chile,reviewed
2003-01-04 02:27:31.414796160,-65.04335248221042,92.16393378342963,68.099962329724,4.491598811686462,Mediterranean-Himalayan Belt,reviewed
2004-05-05 15:42:57.398535168,-25.484696063462437,57.39592326038985,7.03082925033762,4.618614748587673,Ring of Fire - Japan,reviewed
2005-09-16 15:18:18.469085952,-4.899414580008639,-48.53887782614774,5.019736461945287,3.7616227251910113,Ring of Fire - California,reviewed
2009-12-26 12:29:18.348244224,-85.9606869787936,156.5811457184691,65.46524671196126,7.003787414941036,Ring of Fire - California,reviewed
1975-02-13 05:31:18.043146304,10.656469493421369,82.65994775169918,59.58975485515717,4.197623817316928,Ring of Fire - Japan,reviewed
2019-02-19 21:28:36.268963840,-33.01518436216677,33.64169470238599,58.83147071471638,3.3620624050694965,Ring of Fire - Alaska,reviewed
2011-05-15 02:30:37.596423936,-37.71238116429724,153.9660954046883,52.063714316148086,4.444769490037882,Ring of Fire - Alaska,reviewed
1983-11-29 00:57:06.048880448,-56.321924784358934,-143.3362624250075,34.131890663469264,3.207231124165007,Ring of Fire - Chile,reviewed
1982-01-03 06:08:20.831354432,-5.738592671107355,-62.702552986894304,51.04864840856434,3.830136140876492,Ring of Fire - Indonesia,reviewed
1985-03-01 19:14:37.882193280,47.704558228226546,-30.527922694936876,9.337203196528169,3.376719807491709,Ring of Fire - Japan,reviewed
1973-07-02 20:24:28.237975824,-20.670950718197872,10.430065890018113,43.18200482825713,3.138043065348504,Mid-Atlantic Ridge,reviewed
2011-01-12 14:20:46.446843904,-89.9963067670389,-142.85534926234226,24.110680189995698,3.366402400721446,Ring of Fire - Japan,reviewed
2003-12-23 11:36:54.631790848,9.063447060861407,-112.29533510182175,55.908115965125376,3.000267260342649,Ring of Fire - Indonesia,reviewed
2007-09-06 05:51:42.149075712,85.54253497064818,150.53619003233007,24.87377957536829,3.1493211296118244,Mid-Atlantic Ridge,reviewed
2023-04-13 20:08:52.389239552,17.059702357664293,-66.84886340530186,17.12803316862908,5.2220837887706715,Ring of Fire - Alaska,reviewed
2016-12-14 16:09:48.463895808,47.21105837621033,-47.909551499841626,61.18395941972852,3.2926691211519863,Ring of Fire - California,reviewed
2015-01-31 12:17:41.354170624,19.607943778135677,-2.382058292750969,206.0334842318957,4.65743000236383,Ring of Fire - Japan,reviewed
2016-02-01 11:42:22.854465024,-14.670005315968908,62.32681208257384,3.118964213235725,4.031747914090163,Ring of Fire - Indonesia,reviewed
2022-03-25 17:28:21.173321472,-62.536396804284344,29.58476034375721,38.36840454872729,6.8908969257472545,Ring of Fire - Japan,reviewed
2000-06-23 15:01:58.274986880,-6.533748457518456,155.77132484265894,40.118954629079525,3.5145526862986602,Ring of Fire - Indonesia,reviewed
2004-07-16 01:48:11.353653248,35.265651977033556,147.88511265777896,65.64790448946682,3.072208292675139,Ring of Fire - Japan,reviewed
2011-08-08 03:43:28.415166720,-10.455701811394206,-178.0451427007565,466.2238128493266,3.5550497474698246,Ring of Fire - Chile,reviewed
2011-04-28 14:59:12.157717760,62.978357629317884,140.6014098919007,61.16738433960366,6.651102573061021,Ring of Fire - California,reviewed
1999-03-15 04:43:31.407041152,-55.20196135922825,79.72509166777598,279.69967290379134,3.8517473247283442,Ring of Fire - Chile,reviewed
1973-11-01 04:28:06.516163664,-14.810378030356759,-118.01035651964905,64.02655751966246,3.373458959499829,Ring of Fire - Alaska,reviewed
2021-07-24 10:32:47.866650624,-67.31735831490687,15.41159969899735,254.68816410944518,4.3373840122636524,Ring of Fire - Indonesia,reviewed
2002-09-23 17:36:18.829609984,15.823814010207997,-135.02226407380456,43.93412484312515,4.138755266262589,Mid-Atlantic Ridge,reviewed
2000-02-23 12:04:39.539346816,-37.634147041036314,102.73257688033647,19.7087703909737,3.5151377121909393,Ring of Fire - California,reviewed
2020-02-20 12:19:31.709260288,-27.021253385967988,-154.86587820979344,55.659850575806566,3.3982098256854227,Ring of Fire - Alaska,reviewed
2007-04-28 04:02:56.636134400,77.21683473495719,175.9850853240868,22.18617020449098,5.793106125677131,Hawaii Volcanic Region,reviewed
2014-02-03 10:14:40.545496064,-84.41894532040948,-89.73760347204305,50.514074520329,3.425742979713771,Ring of Fire - Japan,reviewed
2005-04-17 10:42:47.191979392,-18.475038398674656,-61.212614621919926,219.2060324356283,3.8404470133764814,Ring of Fire - Indonesia,reviewed
2009-07-03 18:58:07.258495744,2.306213446566886,105.45394059071816,5.192084119944567,3.1197493476616422,Ring of Fire - Alaska,reviewed
1994-10-13 09:12:07.013317632,48.623268457028445,-70.08104817875511,60.78267745552575,4.74361096911333,Ring of Fire - Chile,reviewed
2006-05-12 14:08:53.194930944,87.26823635903085,-27.609804522911276,184.6709199016177,3.2199744845724325,Ring of Fire - Indonesia,reviewed
2022-06-06 17:56:28.398101760,52.99739129190553,-173.74838103696882,122.10738516104698,4.369304686505187,Ring of Fire - Alaska,reviewed
1973-08-02 02:55:24.140881088,-36.74007104279629,78.61337331888092,25.31517294285137,3.53467248534194,Ring of Fire - Indonesia,reviewed
2016-03-08 11:21:44.650801152,83.31906228467653,-144.12806224133647,50.917810569216606,3.5661231611054234,Ring of Fire - Chile,reviewed
1986-05-17 02:40:55.827314624,87.0418423454262,6.8535276747505804,57.180233637871574,4.682115216444959,Mid-Atlantic Ridge,reviewed
1994-11-10 11:37:49.700836864,-67.84313334899409,23.70421903052508,60.056636178163544,6.620142034801419,Ring of Fire - Alaska,reviewed
1971-03-25 04:38:22.280806304,72.18795308093587,-179.3916812511742,81.8576208512378,3.148968172799827,Ring of Fire - Alaska,reviewed
1986-11-10 07:05:25.147265664,29.556392920769184,172.7563053518753,2.940403719316833,3.600395819698853,Ring of Fire - California,reviewed
1998-02-23 07:36:11.996414720,75.95887860596048,-71.22994643200082,25.16115183275674,3.7213127830004473,Ring of Fire - Indonesia,reviewed
1973-02-22 23:15:48.382891504,74.83302363941763,-152.19926964283832,168.04460843854304,3.519315216382975,Ring of Fire - California,reviewed
2021-12-01 04:38:54.992378112,69.34960686282818,-125.29706254151571,16.83745605611629,3.0590526436440912,Ring of Fire - Alaska,reviewed
2012-10-22 02:32:56.658764288,-64.16717250991285,-1.9113553465570021,41.244820641683425,3.630389399163162,Ring of Fire - Japan,reviewed
2006-09-09 06:25:53.745566976,-73.61476401594865,173.67230388739705,1.0437184908365527,4.862301777247941,Ring of Fire - Chile,reviewed
1973-12-12 18:31:20.430270128,39.654059989517066,-93.68938942631067,166.61441400327283,4.11800397343471,Mid-Atlantic Ridge,reviewed
2007-03-13 06:41:52.613897472,29.91865322635506,-67.99066074901448,0.5670659153125712,3.2961176568617825,Ring of Fire - Japan,reviewed
2019-05-17 05:14:02.460647424,-6.281149269065622,-154.87824551025395,13.835344678373074,4.442365391474951,Ring of Fire - Indonesia,reviewed
2015-08-04 07:30:12.735017216,-36.80686087362776,-176.1869523450472,25.20458454855098,3.04527692762891,Ring of Fire - Japan,reviewed
2008-05-14 01:14:56.244147968,-67.60739475805845,-78.27578025941668,59.29084247723585,3.1095209883800723,Ring of Fire - Alaska,reviewed
1976-03-08 15:54:34.762805248,-1.1426709759509208,-9.456992821476263,11.885484768566316,3.0074924503229243,Ring of Fire - Alaska,reviewed
1987-05-08 11:31:13.811847552,8.683778070728692,29.198592915801925,270.760855726439,3.0786337969781314,Ring of Fire - Indonesia,reviewed
1989-12-26 09:19:56.655095552,48.797626685863804,10.456273958782617,64.99654525297008,3.303323428564205,Ring of Fire - Japan,reviewed
2016-05-25 10:44:36.439274240,20.931310842484308,-131.4640489836706,21.94327029538711,3.8077333316476967,Ring of Fire - Japan,reviewed
2014-03-14 09:45:32.545370624,54.77269401985197,140.63294953729616,255.65134714657296,3.4992282444651517,Ring of Fire - Japan,reviewed
2021-03-03 17:09:39.675436288,17.729047802389644,-152.30507392044294,40.41392076374592,3.552761813277816,Ring of Fire - Indonesia,reviewed
2023-05-10 22:12:46.893794816,34.08738513121689,-97.08380835612068,32.1607122632865,3.448779238120128,Ring of Fire - California,reviewed
2022-09-13 17:51:19.764105728,-73.0532580929154,-7.830184147878839,58.76966945327954,4.2441488942125005,Ring of Fire - Indonesia,reviewed
2019-01-27 08:40:22.027557888,3.525024268225323,-33.23070527158157,116.05081523139319,3.376093015867625,Ring of Fire - Philippines,reviewed
1991-12-29 12:31:31.480055808,-50.08210663760041,-115.17299557321986,29.291275280135956,3.074979731661804,Stable Continental Region,reviewed
2000-12-27 02:25:21.557459968,-35.65246653949694,46.0334686189388,45.96353646311904,3.233545235721939,Ring of Fire - California,reviewed
2018-02-03 09:06:21.948675840,-83.60803303729917,19.822763704964103,15.898845591430593,3.5209746448159995,Ring of Fire - Chile,reviewed
2007-11-28 11:16:33.712404736,70.00474955330799,-152.8751772509572,10.88166045095201,4.199951216379805,Ring of Fire - Chile,reviewed
2016-12-02 17:45:35.208916224,-60.572279693412845,-15.677534088996566,280.4076744259456,3.323936958985569,Ring of Fire - Alaska,reviewed
2018-02-02 07:20:21.598202880,69.48319616207075,-13.983801134413284,138.57288336407225,3.1494440027658537,Ring of Fire - Japan,reviewed
2011-11-28 02:56:04.562192384,65.44393202412058,-65.11079730882724,292.1685471758919,3.0663517864488505,Ring of Fire - Philippines,reviewed
2004-03-10 12:18:24.220553344,-0.4093718012833847,-99.25272931816625,453.94250499722136,3.1887300412277524,Ring of Fire - Alaska,reviewed
1978-12-24 22:53:15.478118016,-35.65556270379335,-177.8612141251189,31.31658758466472,3.2102904699181987,Ring of Fire - Chile,reviewed
2007-09-22 01:40:24.120274432,89.43742799559544,-179.3461375839696,34.682143503206106,4.573313671527927,Ring of Fire - Alaska,reviewed
1980-01-15 06:24:14.944507968,30.738994306240215,32.323395884613944,78.77532936513676,3.017561316762924,Ring of Fire - Chile,reviewed
2008-11-10 08:25:24.214446080,81.3254914683994,-75.0729919893525,29.016458057312676,3.8976175002996665,Ring of Fire - Chile,reviewed
1979-04-04 13:31:41.683633664,-9.317766020927934,10.405645012600388,35.43617252636161,3.9101770547425527,Ring of Fire - Alaska,reviewed
1970-02-10 17:53:00.237319658,66.02919697823626,149.38497967725044,255.32568148489162,3.4135519823494955,Mediterranean-Himalayan Belt,reviewed
2010-04-01 09:09:13.301993216,-66.43321929092527,119.16609734592112,13.888051047200147,3.384683089671632,Ring of Fire - Philippines,reviewed
2011-01-05 19:10:03.912184832,24.633796818331646,81.62250879598815,5.251546222504272,4.4542140888018364,Ring of Fire - Alaska,reviewed
1998-11-01 22:21:48.019037440,32.1666326710464,-134.4304954133948,59.244414590649626,5.2551016156744925,Mid-Atlantic Ridge,reviewed
1974-09-05 22:29:05.145170272,-9.535028752918137,69.81351945754668,84.98156489430606,3.112990006860027,Ring of Fire - Chile,reviewed
1979-04-14 01:08:20.843778560,-46.89664185301325,-85.27221944733267,273.94706812334755,3.473684314252144,Ring of Fire - Japan,reviewed
2019-11-20 16:02:17.405689856,17.252747009475513,50.50710131895045,61.37935987760195,3.8815834770994817,Ring of Fire - Philippines,reviewed
1983-07-12 03:40:21.215236544,9.762286400879262,42.580244981714316,57.99770031489346,3.4901308726612648,Ring of Fire - Alaska,reviewed
2004-01-13 08:46:30.203505024,-5.192992868501193,38.165610316559906,55.894717452273916,3.661365156067198,Ring of Fire - Chile,reviewed
1983-09-28 04:34:52.173826880,70.51260562651723,-104.17521338852839,58.706000814472,4.753719805710018,Ring of Fire - Alaska,reviewed
1982-04-18 12:52:24.253173632,51.38207434997025,-152.65400967460675,36.767532538134176,4.334456619087463,Ring of Fire - Chile,reviewed
2023-10-02 01:46:25.296813056,-31.35646894578747,37.28716687495779,269.9755968037141,4.730965157803183,Ring of Fire - Alaska,reviewed
2004-07-06 04:39:07.658395264,56.725617093774844,-7.229690286012783,20.721718606442725,4.091057209162887,Mid-Atlantic Ridge,reviewed
2001-03-08 20:02:06.564382976,-17.69650729816162,-26.06607746565922,257.13441245128547,3.1822161901680945,Ring of Fire - Chile,reviewed
1994-01-08 04:45:46.222278400,-58.341331524571025,169.07855022320945,150.938162824492,4.244278049526305,Ring of Fire - Philippines,reviewed
2000-04-16 03:07:15.758423040,75.67794433900019,-8.041061024569188,58.91842376679026,3.0272031851407006,Ring of Fire - Philippines,reviewed
2008-12-31 01:53:32.061940992,36.2626414987095,-177.78417164108103,42.10297706168451,3.5836592150235704,Ring of Fire - Alaska,reviewed
2009-04-26 23:51:30.689881088,64.5938674468882,34.656168433816106,164.0668958587819,3.4453797079468744,Ring of Fire - Philippines,reviewed
1979-08-13 15:43:54.707481984,-52.584676712022166,55.427713966742175,293.96208924713096,4.2175708448819895,Ring of Fire - California,reviewed
1998-01-02 19:20:48.614488960,-77.81681605153744,118.0865901583175,10.436697507000375,3.2678714539888154,Ring of Fire - California,reviewed
1993-01-25 18:41:38.492086912,-29.302332604017344,-108.21348680539772,146.88057619921813,3.9830997277170797,Ring of Fire - Alaska,reviewed
2018-09-30 21:18:46.751706624,3.0033703718877263,8.757948066815146,48.179926925760554,5.688639078586773,Ring of Fire - Alaska,reviewed
2005-05-11 09:52:07.306704640,54.42657893262634,-19.032659859828442,27.393298552633485,4.7583606749012946,Ring of Fire - New Zealand,reviewed
1999-10-27 07:20:09.923084928,-18.409245208904096,59.19856601854707,609.9399386136397,5.7985302476215885,Ring of Fire - Alaska,reviewed
2003-12-01 02:40:55.228661888,-22.94187976523152,138.24465541182894,35.79070223722242,3.0118002071185144,Ring of Fire - Japan,reviewed
1988-11-18 21:15:58.180002688,-29.48074254881694,135.73636018919643,51.71792061458257,3.5857025880297018,Ring of Fire - Chile,reviewed
2008-10-02 23:34:30.943725568,-58.503764030266865,55.26799727062587,56.16021714545813,3.319115067809567,Ring of Fire - Japan,reviewed
1981-07-20 11:23:15.442727616,45.55730243412049,164.42105375138794,5.272500251718339,7.361356520614168,Ring of Fire - Alaska,reviewed
2020-02-27 05:40:09.981426432,-48.04279197182249,159.87699171763813,420.2527714326702,4.735399608339004,Ring of Fire - Indonesia,reviewed
1998-06-09 03:17:14.480065792,-9.442762099586787,-34.914239649171805,0.4870311112303849,3.2229444664614584,Ring of Fire - Japan,reviewed
1971-01-06 16:35:03.394318004,29.206304129635583,-68.58827522097035,117.06385868857457,3.024455010686032,Ring of Fire - Japan,reviewed
2014-05-24 06:45:38.612569600,-70.08418201534808,-117.15188576622158,45.412285606565796,4.867362865022335,Ring of Fire - Indonesia,reviewed
1996-07-22 22:30:38.365197056,32.66548314809742,101.06861445554267,93.35801878871114,4.177408497558743,Ring of Fire - Alaska,reviewed
2001-05-25 13:16:33.575780096,50.50560827459964,4.804907494824505,109.52194809089073,3.499706016596004,Ring of Fire - Alaska,reviewed
2005-03-11 04:57:05.800736128,-9.402149706467625,106.37030638723769,66.75595156742898,4.03999374616299,Ring of Fire - Japan,reviewed
2008-07-24 13:59:06.509815808,-54.88889009349662,-175.38721322175675,15.74277640112851,4.309913984914926,Mediterranean-Himalayan Belt,reviewed
2010-07-06 14:14:14.738929152,78.8433483332571,-14.063075494281378,49.61100059334297,3.0794089757433385,Ring of Fire - Japan,reviewed
2016-10-27 02:46:09.151494912,-36.216796473109056,134.33599049934486,32.886145298837576,3.808868971084423,Ring of Fire - Chile,reviewed
2015-12-30 20:32:54.505642496,41.45600233952959,167.75249302222835,58.192684989967475,4.491132613125447,Ring of Fire - Japan,reviewed
2017-03-23 13:12:09.483745536,47.87874184792949,-88.15645204648843,17.781480436689392,3.78409128380186,Ring of Fire - Indonesia,reviewed
1997-03-01 15:23:09.360516608,56.78393353324461,-155.73125786644763,225.95667783404085,3.6038482680068396,Ring of Fire - Indonesia,reviewed
1988-09-06 16:50:16.516442112,-84.40491406995072,54.18784168374472,7.023173724844809,3.5584069243564067,Ring of Fire - Alaska,reviewed
2014-04-29 17:45:28.880751616,-88.24790296860603,1.0226112311550253,31.98862517396034,3.0294832041582325,Ring of Fire - Alaska,reviewed
1995-04-10 07:38:37.863227136,-25.711986909266543,23.65385108785,151.55059885671469,3.449687135531297,Ring of Fire - Chile,reviewed
2017-11-16 18:48:24.948648192,54.89673453254059,99.11153578246052,35.544893086578476,5.274747645626743,Ring of Fire - New Zealand,reviewed
2019-06-03 23:55:54.591584256,5.911893644155612,-96.35277056857284,25.78172674607122,3.439504712904857,Ring of Fire - Japan,reviewed
1996-02-11 10:24:09.417735296,58.56266274512359,-59.422758871940246,1.979944980368581,3.9748590095724876,Ring of Fire - California,reviewed
1974-03-29 06:52:35.558435984,-58.15564618605568,-97.79266348222541,53.48651001490871,5.067184629603521,Ring of Fire - Alaska,reviewed
2014-12-30 18:08:16.712617216,14.430976350349184,-119.26014604538935,6.370826481776188,3.019933169237833,Ring of Fire - Indonesia,reviewed
2020-06-30 23:37:15.385959680,-28.731905848931675,83.63484144654103,24.00545810856937,3.085175696096073,Ring of Fire - Indonesia,reviewed
1973-10-01 19:28:15.175448704,16.024956682449343,-27.028937121008653,193.84947463242236,6.836847173982079,Ring of Fire - Alaska,reviewed
2019-02-17 10:46:17.868802048,70.10780481644787,178.58227578196414,250.69416498623949,4.299749343619133,Ring of Fire - Indonesia,reviewed
2000-05-03 15:17:16.987010304,58.20729602845691,137.28932319116666,33.36369123560402,3.2309255302349094,Ring of Fire - Alaska,reviewed
2024-03-17 20:24:04.654728448,86.42815007057052,160.5779626567964,49.91220194625727,4.622989915498218,Ring of Fire - Alaska,reviewed
2006-04-22 01:09:25.034490240,42.72245680694226,-176.41361169528355,22.521592090079444,4.057689024942212,Ring of Fire - Indonesia,reviewed
1974-02-24 16:16:37.164612544,-50.7646264607827,115.48749025144099,27.110382157273097,4.137415327294911,Ring of Fire - Japan,reviewed
2015-01-05 10:03:12.341511424,37.06925763298777,173.1362964796562,291.9230886576862,4.939683315517354,Ring of Fire - Japan,reviewed
2025-11-03 08:53:47.130176768,-20.67631071897945,-19.5886917696524,10.510755092871266,3.3297822910255834,Mediterranean-Himalayan Belt,reviewed
2001-04-22 10:32:57.553110656,79.2213138100359,67.91388360981466,41.644121464321,4.356653870528966,Ring of Fire - Chile,reviewed
1989-08-18 04:42:56.542020608,11.497622670436158,45.513537534259655,36.488742767684606,3.247021763639559,Ring of Fire - Chile,reviewed
1990-09-11 21:37:35.115668352,28.94827953472678,117.56821235263612,128.31644846433912,3.5962632077261665,Ring of Fire - Japan,reviewed
1995-12-31 01:41:26.381158144,-87.39704776431404,-116.5050091439736,48.00981446810443,3.7814097177701047,Ring of Fire - Chile,reviewed
2010-06-22 03:43:33.301079552,-76.0627529099451,-45.46996142286261,23.087106619945274,3.7124736567220578,Ring of Fire - Philippines,reviewed
2006-10-11 02:06:56.247354624,14.66717187683551,-67.46910741567723,11.31312425112082,3.347198818846478,Mediterranean-Himalayan Belt,reviewed
2009-09-09 09:12:52.969123328,74.120655912351,-110.11422971959254,39.6526624185744,3.0325650511132896,Ring of Fire - California,reviewed
1982-03-10 22:49:54.360828800,-47.52072074919019,161.23423423128003,19.443483463407855,3.5541345734334264,Ring of Fire - Alaska,reviewed
2007-01-20 10:17:24.055491584,-32.360687709201535,13.682985014578435,21.002133641684765,3.3902578050777294,Mid-Atlantic Ridge,reviewed
1970-04-19 16:14:11.141780320,17.469803810703112,-52.53817741090651,43.47877093635803,4.510686882016124,Ring of Fire - Indonesia,reviewed
2015-01-19 07:53:38.831256576,82.02652383871884,40.70725621816598,64.21122018248354,5.145306366604704,Ring of Fire - Japan,reviewed
2013-04-11 06:34:51.096628224,5.235221521358824,-53.01117294729109,134.76814035410783,3.75147905845191,Ring of Fire - Chile,reviewed
2000-09-16 19:36:40.957113856,-26.09732124481689,13.804820251440844,263.82539841407777,3.15436634990615,Ring of Fire - Chile,reviewed
1973-09-21 08:59:08.341620896,4.4986962134552755,-81.30243835698217,68.82690055306792,4.310601876416571,Mediterranean-Himalayan Belt,reviewed
2012-12-03 12:46:31.418971904,51.5221169887443,-55.46474247593311,54.3781958613802,3.2538412182765093,Ring of Fire - Alaska,reviewed
2002-09-08 16:39:22.452732288,7.265485041097804,74.06202918108954,7.741044077476831,3.6402184220336222,Ring of Fire - California,reviewed
2013-10-15 10:15:28.466934272,-31.31054094821151,30.4626065917995,1.038111370219551,3.0739305528383496,Mid-Atlantic Ridge,reviewed
2012-02-05 11:32:58.744791552,-29.04821080108588,-146.34472920718338,51.97202949494896,4.919206475224717,Ring of Fire - Philippines,reviewed
2014-12-19 19:13:59.037914624,46.2261274636231,170.34570666217428,45.5255892346812,3.1480676881323126,Ring of Fire - Chile,reviewed
2007-08-02 04:24:40.582204416,-62.453233726462514,72.49897754680816,20.066147391307688,3.6871798521294954,Ring of Fire - Chile,reviewed
2004-09-29 13:12:28.137711232,80.04161397550163,74.88653019509633,76.67892001174812,4.500418884699427,Ring of Fire - Chile,reviewed
2011-07-26 07:18:23.424445184,-73.78303262972787,-173.18320803836212,281.36524486509165,4.062737235397335,Ring of Fire - Japan,reviewed
1979-07-07 13:49:45.127691520,46.473049727326185,51.391403806895255,29.37706045100878,4.787429154761334,Ring of Fire - Alaska,reviewed
2019-11-11 13:06:01.931350272,23.904792120774815,165.87719780040976,37.804600069892025,4.694973203810523,Ring of Fire - Indonesia,reviewed
2011-12-31 07:06:06.774353664,47.417944886619324,70.61133377985675,43.93902895205179,3.682820800049873,Ring of Fire - Indonesia,reviewed
2020-11-09 23:56:04.939097600,-17.912165026717176,-112.83188352445748,284.1365771438394,6.112601949669379,Ring of Fire - Alaska,reviewed
2012-06-27 00:06:25.669353984,-17.866194300490676,-123.08227626224914,168.4694516633326,3.732881827984237,Ring of Fire - California,reviewed
2003-06-10 14:49:09.703457280,-38.03295919725797,25.078428979347223,42.62334027210265,3.6831532893637147,Ring of Fire - Chile,reviewed
2006-08-18 23:26:41.605246976,17.59500663941894,48.06674122917565,58.02279783831145,4.691196701210883,Ring of Fire - Chile,reviewed
2019-10-16 08:00:08.209009920,77.36494537984649,119.24554675382592,1.3462192419732122,4.895962222517227,Ring of Fire - New Zealand,reviewed
2002-05-31 08:01:45.122827008,76.31697589036762,145.19561371688218,21.124545619539354,3.889386957387445,Ring of Fire - Japan,reviewed
2005-05-31 07:11:38.960607104,36.53292099264934,-38.68796013904563,653.6777884913477,3.2180248402293623,Ring of Fire - California,reviewed
1978-10-06 10:02:18.737229920,73.11343878594903,123.87054325373623,19.4163069333311,3.693723183764342,Ring of Fire - Chile,reviewed
1996-07-16 02:39:25.778993664,83.43338910403833,15.256812714024193,445.800385819517,6.788716429000565,Ring of Fire - Indonesia,reviewed
2010-02-12 11:16:59.307945472,53.11888974050245,-10.59042938327292,18.37194120894232,4.538142149818614,Ring of Fire - Japan,reviewed
1982-01-13 14:35:45.482386944,57.724913013511554,1.468381801467217,14.552184787349795,4.949364028756413,Mid-Atlantic Ridge,reviewed
1993-10-16 11:22:58.585236864,-69.0994735658248,146.8956371335538,15.890090953689443,3.055581912485244,Ring of Fire - Chile,reviewed
2020-11-02 00:30:25.153337344,-55.09774528368405,-148.0666558021521,12.487877635000673,5.104864139822163,Mid-Atlantic Ridge,reviewed
2008-12-25 11:33:33.394117120,-50.9597015404551,175.2552185631294,41.52897650915946,3.3643063571503893,Ring of Fire - Philippines,reviewed
1991-06-09 09:11:42.347106816,10.293068579489287,-68.1614229354474,17.879979673226334,3.832537188062626,Ring of Fire - Japan,reviewed
2016-01-08 21:48:01.484094464,-74.61830337309414,6.725683067556076,12.704833978958881,3.0583761974468535,Mid-Atlantic Ridge,reviewed
2006-12-06 23:22:12.087235584,-62.106867625703636,12.98567659356064,24.748419794303597,3.189873458914894,Ring of Fire - Japan,reviewed
2014-08-03 12:37:59.916513536,-45.46527570518311,97.48725789865199,60.08492386113677,4.842507181469107,Ring of Fire - Alaska,reviewed
2008-10-08 19:36:32.350696192,53.47147626070418,38.06546422338383,636.9427150873528,3.292363785670198,Ring of Fire - New Zealand,reviewed
2022-08-02 18:25:21.521004800,74.92715709296434,-143.5924783152197,36.910939319015576,3.8007878368657684,Ring of Fire - Alaska,reviewed
2005-08-20 18:18:58.769462016,82.11755868617067,166.84996446898896,32.2228889344483,4.586501756886122,Ring of Fire - California,reviewed
1988-03-04 05:45:22.952413888,-8.356875429825138,124.6695033886013,88.51880847604772,3.6522984505671983,Ring of Fire - California,reviewed
1985-02-03 07:49:36.721676864,-31.015899100326955,-40.041859095681474,17.605912777348056,4.716003623657679,Ring of Fire - Japan,reviewed
2008-11-24 11:47:48.386694912,-83.56876162533926,94.43703758714878,38.096573032729225,3.1320250236736022,Ring of Fire - Chile,reviewed
2003-05-03 17:42:17.108490240,-26.09172590512609,-112.20594295174124,260.062618340251,3.6319891113191156,Ring of Fire - California,reviewed
1984-10-26 13:55:29.772854464,-83.35820889922795,73.33299095176892,182.5460912735743,3.556220138498994,Ring of Fire - Japan,reviewed
2007-01-26 06:01:11.527881216,68.86886681140123,-167.9974090105379,56.98468341658868,4.496879142489963,Ring of Fire - Japan,reviewed
2015-08-20 23:05:39.941345536,62.614212443953846,-138.3915153406027,28.015336687716783,3.956182924887966,Ring of Fire - Alaska,reviewed
2013-07-26 22:48:25.750447872,-44.729834411807495,99.38410576758133,242.16856670425562,3.5403645200075253,Ring of Fire - Indonesia,reviewed
2012-08-09 16:36:52.259956992,54.46060205572539,112.68108139743345,2.7470503228382483,3.2059706023504404,Ring of Fire - Chile,reviewed
2009-02-20 14:24:33.614135808,35.472246953596965,89.82411421245467,24.07724295084973,3.605741175112242,Ring of Fire - Alaska,reviewed
1990-08-17 19:20:00.706779008,-37.8255891545758,146.1905359519326,45.930480015221576,3.795802626241665,Mediterranean-Himalayan Belt,reviewed
1971-09-30 02:13:02.919638848,0.8636101072161466,-138.66439730135465,168.85807057251785,4.196133624797835,Ring of Fire - Japan,reviewed
1984-07-15 02:48:38.910751040,-11.101132641769325,122.03977839382372,12.788636889796795,5.105608766328919,Ring of Fire - Alaska,reviewed
2019-03-26 23:40:42.845950720,-1.7003993417848022,-131.83712164418745,114.37492034734291,3.7439498439508467,Mediterranean-Himalayan Belt,reviewed
2001-03-18 05:12:39.969509760,41.65076649404344,28.110213076208254,14.659387176019662,3.4458605012084123,Ring of Fire - California,reviewed
2007-05-06 00:42:45.593967616,46.35914311481224,129.52700792897718,62.58382236427206,3.103978333540425,Ring of Fire - Indonesia,reviewed
1988-02-02 21:04:45.354012800,44.034085308338206,-81.99869925478757,52.95343751882887,4.024586692544973,Mediterranean-Himalayan Belt,reviewed
2020-04-13 03:23:13.705019904,-86.41774162789079,-175.23530449762316,66.09220544539633,3.1032967282574013,Ring of Fire - Japan,reviewed
2019-09-25 16:21:05.898340864,76.44436842490771,-63.55126118080801,4.784386001373631,6.519936296565252,Ring of Fire - Chile,reviewed
1988-03-20 04:03:23.099284288,59.42479759897918,-176.50585425523363,15.136302607369387,4.3833532910280635,Ring of Fire - Philippines,reviewed
2020-06-14 08:28:36.441736960,-40.57570666205952,15.692835922862145,51.03236199806459,4.707115306731247,Ring of Fire - Indonesia,reviewed
2025-10-13 09:54:34.220493312,9.493830870593442,-43.83061457045474,15.40905945850349,4.339523302700003,Ring of Fire - Alaska,reviewed
2016-03-22 05:26:16.367462400,20.701067391570092,113.01938670855094,96.21125571237502,3.980031194951004,Ring of Fire - Japan,reviewed
2017-04-24 03:41:17.575097088,-66.24989475907589,107.13072689669428,6.435655514458636,3.657446276831893,Ring of Fire - Alaska,reviewed
2002-04-18 07:03:35.755576448,-85.81492164885263,-102.0653015091037,55.32852331180916,6.457014838562338,Ring of Fire - Indonesia,reviewed
1973-10-07 14:02:42.003563248,65.51130960976775,-27.92524826077306,6.599318452925523,3.7603435201001982,Ring of Fire - Philippines,reviewed
1975-04-26 08:33:26.940695968,-85.51708744568393,50.87438371570653,61.50883086782531,5.949576664276115,Ring of Fire - Alaska,reviewed
2025-12-08 08:24:51.314419456,-32.634749185043944,-111.52584663375335,29.851066400001223,3.963014493459544,Ring of Fire - Japan,reviewed
1988-04-16 18:03:41.919104768,-75.91563126967984,98.29678160530904,45.7492507881635,3.85032453794006,Ring of Fire - Alaska,reviewed
2011-11-24 14:31:59.790868736,50.6530667107894,-60.998324243301425,7.997391728063943,3.666622902659191,Ring of Fire - Japan,reviewed
2015-03-04 17:17:16.473765888,76.4968991528138,155.58371817026733,55.25103143757051,3.2583032892062858,Ring of Fire - Alaska,reviewed
2018-01-18 03:35:56.709098240,11.30681156720263,4.27339089885885,171.68386162778916,3.0040992555552117,Ring of Fire - Japan,reviewed
2025-11-12 11:47:51.368609024,-64.8779728845021,124.96555228669996,17.397520140898543,3.3040627586279125,Ring of Fire - California,reviewed
1977-04-14 12:57:30.816989440,43.509421055979914,112.1368045347939,13.574947419647632,7.339467936699927,Stable Continental Region,reviewed
1971-04-04 16:14:27.833122760,-39.74870834037402,52.022701587505054,30.08994583778486,3.474322239280755,Ring of Fire - Japan,reviewed
1990-03-08 19:26:14.973344000,-76.72724593483639,107.00664738901287,60.3458860088162,3.661995266588897,Ring of Fire - Philippines,reviewed
2013-11-20 19:09:46.014492416,-63.18654506127896,-111.43254079457532,44.38005371911917,3.1576422290383346,Ring of Fire - Japan,reviewed
2001-09-15 02:14:53.746918784,81.99116731420932,-80.0940454650716,3.7481255624872434,3.0540604311232937,Ring of Fire - Japan,reviewed
2006-08-23 06:10:08.112800256,41.021929055506604,107.3891476132473,19.57160593662624,3.9301161242778075,Ring of Fire - California,reviewed
1970-10-22 03:26:57.106667472,63.495821979232545,106.5107510790221,46.75536148190197,3.1785932823937,Ring of Fire - California,reviewed
2012-10-20 07:40:31.824559104,-50.687667050558574,-39.9447720667722,53.51946026399714,3.9330553056833533,Ring of Fire - Alaska,reviewed
2004-12-05 10:00:55.992117120,-79.54919197042433,-151.37742167373762,2.3375243406100177,3.32180559033727,Ring of Fire - Chile,reviewed
2012-09-08 09:00:50.018526720,76.52307615542256,-27.20654585047356,2.5825302237537704,3.284735886454932,Ring of Fire - Japan,reviewed
1972-03-07 09:34:55.659028056,86.70029267479626,-71.81917180781353,64.21980969631508,3.0127522487540066,Ring of Fire - Chile,reviewed
2016-11-16 14:35:09.428956416,12.121954832515542,33.10278580175387,67.1808786627273,3.153619158362248,Ring of Fire - Alaska,reviewed
2004-09-10 04:03:53.511192960,69.91234467080031,-9.890412086227343,4.317620737716682,3.40700388912985,Ring of Fire - Japan,reviewed
2001-07-20 03:00:09.342054272,-48.2731110513444,-73.16013920819397,67.73529649129661,3.136722062212432,Mid-Atlantic Ridge,reviewed
2004-12-23 05:32:49.293874816,-70.01303317382676,130.41573998598557,13.6028447711642,7.684501061173679,Mediterranean-Himalayan Belt,reviewed
2018-05-29 06:04:36.324363520,-0.03295126648546898,-33.54428705559519,19.301074588652913,3.4059923708504716,Ring of Fire - Indonesia,reviewed
2002-11-13 14:41:48.651301760,56.01301550708149,-10.551602951359655,55.61866060951939,3.15359793812587,Ring of Fire - Chile,reviewed
2002-07-14 04:16:29.555293312,27.837652183259834,124.78626891088476,99.2569474476896,3.244196809753527,Ring of Fire - Indonesia,reviewed
2025-06-23 08:39:33.073871872,24.71763026587776,-147.93962099615234,262.39964472294315,3.974613056316578,Ring of Fire - Indonesia,reviewed
2012-05-17 09:39:02.049415680,-86.85739651947009,-39.63846896001192,45.44699129865794,3.0728049337853642,Hawaii Volcanic Region,reviewed
2009-08-12 09:22:48.720587776,79.10924157404665,-1.5027641435939643,64.15278440662395,6.582797576842482,Ring of Fire - Japan,reviewed
2003-06-04 09:52:28.241933696,46.67600768544801,-30.09025592427031,47.58857318304042,3.0246214032770466,Ring of Fire - Chile,reviewed
2021-12-23 02:36:10.315409664,41.90998377461196,-168.10955699517797,66.20910863439005,4.125988646883524,Ring of Fire - Alaska,reviewed
2022-01-11 16:34:28.088508928,88.07128093803175,-88.20563073853135,224.61183752585023,3.587740248224384,Ring of Fire - California,reviewed
2025-10-02 15:26:02.334969344,-18.052215143204165,63.26404209502937,61.17986081291583,3.592048593075365,Ring of Fire - Alaska,reviewed
2024-12-09 19:18:34.815417600,-1.5190915620372323,128.01143056706496,20.543500415131007,3.217839076221269,Ring of Fire - Alaska,reviewed
2006-05-16 09:44:50.436074752,-51.3310426019954,74.42694656614955,31.228001498763142,4.285144489924577,Ring of Fire - Chile,reviewed
2015-01-17 16:20:17.887202560,73.22593362459475,114.50814097032003,29.124916488729603,3.9158329725614447,Ring of Fire - Alaska,reviewed
2010-01-16 22:38:46.930748672,38.91560948412524,51.59390536734716,262.30594513336814,5.1523394614108184,Ring of Fire - Alaska,reviewed
2003-03-20 20:45:40.666830592,-38.92360174335094,2.6521323800909897,27.624034893422238,3.137466098541896,Ring of Fire - Japan,reviewed
1972-12-27 03:02:16.720563088,-65.70784092643304,-101.15222496851973,275.78424409379096,4.694244795587075,Ring of Fire - Japan,reviewed
2007-10-15 09:42:06.183076096,22.137368803755194,-65.62511866097364,51.01755260649218,3.1343979912532607,Ring of Fire - Alaska,reviewed
2007-12-10 13:17:54.133123328,58.75355489585144,-166.31363899206585,65.32810673065977,4.3055414945452,Ring of Fire - Philippines,reviewed
1990-11-23 11:26:45.420836224,0.5702862699288858,148.7119577082841,64.96061192421878,3.640843868812277,Ring of Fire - Alaska,reviewed
2022-09-25 10:13:43.949282816,-71.55095876918747,144.10897294801464,309.07473687297903,6.190160056320882,Ring of Fire - Japan,reviewed
2008-09-08 15:35:57.614839808,24.504525667984794,-11.649134086619114,48.24608154540663,3.529357986465893,Ring of Fire - Japan,reviewed
2009-01-14 12:26:50.315006976,-45.60419243489846,66.02903893511834,306.771740970214,6.456479882261181,Ring of Fire - Alaska,reviewed
2006-04-28 14:42:07.153279360,-47.89288932229946,37.08635779380043,112.8566995592137,3.4404841073414016,Ring of Fire - Alaska,reviewed
2005-08-11 21:18:00.396292352,-1.3265488904099243,39.19402942417355,13.20192518901144,3.346759448824245,Ring of Fire - Japan,reviewed
2003-07-24 12:37:42.072953088,61.49447159443935,11.240509670569992,48.64756881730473,4.790036022490158,Ring of Fire - Alaska,reviewed
1980-01-17 08:50:36.537721088,35.62781659439631,-35.13374403363838,383.39778998170425,8.969816764626586,Ring of Fire - Japan,reviewed
2009-06-27 05:03:45.592248832,30.0279369521395,163.77155785913914,25.034838471223793,3.3203629666620964,Ring of Fire - Chile,reviewed
2007-05-24 16:58:37.637122304,-80.05899624980657,30.6305909711713,44.20314969929251,3.8077803585513235,Ring of Fire - Alaska,reviewed
2016-11-21 16:03:11.451360256,1.7997956206688883,-177.70398290365807,24.982206359628083,3.384405781352329,Ring of Fire - Chile,reviewed
1971-01-27 13:40:46.716035572,-24.47677513325945,72.12230227803562,10.460233149941335,3.2734897777887166,Ring of Fire - Indonesia,reviewed
2013-08-17 23:38:41.241381632,-85.29977729491405,-137.77407548298277,55.690617485602864,3.3643175898789046,Ring of Fire - Indonesia,reviewed
2004-02-22 03:23:40.126253568,-58.17438420662678,-33.642138034172774,43.16986315369944,3.644894010333852,Mediterranean-Himalayan Belt,reviewed
2009-03-06 17:28:29.350380544,-70.13378363593908,-110.97891937705027,16.23307852382404,3.206424623231227,Ring of Fire - Japan,reviewed
2016-12-07 18:48:31.977449728,54.17730071565745,-58.26852462642562,37.486811788691966,5.272130310364723,Ring of Fire - Chile,reviewed
2014-12-15 21:24:33.117019904,-27.69729253809234,-170.39908655286368,68.04294659236365,4.342526595331849,Ring of Fire - Japan,reviewed
2023-10-23 16:47:39.707685632,-75.80762671104061,-134.37634238463625,64.19151983163896,3.0979553727579696,Ring of Fire - Japan,reviewed
2000-01-05 11:31:26.494669056,-42.21356318285773,-16.28753394986623,54.050675336522524,4.155094936056047,Ring of Fire - Alaska,reviewed
1978-08-10 10:37:46.498873344,-68.42427662708616,-16.892111265161702,1.1575987192469561,3.0033279877378645,Ring of Fire - New Zealand,reviewed
2002-01-24 12:51:27.429350784,50.14195918810802,103.52498146973608,63.3561686371785,3.313422044848705,Ring of Fire - Indonesia,reviewed
2021-08-04 12:03:40.086027776,32.2888804083006,-145.77525027905182,7.826025986375601,5.959240745566803,Ring of Fire - Alaska,reviewed
2002-08-29 00:02:11.317586816,30.871402073449943,-104.55385667879551,42.55798173187137,4.402568449629847,Ring of Fire - Japan,reviewed
2003-03-14 08:38:42.310957440,52.84668979397509,104.86830130174167,180.78693416469417,4.596565548906951,Ring of Fire - Japan,reviewed
1971-10-12 06:07:32.146210808,3.5065999601186917,60.15353770204189,60.23580406112115,3.2897649844126033,Mediterranean-Himalayan Belt,reviewed
1974-09-26 14:46:34.598450432,84.59361674868424,-163.81621583951178,36.86495844676382,4.828561672805238,Ring of Fire - Chile,reviewed
2003-12-25 20:10:43.535636992,-43.94978306800239,41.91051453042081,246.340499481701,3.159576847837245,Ring of Fire - California,reviewed
2019-05-02 12:58:52.407659776,-14.380676771539825,-43.50075487815167,7.080574054290002,3.695571164192541,Ring of Fire - Alaska,reviewed
2019-06-11 06:09:42.531041536,-54.59361268078126,0.37132524486196417,2.5378426809069166,6.068990212726991,Ring of Fire - Alaska,reviewed
2006-11-27 10:56:18.824744960,-65.77395591276662,10.144373752327567,23.261693751797175,3.226147475747966,Ring of Fire - Chile,reviewed
1981-10-30 07:47:29.683610112,18.167328108667846,97.57659508824742,9.532189965309986,7.19805534423271,Ring of Fire - Indonesia,reviewed
2018-04-29 20:58:50.170052096,-1.227663226526289,20.524507118257986,35.29237742366301,8.681701917249784,Ring of Fire - Chile,reviewed
2019-08-15 06:27:24.404634368,-22.561247861452557,33.51082612503953,132.48976171892963,3.892175706243064,Ring of Fire - Alaska,reviewed
2011-04-18 13:49:03.267926016,42.472685640342235,-134.65969279766085,33.23094496893384,3.4179457898670496,Ring of Fire - Japan,reviewed
1986-01-17 04:25:26.475436928,-88.94586637828459,65.78364003185962,30.683294293004767,3.607753956498714,Ring of Fire - California,reviewed
2014-12-12 09:39:19.459106304,-7.6209141007227,-179.8264294277574,68.55939111964965,3.407093253256048,Mediterranean-Himalayan Belt,reviewed
2025-11-04 12:09:44.645332480,23.862956543160152,-61.661818983467086,64.04148664321593,3.362325927318966,Ring of Fire - Japan,reviewed
2020-04-01 19:46:38.181094912,-67.28238289598505,-40.12796132779411,12.785613312064056,3.183133946671115,Ring of Fire - Indonesia,reviewed
2004-11-12 15:53:43.039105664,50.08497951330631,-67.94351025702278,4.553217041599843,4.453909047665201,Mediterranean-Himalayan Belt,reviewed
2024-07-04 14:16:22.924826624,-31.690088585348093,73.51814871081328,10.68570860004249,3.0004514109940077,Ring of Fire - Japan,reviewed
2017-06-14 15:00:29.719553024,9.047846654352682,21.8701244114865,16.472788567182473,5.723886204463467,Ring of Fire - Alaska,reviewed
1988-10-10 11:05:52.332119424,-31.66853566591,108.38070192078817,105.86303799998124,3.22573401674504,Ring of Fire - Japan,reviewed
2024-08-13 16:38:04.621698048,74.2880392855514,130.9953880553627,30.448892541932405,4.3715737222036495,Ring of Fire - Alaska,reviewed
2015-10-01 13:36:56.917227776,16.51094269928784,-179.9475236613889,260.7903280651736,4.281334904421936,Ring of Fire - Japan,reviewed
2017-09-28 03:39:27.942667264,-50.82991462848926,37.74108787403392,60.453610064396734,3.423124236556081,Ring of Fire - Japan,reviewed
2022-07-11 04:52:08.703906560,-50.399972871453635,-176.469482327701,36.74538589704273,3.3196852216207575,Ring of Fire - Alaska,reviewed
1974-10-07 14:55:06.378928608,18.69689955823152,77.01635640365083,26.378489271131595,6.43389407945814,Ring of Fire - Alaska,reviewed
2024-06-28 08:09:14.201300480,-35.39550851599438,-173.37429758032573,21.099743825899093,3.6459092773180575,Ring of Fire - Japan,reviewed
2012-07-08 19:25:53.241905920,67.34349593508742,122.81380504526248,251.85169099049048,4.672342585626062,Ring of Fire - Chile,reviewed
2024-03-11 15:00:21.527281408,3.243342685109525,166.04799107727933,288.4538512962607,4.253536041687956,Ring of Fire - Philippines,reviewed
1994-08-17 00:17:31.535196288,-61.58074862390461,177.48985761788998,13.254935937646554,4.109116936838351,Ring of Fire - Chile,reviewed
2014-09-14 11:46:41.881684480,-52.47841578669264,132.10470225007583,6.594725452874566,3.0200162244945536,Ring of Fire - Japan,reviewed
1989-11-24 08:30:56.062347136,-3.7024632111848206,-148.5071279846081,255.07447210677844,5.403899138212286,Ring of Fire - Alaska,reviewed
2007-09-29 04:53:05.787279616,88.06692594922069,179.33902571830674,183.33224610974767,3.6999495626630434,Ring of Fire - Alaska,reviewed
1973-07-03 15:19:45.227807888,39.13963343056659,48.624177253291094,8.949767253608687,5.315146809700702,Ring of Fire - Indonesia,reviewed
2015-04-21 23:03:08.486120704,-8.374455348280279,118.69040348596047,194.4807444475656,4.233592124709528,Ring of Fire - Japan,reviewed
2018-06-02 20:51:15.445256192,49.99685084696094,5.9281475700744295,23.45344196569377,3.5583478288258874,Ring of Fire - Chile,reviewed
1974-08-20 05:11:45.504859584,-35.73917539086408,-139.34191830413752,24.532914162254954,4.78726093334225,Ring of Fire - Alaska,reviewed
1986-12-08 09:16:13.225143744,64.35100320487163,52.12909343094563,33.694908247549655,3.540343622431154,Ring of Fire - Japan,reviewed
2001-07-20 09:23:26.487306368,65.65252259014184,-96.97448569602808,105.33524969045133,3.110641503894314,Ring of Fire - Alaska,reviewed
2015-01-05 05:18:51.125056000,-85.37690824989464,-19.945645479883353,52.53667864877243,5.706249631181672,Ring of Fire - Chile,reviewed
2002-07-09 00:55:15.719991552,18.303722922740732,-161.11333338969197,60.03113730336811,4.149190387552036,Ring of Fire - Alaska,reviewed
1998-04-23 04:05:46.428335872,-74.99920007498295,46.10971057780827,3.264513032311327,3.5863680061408263,Ring of Fire - Indonesia,reviewed
1978-01-25 20:14:30.652336672,77.42449431215272,42.78488482531222,56.53617211023461,3.5722589484380807,Ring of Fire - California,reviewed
2004-12-10 15:23:04.518897536,-9.832987108337306,167.9092218889217,6.432726445397438,4.251838227506262,Ring of Fire - Alaska,reviewed
1995-09-26 20:56:43.197236096,64.05176583085213,151.10780435488033,655.885488049759,4.937648385527396,Ring of Fire - Japan,reviewed
2016-01-20 03:54:35.629118208,61.12661795228868,-20.604908085854873,23.770119884571873,5.5048133404375745,Ring of Fire - Chile,reviewed
1973-03-11 09:15:42.043147776,-0.9295730687033057,-89.15596769097118,9.058210041899754,4.1742922371578635,Ring of Fire - California,reviewed
1993-06-10 18:35:24.913357696,-83.97272636320598,-179.57946728734282,254.14344097494754,5.34942500038769,Ring of Fire - Chile,reviewed
2010-08-07 13:10:57.666363648,-22.584162884368567,73.40009451383119,195.05132651833102,3.8590547937482684,Mediterranean-Himalayan Belt,reviewed
2002-02-27 21:41:26.014855424,-17.56514981468092,65.69841361523137,183.82966909863194,5.765156671099845,Ring of Fire - Indonesia,reviewed
2007-05-13 11:51:15.779455232,-10.572803728851483,-63.888993775846416,66.40593103945955,5.531849028955892,Ring of Fire - Chile,reviewed
2013-07-06 23:44:13.007215872,-1.2762655592728152,-9.717758011088762,9.908419569147632,3.6539485836882006,Ring of Fire - Indonesia,reviewed
2018-04-13 15:17:53.107952640,29.14816186186863,-72.94377838308615,151.06644041182517,3.3528511677585864,Ring of Fire - Indonesia,reviewed
2000-02-17 04:16:53.138603136,49.83161154509256,123.29976603830579,251.55731569624263,3.539701785143343,Ring of Fire - Japan,reviewed
2017-01-16 17:31:57.646584832,30.88911439826488,143.67790535597106,248.47399901247428,3.3718958813813256,Ring of Fire - Japan,reviewed
2025-05-29 05:51:20.012685056,54.62629558573383,-117.4063242883965,43.7162610755043,3.3440435766518815,Stable Continental Region,reviewed
2019-10-24 08:07:23.702426880,-68.01314257969179,70.20602706043914,63.71551909872185,5.171107651698802,Ring of Fire - Chile,reviewed
1990-10-20 14:52:41.300231168,60.62717991561112,166.6816837670122,50.17584016895594,3.079664454621053,Ring of Fire - Alaska,reviewed
1997-05-28 13:05:37.038649216,5.179801637516448,-53.64930830360072,34.545025485083166,3.208706317244761,Ring of Fire - Alaska,reviewed
2011-07-13 19:01:21.884382208,-11.919707910920536,48.94069168825132,193.81808278050374,3.464602563154256,Ring of Fire - Japan,reviewed
1997-08-01 12:21:53.635725696,-4.370903206523025,67.83337883553625,6.391621430471252,3.0698701059902525,Ring of Fire - Japan,reviewed
1997-01-21 11:57:24.251425536,-38.6230166775948,-37.06297205025797,9.804519155125552,3.3461420947546805,Ring of Fire - Chile,reviewed
2016-12-09 07:50:35.726156288,-59.40883605605891,-142.56325780277004,18.5626612591226,4.609117969873351,Ring of Fire - New Zealand,reviewed
1990-03-28 18:59:45.017764480,-71.11894805221105,38.397552307280364,65.51339097238713,5.379252058074171,Hawaii Volcanic Region,reviewed
2018-02-23 09:07:53.810911488,-8.748208967747857,108.77068818602163,67.3001918668336,3.2754632820710006,Ring of Fire - Alaska,reviewed
1995-06-04 10:56:08.485507200,-65.94914058729029,72.14003070542458,218.58236691774076,5.274919295578501,Ring of Fire - Alaska,reviewed
2012-09-11 07:51:48.595140096,-70.35817831644783,-169.9044479402135,21.78347110480636,4.582732380824634,Ring of Fire - California,reviewed
2023-04-12 21:37:28.066415872,76.2766401364052,-50.83381381006387,20.482890919642575,5.067604734990899,Ring of Fire - Japan,reviewed
1979-10-30 07:55:34.017389952,25.922188481923982,-152.49500172855642,4.115721158124595,3.010543215380489,Mediterranean-Himalayan Belt,reviewed
2001-10-16 17:26:38.426829440,61.911184326092496,43.54846617890479,66.02141894973444,3.5672193779521684,Mediterranean-Himalayan Belt,reviewed
2002-06-10 17:15:03.165403520,9.953746068535168,-57.78007358111151,7.939919872208905,5.615551303239931,Ring of Fire - Indonesia,reviewed
2006-02-07 23:23:22.773840384,5.125932180611457,-4.903895999501259,29.09627010503144,3.8609973308203442,Ring of Fire - California,reviewed
2000-12-12 14:25:57.749188608,28.435030378882445,-54.53411431867491,40.3003513731843,3.470093984989208,Ring of Fire - Japan,reviewed
2007-01-20 01:55:51.847317504,50.82362036780225,-106.26305303548267,65.09893481938943,4.171854422577611,Stable Continental Region,reviewed
1977-11-28 10:40:59.457592640,-6.839998067288633,50.07690179585478,3.816579121479581,3.5960996835747845,Ring of Fire - California,reviewed
2001-12-20 03:44:21.691778560,81.70543544885658,-1.1693993260456068,44.365189368150155,4.377528997324646,Ring of Fire - California,reviewed
1985-08-09 02:04:39.638654912,-1.2418902485639478,15.822618350347739,63.376123178369916,3.1848503364725076,Ring of Fire - Japan,reviewed
1982-04-01 06:31:01.575976576,65.63517143630062,-160.50864187833017,53.4954338689616,3.660719106060421,Mid-Atlantic Ridge,reviewed
2016-03-28 06:23:10.372155904,-78.00199348559877,167.38612088360009,52.18521597469409,4.279342008017435,Ring of Fire - California,reviewed
2021-12-01 11:06:18.184917504,49.16933952257182,80.46112991118315,73.54544044313377,4.124583324169993,Ring of Fire - California,reviewed
2024-04-24 21:46:24.057280256,-75.63975994021771,88.39873461311106,607.6092955130591,5.30951207327878,Mid-Atlantic Ridge,reviewed
2001-12-27 23:46:09.836266240,-86.93090170844786,-34.25056797198971,247.0080347977884,3.595662070633051,Ring of Fire - Japan,reviewed
1990-12-22 15:14:43.167198464,-34.866937566262145,-10.063407348886471,55.20072355759297,8.48406575695505,Ring of Fire - Japan,reviewed
2014-09-03 00:25:53.667352320,-6.353877258457743,-77.98931290410971,48.482941039757044,3.1233677205831314,Mediterranean-Himalayan Belt,reviewed
1974-11-15 18:18:57.537815456,-0.18319796083376616,73.01758163342606,26.952886648828816,6.303691921539768,Ring of Fire - California,reviewed
2001-03-06 22:07:22.069709312,-45.348937011971934,144.19759124636306,65.45536311863282,6.49571014659222,Ring of Fire - Japan,reviewed
2017-04-29 06:09:45.416021760,-40.613130882427996,42.52542467745698,257.136285474421,3.113097911488549,Ring of Fire - Indonesia,reviewed
2014-07-28 01:58:39.035659008,57.942405296615334,-40.06074916936947,44.05484598402569,3.016623326886592,Ring of Fire - Indonesia,reviewed
2007-09-04 01:18:42.501154816,-6.504474732908832,42.85304264111116,34.34267818182176,9.077128069149584,Ring of Fire - New Zealand,reviewed
2018-12-12 09:21:34.221106176,0.0807203639369618,147.76867394890303,179.43326744875822,5.0752894157289195,Ring of Fire - Japan,reviewed
1984-09-28 04:45:05.327961088,-15.52679442722092,-66.94191928178803,55.80813179536752,4.0203342978497565,Ring of Fire - Indonesia,reviewed
2018-10-03 19:03:00.429339904,27.879320262172627,20.599644135464104,57.79260707553158,5.181224621749305,Ring of Fire - California,reviewed
2014-05-20 22:36:04.138539776,29.671676916609556,54.83742101980536,59.1083928604446,3.3666550912692177,Ring of Fire - Japan,reviewed
2005-02-16 18:12:32.492992640,-7.16690698578887,-24.11474424221211,47.04735469096353,4.276849141093044,Ring of Fire - Chile,reviewed
2012-01-06 04:27:21.874274560,-41.409065685449455,-31.521955062222162,295.47407672739996,4.23368502821296,Ring of Fire - Indonesia,reviewed
1989-09-01 11:45:47.184014720,28.624317528022587,-116.71716507661411,30.364908154516087,3.578997805578373,Ring of Fire - New Zealand,reviewed
2021-07-23 21:18:49.114764544,-51.94752092991503,-87.69138210853363,36.469397205454996,4.772386566105774,Ring of Fire - Japan,reviewed
1972-03-30 07:53:59.591949000,26.906390186285748,-128.82517007414228,4.6919655326265906,3.671759077960404,Ring of Fire - Japan,reviewed
1981-08-15 20:02:03.973797824,-2.571471610629544,-43.62221291567792,36.165744248287,4.019696288556367,Ring of Fire - Japan,reviewed
2020-11-14 05:05:07.260477696,83.44903190123188,-2.930607668183029,6.387138891297876,3.6087283803355987,Ring of Fire - Alaska,reviewed
1996-03-18 09:59:34.044340096,86.79979726083855,8.75017007739018,42.44218631621724,3.354419916462843,Ring of Fire - Japan,reviewed
2012-08-04 01:17:12.347913728,87.10514907385902,89.96624002013135,284.21242445748567,3.845113728410567,Ring of Fire - Indonesia,reviewed
1978-08-26 19:53:49.791501376,-69.56088429460715,145.73040145639771,473.08196585062,3.655918424132569,Ring of Fire - Alaska,reviewed
1994-01-29 11:42:07.293718144,-71.35993505324805,121.0671984262055,10.058412508321373,3.105117412759815,Ring of Fire - Japan,reviewed
2003-06-05 14:44:40.164065536,-15.218680737764231,-132.77235608806387,58.58470309365044,4.394790570285568,Ring of Fire - California,reviewed
2025-12-21 22:53:20.075817472,-46.98943737219834,-97.66721356434095,59.844795955774984,3.26450989409484,Mid-Atlantic Ridge,reviewed
2013-02-01 12:55:03.129033472,81.69227341293441,22.109647044162728,28.28140720039695,3.2412771031108276,Ring of Fire - Alaska,reviewed
2016-05-04 22:37:18.753117440,17.48295608821951,-164.98411538801545,140.021993267786,3.284332012703567,Ring of Fire - Japan,reviewed
1981-06-13 13:58:53.357817536,26.30877856848609,-117.2796617081444,102.0152210858837,3.655446296539905,Ring of Fire - Japan,reviewed
2004-06-12 05:40:17.312663424,84.61609771358229,-141.75906621687287,43.91628531047535,3.186239396172913,Ring of Fire - Indonesia,reviewed
2020-12-28 14:50:58.633719552,82.85600709426359,-61.400532749807994,5.093366336773898,5.33616414749459,Ring of Fire - Alaska,reviewed
1998-07-21 01:03:26.553788160,-50.20099028314762,-111.83173591006442,13.100152202355831,3.6255404785821694,Ring of Fire - Japan,reviewed
1972-10-24 14:53:12.184176784,-24.111517461627926,-117.70535691507735,14.97460093498024,3.0398879046986678,Ring of Fire - Japan,reviewed
2000-11-11 20:59:34.172928256,-34.9893634684508,-120.24711097040577,48.15888150665688,3.888598635226666,Ring of Fire - Japan,reviewed
2016-12-28 18:09:31.841168896,55.009441230650964,9.469847599668213,5.602279883615565,4.350457961121942,Ring of Fire - Alaska,reviewed
1995-02-23 04:33:29.129028224,-39.963874250859284,-112.60315151300262,19.68820142663322,4.831041486955385,Ring of Fire - Alaska,reviewed
1983-04-20 03:34:26.796338880,-44.09752078026811,37.03054683472061,27.9399162765766,6.234756518268023,Mid-Atlantic Ridge,reviewed
2010-07-30 05:00:36.941289472,-13.619832639377222,-163.01172561628215,63.7526268916703,3.757303034677975,Ring of Fire - Alaska,reviewed
2004-01-24 23:00:34.588133632,81.38649768861598,-17.759227488772666,16.822601652138147,3.0681485699655062,Ring of Fire - Japan,reviewed
2014-11-17 23:17:27.838009344,40.515263457573866,76.14763866293356,623.7125057485732,3.8392786350766723,Ring of Fire - Chile,reviewed
1991-12-16 11:45:29.816285056,14.933622005022372,29.755447456986275,66.1632005831681,3.1708207011759746,Ring of Fire - Chile,reviewed
2012-01-16 11:47:57.291105536,64.9497642298542,-55.018836707470356,17.0417808380236,3.0102130125014086,Ring of Fire - Chile,reviewed
2013-04-10 11:51:08.329812224,67.4565925299479,60.54111353029114,31.355969202401504,3.2132027773914076,Ring of Fire - Philippines,reviewed
2007-12-07 17:19:13.637318656,-66.23573815559959,131.4484581639556,121.40471350156818,3.451948769323469,Ring of Fire - Alaska,reviewed
2001-09-06 22:19:24.196474368,57.513682178868464,-37.04692240039307,48.29938374480143,3.9687132185842633,Ring of Fire - Indonesia,reviewed
2022-01-11 19:07:32.257687296,-21.146776564516315,52.36113621143559,18.37391183015337,3.41722020585598,Ring of Fire - Alaska,reviewed
2016-04-20 17:42:55.950542080,0.9294099426070375,28.579035276104293,60.52613797229242,3.6145151332222385,Ring of Fire - Philippines,reviewed
1999-05-21 10:01:54.948513152,71.08677272511073,172.89531003691718,37.63539247913754,4.181152128721571,Ring of Fire - Japan,reviewed
2013-05-31 01:35:53.564370688,68.36278234292493,-78.96941277816565,267.0144221723152,3.336887880815353,Ring of Fire - Japan,reviewed
1983-02-16 16:57:47.263868032,44.884273952297605,-156.5084553798152,31.065638868581015,3.013357705302535,Ring of Fire - Alaska,reviewed
1989-04-28 23:56:53.979259392,47.293115749830434,5.763755846212007,48.599232250510404,3.804933577283496,Ring of Fire - Alaska,reviewed
2023-11-04 09:39:37.254036992,42.53982971218491,-16.455582332263788,11.317063488759807,6.62267764708942,Ring of Fire - Indonesia,reviewed
2007-05-26 21:39:18.352950016,-28.874635325370825,43.23774178286436,655.6168470760645,3.97933905012826,Ring of Fire - California,reviewed
2022-04-04 20:14:52.218910208,-68.25911766479663,41.443789177382115,6.532968418887847,3.7008024094949974,Ring of Fire - California,reviewed
2004-03-29 06:21:56.770425344,-74.27818514633826,130.63572862651972,47.72577678990706,5.89268096774782,Ring of Fire - Alaska,reviewed
2007-12-30 08:38:11.168677376,-69.16126014165809,54.525063415379606,44.12806482251997,4.938707917744048,Ring of Fire - New Zealand,reviewed
2017-06-29 09:04:35.078132480,31.65965290844815,148.7354058368805,1.6772969586988873,3.297913743990536,Ring of Fire - New Zealand,reviewed
2023-01-15 07:02:29.820373504,63.28956608465384,-119.76765269009246,8.400192473182164,3.335137414140358,Mid-Atlantic Ridge,reviewed
2019-07-20 22:36:04.801222912,25.721854789228317,65.0022746007817,27.11333945996847,3.772231441459808,Mediterranean-Himalayan Belt,reviewed
2011-05-22 03:17:04.607921920,-14.662794887987204,-65.69572901844862,195.40421521488213,4.499048124226086,Ring of Fire - Japan,reviewed
1985-07-15 23:38:32.157411520,-85.4714191569151,121.11445963745251,57.40415560223775,3.7695670520028792,Ring of Fire - Alaska,reviewed
2023-12-12 14:36:25.984755200,-77.23215503053538,-108.4508324906929,66.8246259352039,4.414420001257388,Ring of Fire - California,reviewed
1970-07-30 08:22:15.920202064,19.82935188356987,157.9430759411594,66.89349658469493,4.803717471433863,Ring of Fire - Alaska,reviewed
2010-02-05 08:52:56.875144704,-71.60342188850723,66.05244251727245,48.26950877363755,3.375961659361077,Ring of Fire - California,reviewed
2009-07-19 20:27:58.700975872,-38.853417853877694,161.5079171655293,17.40842666297946,4.200120254427402,Ring of Fire - Alaska,reviewed
2004-11-13 20:51:37.242392320,-56.552857686216946,-107.31197801037294,69.54510922769957,3.6117733613277805,Ring of Fire - Chile,reviewed
2025-06-11 16:42:34.186867200,9.669044728597825,133.0938339835082,56.637225177613225,5.419231026320339,Mid-Atlantic Ridge,reviewed
1987-06-19 20:52:56.611960768,69.67356212197802,60.50621534962872,81.2335733637711,5.052365079440815,Ring of Fire - Alaska,reviewed
1989-01-14 10:40:07.406109568,24.412015403588896,18.8231737617526,39.436861846631594,3.8198853947811298,Ring of Fire - Alaska,reviewed
1974-06-03 13:08:33.371453808,29.553843511126914,115.38464394997396,25.74825570246695,4.293656553753969,Ring of Fire - Alaska,reviewed
1984-08-14 05:24:43.811828480,44.89654103479896,61.05605779875768,13.4640209532515,3.7530794486008316,Ring of Fire - Alaska,reviewed
2016-09-25 11:55:25.774897664,-15.049423465224237,114.13932790726489,15.516469016117181,4.541174250213238,Ring of Fire - Japan,reviewed
2022-05-21 11:09:14.847367936,65.7641407989816,54.10897283783325,23.121770377779256,3.2734009354317277,Ring of Fire - California,reviewed
1980-05-26 19:09:52.276786112,26.255049941852008,123.98010433228848,61.91475743557044,3.5410803884224107,Mediterranean-Himalayan Belt,reviewed
1990-11-10 22:12:15.298246400,-65.59059910655914,-53.45029240438187,31.853619336569704,5.208670204361082,Ring of Fire - Japan,reviewed
2022-01-01 06:44:28.632147712,-83.0317484939281,-60.58435593393973,1.2514938824372646,4.417774383973133,Ring of Fire - Alaska,reviewed
1979-02-12 13:32:18.433104800,60.76221589455423,-61.0868206469694,64.78810281035564,3.4840082186760193,Ring of Fire - Indonesia,reviewed
2003-05-01 21:18:51.528698112,43.424020264553405,-62.20356850590231,32.91742899619833,3.3676426406583118,Ring of Fire - New Zealand,reviewed
1978-06-05 14:37:28.607721568,81.96763100524518,67.92642557091705,12.992284476880322,3.213062425509016,Ring of Fire - Alaska,reviewed
2024-03-18 01:35:22.255744000,10.65146377437108,-88.96716836179405,18.20811881107794,4.495972959079912,Ring of Fire - California,reviewed
1998-01-31 13:07:27.238824704,-40.448990656327545,13.703756851878012,38.57219468761099,3.6659873794255025,Mediterranean-Himalayan Belt,reviewed
1983-10-24 21:48:29.007473408,32.32402072115528,169.01180497633072,2.244446196617911,3.5362846093924984,Ring of Fire - Chile,reviewed
2007-01-25 02:52:07.247262464,62.71475911552102,-58.742867647546944,52.46686261655368,3.545697340065228,Ring of Fire - Indonesia,reviewed
2012-01-24 19:49:24.855257600,6.552631957515075,-42.67067637081749,28.772854640222803,3.0916988255502087,Mid-Atlantic Ridge,reviewed
2012-03-19 20:44:00.585529600,26.820926567131863,82.95145922900872,29.44775659286499,3.1035311388224422,Ring of Fire - Japan,reviewed
2002-05-12 14:33:58.573341056,-53.45121418111821,-103.33358714497905,57.797001218563466,3.9827819714645383,Ring of Fire - Alaska,reviewed
2020-08-22 20:53:29.294824960,42.61663622276126,-44.87549278227442,480.80331519483246,4.006170963282275,Ring of Fire - Japan,reviewed
2015-10-10 10:37:29.362240256,60.91411007522433,147.831315824733,273.504708620845,3.596848768666958,Ring of Fire - Alaska,reviewed
2012-05-23 21:43:19.770037248,16.872794313554948,-138.76168187194958,40.65327643665772,3.621894579379919,Ring of Fire - Japan,reviewed
1973-02-11 07:11:37.097991840,-69.17859677264433,88.31664023711977,28.249927471472095,3.060985591670977,Stable Continental Region,reviewed
1970-05-21 16:11:56.654461312,-33.68567586385026,72.89464018588899,16.31350689672309,3.799480180330322,Ring of Fire - Chile,reviewed
2007-02-27 01:09:12.929342976,31.889230452510148,67.85664745268718,22.16174438888527,3.1781877422037335,Ring of Fire - Indonesia,reviewed
1993-01-10 05:20:01.545910912,-32.34112058425942,25.1221641512075,55.455564307075,3.1205991880490327,Mid-Atlantic Ridge,reviewed
1992-07-14 09:57:55.133178240,61.25238924104056,-76.49195862812947,36.926016392198136,3.145091410927246,Ring of Fire - Philippines,reviewed
2019-07-15 10:56:05.996569088,-23.077837554227358,-67.98916978108096,30.248202293112612,3.117154031395963,Ring of Fire - Indonesia,reviewed
2020-02-24 22:43:34.997419008,-82.28945736954705,119.87721912087443,313.67817996847555,4.034946663366559,Ring of Fire - Chile,reviewed
2020-11-29 08:40:48.779442176,52.918995000570305,-96.83460494416018,16.599212166832608,3.240632154397475,Ring of Fire - Japan,reviewed
2008-09-12 03:56:56.079408896,54.35216905152558,65.21390542915086,65.46134075227447,3.2097069197084576,Ring of Fire - Japan,reviewed
1985-03-18 17:07:22.650644544,-27.19983361195917,-133.2353900387325,19.837838619941568,6.482789207028553,Ring of Fire - Japan,reviewed
1980-09-03 13:01:47.931316736,-86.82656541252375,155.64739363787317,5.975814552859569,5.1212255078341276,Ring of Fire - Indonesia,reviewed
1980-05-04 06:54:12.970864128,-76.72447374159097,-86.17164658978122,16.291116930903748,3.288208378293956,Ring of Fire - Chile,reviewed
2016-07-13 09:40:53.378916608,-35.741744215171686,-151.85100703099195,52.9615753809891,3.744732655611591,Ring of Fire - Japan,reviewed
1976-09-18 03:10:51.006493664,89.6217316960433,45.94056837070198,2.7863978255461133,3.021785907466049,Ring of Fire - Chile,reviewed
2011-02-26 10:31:14.024735488,46.50991136943935,149.77078566687015,31.35239413911242,4.224098394591939,Ring of Fire - Indonesia,reviewed
2003-05-19 15:56:29.514255872,42.709134537236764,-119.66118353839212,24.142242192122833,4.727032765034752,Ring of Fire - Chile,reviewed
1994-04-18 09:50:02.759277952,-39.944991817864505,-55.213835243091495,14.336106745741684,3.149630021716146,Ring of Fire - Japan,reviewed
1979-03-17 14:04:15.132026496,82.98664705201631,36.36785571304918,61.33423535574894,3.559269930086971,Ring of Fire - Indonesia,reviewed
2000-08-12 13:36:10.260398464,76.75279110456367,-156.4310467774519,42.433547619689826,3.3233955601680196,Ring of Fire - California,reviewed
2020-07-14 01:17:25.710778112,80.05711732371805,161.17944034143335,29.483396587777357,3.3360516119701544,Ring of Fire - Alaska,reviewed
2011-01-18 01:13:43.077300480,34.58135692235338,-19.565563404679978,49.626788639989535,3.5830297174163994,Mid-Atlantic Ridge,reviewed
2006-11-19 14:24:59.839175936,-73.03569160091502,-119.68367932678831,55.032786843874916,6.246524965590323,Ring of Fire - Japan,reviewed
2022-03-02 02:13:26.028924928,47.349028751163985,131.52608605653234,0.6303964985132671,3.1486083460414753,Ring of Fire - Japan,reviewed
2015-12-22 12:35:38.125189888,-53.628594646159,-75.08563636873984,68.10841662942134,7.001676062319064,Ring of Fire - Indonesia,reviewed
2001-09-23 18:39:23.937992704,61.258690746788915,-172.86370437619357,46.13909388362125,3.2884139622704374,Ring of Fire - Alaska,reviewed
2006-10-17 05:52:29.025021696,83.07572770998024,-66.09507026834984,62.21012662289225,4.630475076244293,Ring of Fire - Alaska,reviewed
2020-04-22 16:45:41.850138112,-51.772026750214806,174.26148643184257,61.106411128630135,3.45535153696579,Ring of Fire - Alaska,reviewed
1992-05-16 08:35:05.379928320,-75.95439883098817,-127.13656578660172,276.0039189067154,3.1698535762491664,Ring of Fire - Chile,reviewed
1970-08-10 02:51:29.686233952,52.478886950695625,28.143212482433768,147.11631292827823,3.4063555890989483,Ring of Fire - Japan,reviewed
2016-04-14 10:46:44.005844736,48.715230589834135,-46.2000432716971,57.665833080452394,4.18299374275551,Ring of Fire - Indonesia,reviewed
2014-11-08 10:59:54.126241792,35.42733101818516,106.19110771576254,151.31609118959466,3.9193069420379087,Ring of Fire - Alaska,reviewed
2002-04-21 11:08:11.008935040,-58.50209653287252,-113.24914988406243,89.49467885332402,3.753302974441375,Mediterranean-Himalayan Belt,reviewed
2024-11-28 13:29:12.313505280,-62.38228972325523,-21.787837871588266,514.0427120002414,4.21348108276958,Ring of Fire - Alaska,reviewed
1982-01-09 04:11:58.815283968,-15.403127285061416,77.0591599086087,200.81689358026176,5.487715221936956,Ring of Fire - Chile,reviewed
2003-04-24 09:55:22.335100928,84.92432472866878,-137.53650678474207,10.778189082068035,3.166741162757127,Ring of Fire - New Zealand,reviewed
2011-05-18 00:57:48.735525632,29.77743196392332,-157.84790868383254,11.52582817792207,4.387109514265178,Ring of Fire - Indonesia,reviewed
1971-10-26 13:34:45.293069136,75.94938755752398,127.31740192122362,67.60540710748774,3.632473643260599,Ring of Fire - New Zealand,reviewed
2006-11-20 18:02:41.125958912,-66.23113849498488,140.8777055816808,158.08241254479208,3.5684333060249207,Mid-Atlantic Ridge,reviewed
1975-10-14 01:54:05.171445952,-83.96883014747158,-120.89796313292894,3.4504399316663106,3.7774577413290533,Ring of Fire - Indonesia,reviewed
2001-10-21 18:40:45.379700608,-37.61850069525256,16.510969296435803,40.945528283733346,3.712193210478815,Ring of Fire - Chile,reviewed
1986-08-06 09:39:16.057781632,56.50363922126567,-8.404184262303147,59.040831056531815,4.5865241831606856,Ring of Fire - Alaska,reviewed
2022-07-18 08:55:06.076303872,-50.84214622244807,86.97878906158047,21.772919353988875,3.3286386144498783,Ring of Fire - Chile,reviewed
2015-11-06 16:39:14.138262016,-87.92459338803502,-119.20703780830982,7.737895509171474,3.720983420637856,Ring of Fire - Alaska,reviewed
2025-01-28 21:36:06.464789248,-15.370297337485226,28.796300425407907,23.587535149278086,8.313343097610522,Ring of Fire - Indonesia,reviewed
1984-07-17 01:08:38.606163392,-78.46056042003994,140.458448306732,18.669240144605,4.276479438707447,Ring of Fire - Indonesia,reviewed
2024-04-20 18:10:44.683710976,-37.78333754620517,-171.6953450623709,38.0633719143059,5.025207186904359,Stable Continental Region,reviewed
1994-02-24 00:37:55.676357760,25.87458450000568,62.2582944667555,54.32975825840655,3.5894712604759302,Ring of Fire - Indonesia,reviewed
1989-06-17 19:14:45.935712128,-36.95342820901813,18.51262407050598,40.790503318864516,4.6064604794047215,Ring of Fire - California,reviewed
2008-10-01 16:56:57.224566528,-65.66899066478669,129.20099109349422,595.9286537462385,3.249688095156193,Mediterranean-Himalayan Belt,reviewed
1995-08-24 00:31:16.880952576,4.6543271726554565,-68.76514732201744,20.224002106266823,3.5654925481071515,Ring of Fire - California,reviewed
2004-05-19 12:49:55.943326592,-8.508022967585589,-103.21647668478178,20.814062327803196,3.467560297356757,Ring of Fire - Japan,reviewed
2002-05-07 07:15:16.266799488,26.596133913874723,-109.65252216470044,53.86397711209109,4.359063910992664,Mediterranean-Himalayan Belt,reviewed
2016-02-13 02:43:42.893028608,-21.370418052219534,-15.979182274602863,212.10760543431886,3.486185630561371,Ring of Fire - Indonesia,reviewed
2015-12-16 16:45:56.980477696,-30.591562117317558,120.63077777405545,320.4958164585699,3.946560132352193,Ring of Fire - Japan,reviewed
1989-08-24 07:16:40.214992000,-63.666097410337755,-132.21714910636564,41.07283576839716,3.096361192178182,Ring of Fire - California,reviewed
2015-02-13 06:42:02.317713920,-82.50639766137806,3.397344140057953,54.668208050263665,3.149631615240686,Ring of Fire - Japan,reviewed
1988-05-18 06:07:08.687385856,-11.407065695764672,-51.62134391872826,38.19259250990054,3.0826089333274815,Ring of Fire - California,reviewed
1974-09-29 03:08:08.710856192,79.49776955272031,-145.74858164729585,15.838870933090462,3.3952292616346003,Ring of Fire - Japan,reviewed
1996-12-31 01:08:51.579530240,22.33368843406197,-103.7678063399147,5.31722008754418,3.43889414914051,Ring of Fire - Alaska,reviewed
2017-02-02 02:32:25.774425088,-22.605334991350986,-133.57635983233303,69.03262181260865,3.5463515405377737,Stable Continental Region,reviewed
1982-05-22 23:52:53.046740352,-66.00291186941084,147.45894484512814,7.285316949277288,3.3343609991842307,Ring of Fire - California,reviewed
2015-04-09 07:44:30.704005888,17.761737432152515,94.83007377168877,179.43257209898923,3.5817026235957705,Ring of Fire - Alaska,reviewed
2016-02-14 13:46:08.600052480,40.32604739804472,-147.91790575853383,46.02459609894594,4.401898016191209,Ring of Fire - Japan,reviewed
2022-03-22 13:04:41.806000384,11.75397535881325,-178.23337469658625,36.44357256200163,3.7692330056619454,Ring of Fire - Japan,reviewed
2022-04-15 23:26:48.363279360,-50.76939659350062,-101.24081442343514,66.16328327889046,5.781013407421455,Ring of Fire - Alaska,reviewed
2008-04-18 02:53:34.603147008,15.745555863229157,-76.1377123688062,39.188876690879425,3.0554487140201516,Ring of Fire - Chile,reviewed
1992-10-31 16:07:40.076044288,16.612522572883762,-173.37740664184813,154.18353914613147,5.2988175610345944,Ring of Fire - California,reviewed
2006-10-04 13:05:41.602468096,86.4285796263488,-93.48158008928979,66.13848171145162,4.45031272794465,Ring of Fire - Alaska,reviewed
2024-05-19 22:47:17.526066688,73.9922501649163,-68.74584159224354,21.701144907529425,5.9752293529396585,Ring of Fire - Alaska,reviewed
2001-06-25 10:44:45.833516032,0.6369745189414147,-163.70768448466612,42.71250033656493,4.1776613980212405,Ring of Fire - Alaska,reviewed
2010-01-09 20:22:13.132533248,-2.0971650028287456,-32.51055384949845,16.350535818530638,3.6358951534381183,Ring of Fire - Alaska,reviewed
1976-07-07 21:07:20.386799104,-60.1281904524729,147.09789747230127,45.773080245848014,3.698981073365981,Mid-Atlantic Ridge,reviewed
2004-04-25 12:19:02.573320576,-79.34596410526996,132.28113714936546,63.416634343625105,3.0323680035781697,Ring of Fire - Japan,reviewed
2022-07-21 18:36:50.280834560,35.34391525955775,-157.69406052204266,32.48946310391124,4.287666554625594,Ring of Fire - Chile,reviewed
2007-01-22 08:09:32.737745408,-15.617762960730204,-70.10210023854744,25.80344567488021,3.7232124941605926,Stable Continental Region,reviewed
1989-11-10 23:42:33.744375296,34.30351397769661,-169.26878070911886,142.5145180139022,3.265258795705194,Ring of Fire - Chile,reviewed
2000-11-01 17:14:03.814402816,25.998455309029893,95.69098245915342,251.6337621184263,3.0733305883398416,Stable Continental Region,reviewed
1992-07-30 19:23:51.607110400,39.59330952428948,146.31407249445613,7.337584865853588,3.9394057536299982,Stable Continental Region,reviewed
2016-09-06 12:30:09.755887616,17.97014119708244,97.37690340089767,42.14712810891448,4.070232981227196,Ring of Fire - Japan,reviewed
2015-08-15 11:11:07.526406656,-60.92287920948887,87.77315412212675,0.5756191972224067,3.775168058021606,Ring of Fire - Indonesia,reviewed
2004-04-05 18:42:59.400390656,-78.94938640640962,123.60807922217396,5.191137404182151,4.868710124355866,Ring of Fire - Chile,reviewed
2007-11-05 14:33:03.210072576,9.439156953773704,4.171126159152067,145.463799443619,3.917060804487052,Ring of Fire - Japan,reviewed
2006-11-09 08:13:45.381354496,14.403039369687122,11.7037708040844,13.980996338568348,4.151918588994745,Ring of Fire - California,reviewed
1992-02-19 05:43:50.463563776,82.56504631835901,128.47773990018925,60.98192323726808,5.739112403830144,Ring of Fire - Alaska,reviewed
1978-10-13 06:57:58.623375744,-89.10353095357354,44.83747786146665,619.2683210471381,4.2245798231923235,Ring of Fire - Japan,reviewed
2016-04-29 19:27:39.044956928,10.094807472293397,146.6687151931456,47.489866690611585,3.0048060216987236,Ring of Fire - Chile,reviewed
1979-06-03 06:27:53.688320320,-12.321038608724805,168.36413905264106,0.7676141239513079,3.1096616630722,Mediterranean-Himalayan Belt,reviewed
2019-03-29 22:34:53.869885952,49.241967908153356,154.72402745621548,62.2785607729292,3.445474344687276,Ring of Fire - Chile,reviewed
2001-03-12 03:35:26.996434944,0.6821024321452427,-13.483405450107881,42.50866690710416,3.5144835453749117,Ring of Fire - Chile,reviewed
1998-02-19 03:29:14.301360640,25.153463829657056,74.14118514793341,32.54096511080406,3.967746956650583,Ring of Fire - Chile,reviewed
2010-12-18 02:10:20.496676352,30.783474447016843,-65.271521540127,47.176111435111636,3.643539411240089,Ring of Fire - Philippines,reviewed
2023-08-27 09:18:11.787481088,-20.23268497765642,-155.39610488565975,36.38197405060871,3.0382505535338447,Ring of Fire - California,reviewed
2019-08-17 01:49:07.855233280,-89.17478435785046,48.54818157543164,36.14378731868286,4.829313528928314,Ring of Fire - Alaska,reviewed
2022-04-27 07:43:44.866647296,-62.23995710479421,-105.42438061514358,11.884385783068549,4.287242719312587,Mediterranean-Himalayan Belt,reviewed
2021-04-26 13:11:07.927959808,81.14583830067929,-173.37291791461763,10.050422441401667,4.4195661350290285,Mid-Atlantic Ridge,reviewed
2005-08-01 03:06:58.253469824,61.63500884187775,80.46574809527084,55.041668689719586,4.317487052656273,Ring of Fire - Chile,reviewed
2005-04-08 17:19:27.421225856,-40.48048126981746,127.00797219518239,100.42525284220925,3.4097223377962846,Ring of Fire - Indonesia,reviewed
1992-07-30 20:48:35.755954048,-17.785449193359014,-33.96687276660225,19.71571067791247,3.115485881991697,Ring of Fire - Japan,reviewed
2012-02-18 19:03:11.816009984,79.18583820923394,-150.87664409286776,68.14685862860763,3.349905790405084,Ring of Fire - California,reviewed
2007-12-08 15:22:51.239911424,5.855934472007377,-73.1055411954365,16.575862421728317,7.32942882243903,Ring of Fire - Indonesia,reviewed
2010-12-18 07:07:56.272021504,21.552270543505188,3.7427598742443706,54.02638279347642,3.010722480839908,Ring of Fire - Japan,reviewed
2016-03-02 21:58:58.042488832,77.41324767139108,-6.536259038787165,37.91490554831372,3.165962498047535,Ring of Fire - Alaska,reviewed
2016-08-22 21:52:31.236068864,0.3544597129559861,116.6156364813117,400.43160961173817,3.9505518107895123,Ring of Fire - Philippines,reviewed
2000-04-03 16:26:20.950698112,26.935555009889868,-5.563482308033173,2.9653352366947425,3.085869063833458,Ring of Fire - California,reviewed
2017-04-19 22:50:38.856971776,12.563674922391385,144.1946087085107,25.30348338659929,6.158091352311361,Ring of Fire - Philippines,reviewed
2021-03-29 17:41:30.811898368,83.48711665855674,-159.53333126208986,67.80296707421506,4.668152618648501,Ring of Fire - California,reviewed
2017-04-10 16:11:33.136294656,-20.799141102648107,146.00593060082673,267.76583854060254,4.02655562252089,Ring of Fire - Japan,reviewed
1998-10-15 19:03:29.073679104,86.24378329080147,9.414633476378981,1.8172712847744665,4.117732004683537,Ring of Fire - Japan,reviewed
2002-02-02 10:22:15.968126848,23.32772959146574,-174.70211975733892,69.71937356622736,3.8875098824876995,Ring of Fire - Alaska,reviewed
1988-03-18 13:04:13.218587008,4.391995039354683,-7.397617925112883,36.04631460601114,7.728588467515386,Ring of Fire - Alaska,reviewed
2024-10-14 06:58:15.715823872,7.530354965632071,132.13380275280798,23.72553539559184,3.2671755656285897,Ring of Fire - Alaska,reviewed
2024-01-30 10:15:51.763100672,-14.129534125711842,124.0677618315417,27.9654532682395,3.096277650749975,Ring of Fire - Japan,reviewed
2010-10-15 08:51:28.841078528,53.961000243627325,-6.234977331562362,112.28451718453849,3.793883980160421,Ring of Fire - Indonesia,reviewed
1989-05-13 18:31:52.100119680,-59.42944115782426,18.723207497206403,67.8672779074514,4.943870861405799,Ring of Fire - Alaska,reviewed
2007-07-31 20:50:24.738386176,-47.37744038583798,115.96184435160319,61.767757433645464,3.6452575960303064,Ring of Fire - New Zealand,reviewed
2015-02-07 11:03:21.924237056,82.55488703394704,71.88242774388209,7.69018299369134,3.930551403021395,Ring of Fire - Alaska,reviewed
2023-01-07 00:07:52.840450560,-10.060283091170746,-114.18404151515787,21.18355995573221,3.8236908651985675,Ring of Fire - Alaska,reviewed
2013-11-11 19:02:50.962563840,-34.17117757563424,154.4973451475363,104.118011565534,4.050577300860867,Ring of Fire - Japan,reviewed
2025-06-16 06:23:55.060064768,43.804189295218066,-104.63170535049586,66.46762059795563,3.188520494020002,Ring of Fire - Alaska,reviewed
2003-10-18 23:23:32.297345664,-33.338757607440265,158.3546877957973,48.647722242409266,3.9904876619383,Ring of Fire - Japan,reviewed
2006-12-06 21:01:12.810540800,-72.71981920901223,-139.0254690177552,51.149481905402034,3.197282733172602,Ring of Fire - Chile,reviewed
2008-07-12 14:17:55.291530496,77.0870736967664,62.25925200950209,49.32102224933452,3.1449547183765936,Ring of Fire - Alaska,reviewed
2022-07-22 17:59:30.742881024,52.44568980295,8.820372810163292,25.481922845019643,3.5504531822272094,Ring of Fire - Japan,reviewed
2004-11-15 04:12:30.798530176,2.7917792011050153,-164.65460164768996,19.970840462315973,3.206719358545933,Ring of Fire - California,reviewed
2000-08-07 17:11:50.262604288,56.88195152840328,-70.97248745054785,6.5402306789749485,4.134723983091037,Ring of Fire - Japan,reviewed
1993-05-12 20:34:03.927470848,-34.28091486009603,-132.97525494849526,56.98363484950008,3.1013340878473885,Mediterranean-Himalayan Belt,reviewed
1978-12-22 02:15:40.329142528,-13.777510787568303,-55.57438331134247,26.247518435217046,5.463928581678259,Ring of Fire - Chile,reviewed
1979-07-29 03:53:37.424855936,37.22440754218654,141.93955664792406,517.8288365955336,3.542403857831983,Ring of Fire - Japan,reviewed
1993-06-01 07:34:06.438179200,-23.208785422604322,-132.233905136412,8.258529960591801,3.413554724971304,Ring of Fire - Indonesia,reviewed
2012-05-28 17:00:36.403385856,-1.084562410413426,-54.245844603080656,4.4713048703321885,3.6826256575991736,Ring of Fire - Indonesia,reviewed
2020-04-14 01:42:07.658883584,26.372334186922217,-2.050407120661532,87.96522841276592,3.5438450954028897,Ring of Fire - Japan,reviewed
2007-01-21 03:10:23.472495360,-63.862189089969974,133.38915852717332,676.1393510680766,4.673182638639831,Ring of Fire - Chile,reviewed
2003-09-26 21:33:44.917282304,78.81113788713466,157.23555073891754,28.762993349426456,5.937951823993343,Ring of Fire - Alaska,reviewed
1979-02-17 05:31:06.371546976,-33.47321747490743,-21.044568438099446,60.98910353321762,3.310234996330001,Ring of Fire - Alaska,reviewed
1971-04-30 21:28:20.809171296,3.85505605956169,47.09097659196357,66.79809090607169,3.3530512285938383,Ring of Fire - Alaska,reviewed
2016-10-03 04:12:17.113043968,-73.60432801418266,59.23258779412433,28.83717759270592,4.911589136453233,Ring of Fire - Alaska,reviewed
2024-07-31 08:19:20.148760320,14.865633790397922,-157.22714001582554,11.916312270683138,3.005872256042088,Ring of Fire - Indonesia,reviewed
2018-08-18 13:55:11.419965952,-32.16474911505029,-100.84606315463203,61.22035337027405,3.428578609091245,Ring of Fire - Alaska,reviewed
2021-11-17 23:08:14.749254144,-10.95143922760677,30.27798105977098,8.52263983533749,4.1389110126670445,Mediterranean-Himalayan Belt,reviewed
1972-11-01 09:09:15.147593840,79.88030545254497,-120.79286013591334,60.41188637047366,4.033502322746422,Ring of Fire - Alaska,reviewed
2002-02-20 23:55:07.165298304,28.451170527422164,131.7404225871615,57.47865382824071,3.3380704611310463,Ring of Fire - Alaska,reviewed
1992-01-01 21:12:28.413405312,-49.69498241338813,-77.26403472562875,218.1195293350089,3.8062251017172457,Ring of Fire - Indonesia,reviewed
1971-08-10 00:40:27.947634336,-50.45293125330332,136.0224651324374,68.25713307701402,3.658694302713565,Ring of Fire - Japan,reviewed
2002-08-30 06:16:05.949297664,-58.34711959129096,-150.82661924475676,59.43956453127855,3.0128845555843506,Ring of Fire - Chile,reviewed
2014-02-03 02:50:52.226339584,5.914476412209723,50.440017939729614,20.612486918881213,4.191633352625678,Ring of Fire - Japan,reviewed
1987-02-28 11:17:33.165777856,-88.06533016471528,29.919884178714256,70.39670908526337,3.9859061668400493,Ring of Fire - Indonesia,reviewed
2002-12-12 13:37:53.106392704,2.295700655597784,-49.73695099920545,188.2122978802085,3.9317991265274403,Ring of Fire - Chile,reviewed
2024-07-13 03:21:23.419622400,-77.88720374946203,-12.333208886729722,6.981168064071768,3.13618256290051,Ring of Fire - Philippines,reviewed
2000-06-22 11:53:09.097862272,-78.62412651672095,33.97683037060631,38.199211122306394,3.9982673672500693,Ring of Fire - Philippines,reviewed
1985-05-31 11:12:26.186393984,-43.62417236546478,156.90655180656785,57.227269117068445,3.3537104161946374,Mediterranean-Himalayan Belt,reviewed
2009-09-23 03:40:27.698190336,-0.1274133652238021,-12.06416148363283,173.77952205403113,3.091295549403783,Ring of Fire - Japan,reviewed
2020-08-20 11:42:46.583331584,72.53377684036263,141.5527599773235,25.922412281536555,3.888975893045716,Ring of Fire - Alaska,reviewed
2000-10-16 11:04:52.129493120,-30.858575738269735,-52.33022665128412,55.253343763838664,4.401967394493463,Ring of Fire - Alaska,reviewed
1993-11-11 10:59:03.537914752,87.74250212789957,166.94199821996568,394.9875628890983,3.4451622427318904,Ring of Fire - Alaska,reviewed
2016-08-11 07:57:19.585698816,32.63051339774259,-160.03054974981734,27.557332872231495,4.546574604929497,Ring of Fire - Alaska,reviewed
2015-02-11 22:26:25.390731776,-35.10865057364248,-165.67112897258983,29.948839943893706,4.150710668837144,Ring of Fire - Alaska,reviewed
1982-08-29 23:53:08.682348928,-11.764000924074551,-75.15354829442816,188.69168913861233,3.8867693641893215,Ring of Fire - Alaska,reviewed
2015-10-08 08:17:35.580249344,21.925205608470733,29.4659585762941,1.393103861805448,3.012600529821477,Ring of Fire - Chile,reviewed
2022-02-06 10:31:59.899285760,71.6362487949022,80.74632705609412,246.62563687214256,4.311637071304789,Ring of Fire - California,reviewed
1988-11-23 22:51:24.565424384,-16.964617688238135,-80.32067955469584,23.98191398526836,4.874031412006558,Mediterranean-Himalayan Belt,reviewed
2018-10-04 04:35:00.626295040,-45.81801313009621,-42.71490641513009,38.18417036398734,3.974589688224696,Ring of Fire - California,reviewed
2012-02-20 05:38:16.107927552,-34.067528330862615,-118.5652079416437,205.92693754267103,3.4577085715548,Ring of Fire - California,reviewed
1997-07-31 19:49:38.647144576,-28.23349412559481,169.8485802189225,153.69249053418315,3.3861769793051337,Ring of Fire - Alaska,reviewed
1994-10-04 09:57:51.578292736,24.294265139927177,173.02769107959745,64.62007214018004,3.7958071311136297,Ring of Fire - Chile,reviewed
1979-01-14 10:43:04.608560640,-21.42808276974195,53.44678179531701,45.83819508758025,5.95616907889765,Ring of Fire - Japan,reviewed
2002-01-12 00:45:38.753365504,-29.438110015080255,158.5284172076593,97.56335215447689,5.693364451686884,Ring of Fire - Chile,reviewed
2015-02-07 12:10:42.053314304,-37.92820552803133,-72.5506161326783,330.76425549413386,3.8197196393743074,Ring of Fire - Japan,reviewed
2012-07-26 13:42:57.340637696,-27.783853175827986,-111.77849595726452,0.5844816259638763,4.4197237453324965,Ring of Fire - Japan,reviewed
2008-01-23 20:19:55.997104384,-84.68782839091793,-125.97290647423496,68.40017329602841,3.758354858543736,Ring of Fire - California,reviewed
1973-03-05 06:50:13.553188640,-85.57091475750178,35.32641961019144,10.477142520852077,3.9530370229152183,Ring of Fire - Indonesia,reviewed
1991-12-12 17:55:18.672249088,-70.1919282422402,-17.01538970072272,27.598076484702165,3.502940066919272,Ring of Fire - Philippines,reviewed
2009-01-15 02:08:09.193757184,44.655344976857975,165.41438072009976,7.680666087298408,3.09639027620071,Ring of Fire - California,reviewed
2005-12-03 16:35:15.803587584,27.451759248123167,-126.12702280358073,21.648821515453278,3.321532458738148,Ring of Fire - Chile,reviewed
1984-07-20 06:21:27.817310464,-82.35802156943453,-20.462901435174217,135.2846141196114,3.0848624332892283,Ring of Fire - Japan,reviewed
2019-08-15 02:51:37.459830272,-36.76675030593434,-97.76501905818134,296.6505984050218,3.120519801993131,Ring of Fire - California,reviewed
2020-02-27 13:06:51.559353344,-47.85367775808952,-131.22630204014519,29.740754894760773,4.843890264197684,Ring of Fire - Alaska,reviewed
1986-08-25 09:57:52.343939840,-40.16150813657469,76.4042804406119,142.4930767354117,3.0436143949396355,Ring of Fire - Japan,reviewed
1983-06-21 14:13:13.009979840,29.281116538200024,-27.634213515295357,271.7074311240167,5.2574001227152305,Ring of Fire - Japan,reviewed
2007-08-27 06:24:06.927426560,-63.27621171301315,-64.00161690448388,20.934501672619017,3.7299307367304784,Ring of Fire - Indonesia,reviewed
2016-04-04 12:01:25.800909568,43.4062772306564,-148.31686360133918,37.9316121293354,3.401140537020339,Ring of Fire - Japan,reviewed
2007-09-10 18:04:49.744743168,-44.99181427344679,-72.26292688913036,62.297610812267706,3.801968584212351,Ring of Fire - Chile,reviewed
2016-02-29 10:33:09.871857664,-39.073949550078225,121.82206426624288,43.03396672093836,3.529318782832561,Ring of Fire - Chile,reviewed
1978-10-03 03:37:26.564879808,72.20986474881457,170.0343806188469,33.80673542516659,3.1338039349120344,Ring of Fire - Chile,reviewed
2011-04-29 07:27:26.823422976,58.456136424316185,56.18416036717392,0.6971818843012323,9.2,Ring of Fire - Alaska,reviewed
1990-03-09 18:50:28.636241408,-63.40269233683276,19.31031272462144,19.96945978586158,3.609787694563698,Ring of Fire - Alaska,reviewed
2007-08-04 12:03:09.078748928,89.86817431737356,-73.42398603256679,32.831010138695156,3.470870973671307,Ring of Fire - California,reviewed
1985-02-26 11:31:59.118503808,30.987974660826296,-152.33031269511835,52.8600135081299,4.362458056102998,Ring of Fire - Chile,reviewed
1974-07-20 09:21:11.868555696,1.9203518773267234,42.48660185502533,38.04807402546095,3.497638418487186,Ring of Fire - Indonesia,reviewed
2025-08-01 06:36:40.012809728,81.8714533956184,-4.261610996722084,41.834029523689196,4.970545898314323,Ring of Fire - Chile,reviewed
2025-05-08 04:11:24.535830784,34.513747133172615,-31.73114577037103,65.23318790944224,4.398528804905526,Ring of Fire - California,reviewed
2024-09-22 07:21:18.211525632,60.91150472678399,174.7984888311732,6.499156057143436,3.1250439829646033,Ring of Fire - Alaska,reviewed
2014-06-14 23:04:49.085570048,-20.616015009973296,-36.859660249163795,84.50729009888235,5.058734599223143,Ring of Fire - Philippines,reviewed
2006-12-05 04:16:05.675211520,33.19892017923843,-60.09421143183093,12.673525233050325,4.46381236549726,Ring of Fire - Alaska,reviewed
2002-05-10 21:18:08.535061632,-55.69559662864175,133.55509563020894,38.65505476382406,3.261687619054433,Ring of Fire - Chile,reviewed
2018-07-02 08:59:52.017750528,87.84011434807837,-37.61768771318336,46.35301199982835,3.172687218363364,Ring of Fire - Alaska,reviewed
2004-09-07 09:11:34.954344704,-16.67882150441389,69.3335919836116,176.80517364186943,3.326515834701768,Ring of Fire - Alaska,reviewed
2001-08-06 05:36:01.150457600,50.0642668235362,-75.6995971631311,15.752827933093956,3.9317490546526734,Ring of Fire - Japan,reviewed
2017-08-18 19:13:10.977009664,-69.03469560667706,-104.2439755394162,531.9933281808335,6.366288781051884,Ring of Fire - Chile,reviewed
2022-04-29 23:00:52.556325376,8.088650815697449,160.64887110253096,38.47687683025838,4.88083652448522,Ring of Fire - Indonesia,reviewed
2008-08-02 21:50:05.174523648,-29.880412904129535,-96.34296652621153,53.129050831043784,3.871359461367425,Ring of Fire - Chile,reviewed
2016-02-07 09:46:06.436818432,-34.34989774398142,-65.8094557551533,456.8511419947153,3.045804056502817,Ring of Fire - California,reviewed
2001-02-22 18:26:15.621644672,-39.30046387511181,77.06639016230764,267.9675686592595,3.416183373498085,Ring of Fire - California,reviewed
2013-08-26 10:55:20.141158400,-48.99747207431493,113.50543340011541,64.72287726330804,3.94265589687916,Ring of Fire - Alaska,reviewed
2015-10-30 08:02:09.140568064,76.26404329210663,-81.58653962870427,146.53565452720625,5.155912388844412,Ring of Fire - Indonesia,reviewed
1972-03-31 23:02:31.333027320,36.030500668139055,20.38269195126736,16.96308680176173,3.2851546227339234,Ring of Fire - Chile,reviewed
2019-11-01 09:33:31.975167744,-84.60008770228619,-131.75318107630653,40.572762945979875,3.2734623946226846,Ring of Fire - Alaska,reviewed
2025-07-19 14:44:15.585098240,51.52197512322036,-60.89756216454094,253.7123042589602,3.2470719197569373,Ring of Fire - California,reviewed
1986-06-20 13:28:59.857101440,5.749171400765761,-163.81131435914298,170.74731012092803,5.813209411612839,Stable Continental Region,reviewed
1981-10-11 15:29:25.300032384,46.45981581904911,-104.09812457891381,29.221924976561905,5.106559619828066,Ring of Fire - New Zealand,reviewed
2012-11-09 23:26:42.517406976,-11.279092740690658,2.3561916424532683,455.35727215355473,4.640250625264307,Ring of Fire - California,reviewed
1984-03-03 03:32:45.672743552,-82.56925532006643,-121.04671577506453,79.25629724242766,3.5486692177756582,Ring of Fire - Japan,reviewed
2018-06-21 08:20:17.349021184,32.71409745782364,140.17799166213933,4.10136213970948,3.77214191555952,Ring of Fire - Japan,reviewed
2024-10-30 14:04:55.759257856,42.86482862785692,135.61256006107698,227.96887967822806,3.773579594595522,Ring of Fire - Alaska,reviewed
2007-09-26 00:38:51.617737472,-25.27888539999431,171.83555791036878,57.886431755887756,3.0340683679112104,Ring of Fire - Japan,reviewed
2017-06-04 09:13:32.267600128,40.334752761087344,0.6701651161212965,67.64865072864002,3.1554796369157945,Mediterranean-Himalayan Belt,reviewed
2007-11-19 02:55:51.940841216,-54.100088593281875,-85.15279821598224,39.423866471371284,4.53233971418974,Ring of Fire - Philippines,reviewed
2003-04-12 00:40:27.316652672,-14.420462500760067,-148.52898208132248,4.496467364019461,3.60465347571169,Ring of Fire - Alaska,reviewed
2003-10-11 05:30:20.753968512,-49.93876898844374,-3.020623895148873,7.373372597147502,3.8008549811599086,Mediterranean-Himalayan Belt,reviewed
2008-03-21 20:04:24.521521664,-89.10422641109211,-161.94959204301503,65.34670189016414,3.5082370604086885,Ring of Fire - Alaska,reviewed
2002-03-21 19:42:28.916016768,-45.57676075395373,1.381388877906602,241.71033497478038,4.485085408982092,Ring of Fire - Chile,reviewed
1994-01-10 14:42:12.039617664,-52.28616133651494,-89.08256133896649,33.17438326378343,4.686678199256763,Ring of Fire - Indonesia,reviewed
2013-01-14 19:03:18.244891136,51.10656625803921,-29.381714515996634,159.99367674359746,4.410570742769827,Ring of Fire - Philippines,reviewed
2008-10-08 17:20:34.694266624,-9.169366691001215,-18.490233773997744,37.10619478400967,3.4536888130434082,Ring of Fire - Chile,reviewed
1983-01-25 08:32:57.550272960,-14.781028374528319,-9.347799871565144,58.561564539166575,3.69804535113068,Ring of Fire - Alaska,reviewed
2005-01-06 21:04:16.269177728,-57.34653888500217,120.12903416708588,478.68862239594944,3.4418280205497678,Mid-Atlantic Ridge,reviewed
2011-11-01 23:48:11.311778560,84.03633117672857,59.682003635617264,22.255753079477596,4.546878318957307,Ring of Fire - Japan,reviewed
2003-12-08 10:56:35.945746176,40.106145127124364,-152.74191704101568,55.9307259946651,7.298529147783549,Ring of Fire - Chile,reviewed
2017-07-26 17:27:22.740621312,84.56025749611644,-124.65150146427949,17.253453670371535,3.2816332242506743,Ring of Fire - Japan,reviewed
2011-02-10 14:17:48.581847552,0.7674934877901762,-65.20919047956762,50.37647479176981,3.624083289760757,Ring of Fire - New Zealand,reviewed
1989-02-10 23:45:58.949258368,2.61664176456118,-23.16721651085757,9.025611379387202,3.0810402843590783,Mid-Atlantic Ridge,reviewed
2022-01-05 23:08:41.826452992,-48.04215364940165,126.50839153084041,9.11361219092567,4.332334721291168,Ring of Fire - Alaska,reviewed
2005-05-10 12:28:08.572645376,10.279784178746567,-128.78632361376864,62.3466673124335,3.9448766478309216,Ring of Fire - Alaska,reviewed
1993-11-17 03:00:51.119733760,32.761308822875705,7.251380614018416,44.803415785103944,4.727255451752445,Mediterranean-Himalayan Belt,reviewed
2000-09-11 05:07:55.032634624,35.76971520520388,-39.2746307380321,77.55214868929184,3.4312289414799806,Ring of Fire - Chile,reviewed
1979-10-13 01:24:48.367091072,-7.113451768423431,91.4911302110362,27.65534277717348,4.385296625344478,Ring of Fire - Japan,reviewed
2007-03-05 04:50:51.431664896,-56.48612058393429,-133.93376927915227,41.19034894914974,3.3787455653271614,Ring of Fire - Japan,reviewed
2024-01-21 08:04:42.794045952,-20.89537910978234,-40.724715700427765,55.04571701731886,3.1719469730386347,Ring of Fire - Indonesia,reviewed
1972-10-28 04:10:56.969989072,88.33624929819987,137.89282223611986,64.68544637059885,4.83395178374124,Ring of Fire - Japan,reviewed
2019-11-11 00:43:56.448718336,-41.424916118672535,-34.010440768417425,290.01813058648077,3.2770499553425148,Ring of Fire - Japan,reviewed
2002-04-21 22:49:44.580127872,47.239363561698696,120.10598009105325,63.82280324010339,4.390108928848807,Ring of Fire - California,reviewed
2001-07-30 20:19:32.060879488,-79.31745538980502,-46.249169092710815,17.170306555055006,6.156948081513051,Ring of Fire - Alaska,reviewed
1973-11-20 07:36:49.449449904,-79.48617625491379,98.95058276592442,58.83751159644356,3.8542514782439397,Ring of Fire - Indonesia,reviewed
1975-01-13 06:01:47.875557568,-4.356011914578303,-104.67557003830441,66.72242767841975,3.6799121873358427,Mid-Atlantic Ridge,reviewed
2003-08-26 10:52:40.950792832,-85.04055705431216,-96.54094577886787,265.20935538341257,3.4337984082894217,Ring of Fire - Alaska,reviewed
2021-05-13 21:12:37.357629440,15.571637996198476,-112.375543938482,28.944799594436024,4.015667741441871,Ring of Fire - Indonesia,reviewed
2010-01-09 03:27:47.659721216,76.6798492231932,-28.573888704633617,12.104574833908284,5.179771662173188,Ring of Fire - Alaska,reviewed
2009-01-28 18:34:30.311377664,-42.214826104903636,-111.80555114563542,16.452015098269356,4.178453194712696,Ring of Fire - Chile,reviewed
2020-05-31 02:26:41.258337792,-85.27849240161716,41.019905907383674,73.14585975406816,5.479873646082872,Mid-Atlantic Ridge,reviewed
2014-05-12 16:28:34.228878080,-20.49587971689469,-58.84034851105612,60.116974027239976,3.5490599170885817,Ring of Fire - Chile,reviewed
2007-11-16 14:42:36.391751424,1.716525678501057,84.24386465008621,92.71318279678832,6.590331803507537,Ring of Fire - Indonesia,reviewed
2008-01-22 12:53:58.231208192,80.27032478077197,20.5936020670743,290.7854115137434,3.591236834280185,Ring of Fire - Philippines,reviewed
2022-12-20 23:55:18.715146240,4.008137810727305,19.536705661718173,65.13934189249008,4.010901171493337,Ring of Fire - Alaska,reviewed
1986-07-26 11:45:58.990750720,50.58504754973046,66.77531589343434,11.250090942405393,4.360921298138916,Ring of Fire - Chile,reviewed
2007-01-23 12:03:59.270682624,-45.463473832573555,-28.239976614338786,27.41665800151662,3.8092367338574933,Ring of Fire - Alaska,reviewed
2005-06-27 07:16:49.440377216,66.84032118079915,-20.067309203848822,576.0843106797871,3.344009793475669,Ring of Fire - Philippines,reviewed
2003-03-27 01:34:33.063719424,-59.42702237544665,-81.90465379594445,9.042874246612465,4.648704210593419,Ring of Fire - Indonesia,reviewed
1970-11-29 05:27:05.238399444,63.285577382719254,-76.54139054763272,190.33094226308515,3.883804163877951,Mediterranean-Himalayan Belt,reviewed
2010-10-23 16:44:28.119473664,49.112564413401,71.62466652172301,5.064395692823988,4.189845744297326,Ring of Fire - Japan,reviewed
1988-02-13 04:01:14.295281536,20.01972116530868,-178.45878887034993,5.719277172156013,3.4289316731263266,Ring of Fire - Chile,reviewed
2007-03-30 09:21:48.368386816,63.039722008070896,-145.69544800499813,58.10972315936575,3.7220173187710897,Ring of Fire - Alaska,reviewed
2001-03-02 16:45:58.880552448,-30.472178781156927,161.57156022162206,28.31614821805922,4.056710220638166,Ring of Fire - Chile,reviewed
1977-07-15 11:43:16.989339296,-61.732678481197986,-29.47647892504537,14.848777910535794,3.24322242181739,Ring of Fire - Alaska,reviewed
2016-07-25 01:04:01.961268224,-9.679116207590496,-179.96314589069513,41.115674562024026,3.787984297631267,Ring of Fire - Japan,reviewed
2021-06-05 23:38:17.795970816,67.68411571462082,153.0645082095059,149.98014992806293,4.456355620696871,Ring of Fire - Chile,reviewed
2006-05-22 02:45:29.128626944,-73.88358261160742,-160.7440953973073,35.168195543608874,3.5823501457660383,Ring of Fire - Chile,reviewed
2010-10-26 23:50:34.922467328,40.90255032047281,7.02721664445545,3.8947061530091895,3.5788992522994163,Ring of Fire - Chile,reviewed
2013-09-01 16:14:13.112844544,72.05105045267041,159.5139516307808,119.96671167060249,3.864223292457865,Ring of Fire - Chile,reviewed
2009-11-17 08:08:09.547815680,18.135040720669977,-113.22409047350507,58.545850510706046,3.1592559707371,Ring of Fire - Japan,reviewed
1989-12-20 11:04:41.155322624,23.080405765964898,133.0549554697143,27.696893986742122,3.75386165916092,Ring of Fire - Alaska,reviewed
1984-04-01 21:45:36.770827136,-67.15920942304004,91.71914080921886,14.368027081538907,3.20377557478751,Ring of Fire - Alaska,reviewed
1970-09-21 19:00:24.445886156,-55.25025524684812,-83.93480512290606,45.75220667746586,3.148313305020077,Mid-Atlantic Ridge,reviewed
2000-04-03 17:51:01.424991104,4.206370296628961,109.83209882250839,167.14093072116893,5.967567669047288,Ring of Fire - Alaska,reviewed
2017-08-30 14:03:49.680081152,-69.25890370123048,135.7744816914656,48.36443990498365,4.0216172704039606,Ring of Fire - Chile,reviewed
2023-08-17 10:33:41.288824064,83.6962732883,71.36136447468166,17.136627298849337,4.185042051541503,Ring of Fire - Alaska,reviewed
2001-09-06 04:21:19.430807424,1.2829101325958874,-143.86170565060985,163.1789968674778,3.5652015068197436,Ring of Fire - Alaska,reviewed
1998-10-23 06:39:39.133214336,-21.58449393364927,174.32886359872805,13.624075304225723,5.636354397105272,Ring of Fire - Alaska,reviewed
2000-09-26 02:17:23.419748480,-15.023898454466462,55.61063573408413,21.40316410004531,4.612680525365196,Ring of Fire - Alaska,reviewed
2003-12-31 17:42:34.552379392,-74.17310918363377,145.94880910349588,131.05884174945925,6.541090178412222,Ring of Fire - California,reviewed
1983-06-16 20:06:40.774782336,-42.30394271118959,4.14108805961007,25.551771282717613,5.116175299161132,Ring of Fire - Alaska,reviewed
2025-04-15 23:40:29.403331840,28.23696006779018,-156.99746872719507,64.90223864151922,5.1272244586321944,Ring of Fire - Alaska,reviewed
1999-10-14 08:57:27.964261760,19.064759159715038,-83.72470930482012,42.6785498561827,3.087066569016436,Ring of Fire - Japan,reviewed
2018-12-03 02:52:27.977859840,-77.23665748561399,-6.709868239287999,53.1155899893019,3.352096814240601,Ring of Fire - California,reviewed
2025-10-01 08:53:50.357993728,-12.675163746212533,120.1424984406251,2.4434101351176496,3.2452832604535415,Ring of Fire - Alaska,reviewed
2002-08-19 06:12:25.843401088,-42.83458320039396,85.98664283379503,580.6397399598388,3.290161044927551,Ring of Fire - Alaska,reviewed
2015-07-01 12:38:58.140940544,-2.3909362773869134,-56.16785082101494,25.46775285584044,4.759127017781719,Ring of Fire - Chile,reviewed
1992-07-20 11:58:51.355350272,-45.53144060224123,-110.07893922024678,38.62454986079868,3.6170246423861325,Ring of Fire - Japan,reviewed
2007-08-29 18:59:06.155302144,-53.76580932996929,-143.01791274798313,36.4062956324084,3.5764597109339182,Ring of Fire - Japan,reviewed
2008-03-14 20:47:55.996903936,82.45553318110348,-92.66815288406798,37.084244067975895,3.1330742134138467,Ring of Fire - Alaska,reviewed
1977-06-17 13:01:18.770862720,88.8236936851682,-53.28567243096251,612.3092939548758,4.332086779289342,Ring of Fire - Alaska,reviewed
2005-05-31 09:36:54.733453696,12.308504318340681,157.52368226139345,55.15053037098808,4.403776927267428,Ring of Fire - Indonesia,reviewed
1977-03-09 15:34:21.447563584,-69.63408709398026,-136.6921886309396,46.555420799889966,4.434054743898299,Hawaii Volcanic Region,reviewed
2002-05-24 21:46:28.198371712,68.4301933326955,114.59597169926406,49.35792026472964,3.000058111160457,Ring of Fire - Indonesia,reviewed
2008-10-30 13:30:24.635723520,-63.87930283362469,12.473291317734947,4.538395315033386,6.385133078070684,Ring of Fire - Japan,reviewed
2009-03-26 14:33:59.249294080,-61.9930213147519,47.84510754028696,17.20789928432514,4.851444803070707,Ring of Fire - Indonesia,reviewed
2012-03-11 18:21:42.853311232,-55.18843785250417,-118.77034751349049,31.647154403501997,5.577538089675374,Ring of Fire - Chile,reviewed
2018-11-17 14:14:59.938011136,27.615390370756714,-125.50560787011798,3.244728860399567,3.0173436371349944,Mid-Atlantic Ridge,reviewed
1997-12-30 15:52:13.093462656,-70.70417041908195,-121.41227634774819,285.20067976419523,5.9875597009991,Ring of Fire - Indonesia,reviewed
2010-11-22 18:52:48.585934848,50.09069322211789,60.14263550102925,19.91784271904393,4.825580700734907,Ring of Fire - Indonesia,reviewed
2004-09-02 22:33:32.236196352,-79.51471272755025,89.20377602702246,73.09213011618574,4.996885459875718,Ring of Fire - Alaska,reviewed
1980-06-14 08:19:13.902124928,-70.11961907907238,151.28818001982683,36.361693656228944,3.10772270413173,Ring of Fire - Japan,reviewed
1971-06-10 10:19:38.482810056,-11.792314500024858,-36.650753039831216,67.71234205614138,4.476623246104101,Ring of Fire - Japan,reviewed
2004-07-22 16:01:44.952900096,84.0355122093666,-82.83675499683584,42.75239464680166,3.929804167020036,Ring of Fire - Chile,reviewed
2017-08-06 05:14:11.337969920,-55.8572746759874,-61.8362443281612,66.7811062883431,6.203130502925797,Ring of Fire - Chile,reviewed
1980-12-27 19:31:38.823560192,80.39979811412326,124.85528498763222,11.692924693670683,3.6435848738608323,Ring of Fire - Philippines,reviewed
2023-12-15 01:19:43.595825152,-16.408230204017883,132.87459669245465,101.48247352912037,3.711600341563197,Ring of Fire - Alaska,reviewed
2002-10-16 12:50:19.248812416,-57.5745203161845,21.701113840408055,60.38718492323224,3.764928002762319,Ring of Fire - Chile,reviewed
2000-04-25 17:32:41.062833664,-54.722832952021,-142.87433502843868,61.24533270454542,4.277540171081796,Ring of Fire - Alaska,reviewed
2002-10-17 00:35:51.208501376,26.22447487125254,175.72500493132566,1.4717365053721543,6.131881292967384,Ring of Fire - Indonesia,reviewed
2000-06-25 11:39:49.258204032,56.30726256009385,-174.24022991511526,83.97966878476278,3.0731290022055577,Ring of Fire - Alaska,reviewed
2005-09-18 09:28:06.801705216,-39.28847691512916,129.00350099940272,34.56592270010223,3.0261124216128863,Ring of Fire - Indonesia,reviewed
2015-12-03 20:10:29.528618496,50.353733590051974,-24.113779281363094,47.50992653507477,3.4395680132437865,Ring of Fire - Philippines,reviewed
2008-08-07 11:10:50.194818304,88.80845765925841,-23.733931540769134,53.53935252539884,5.061849533559521,Ring of Fire - Alaska,reviewed
2004-05-12 17:39:52.978337280,-22.461621952058906,-18.704498292586862,94.28402396801843,3.9787940089270997,Stable Continental Region,reviewed
2020-04-13 11:17:36.107930368,-78.21182529418272,-175.39612641520407,34.79165534440447,3.835493002019332,Ring of Fire - Chile,reviewed
2015-05-10 09:13:12.154529280,42.84731388907093,-8.09981199565297,62.98317307577802,3.3407369686909414,Ring of Fire - Alaska,reviewed
2002-08-27 18:17:48.875462784,86.03410338958392,142.53281144610327,45.28626958361138,5.526843924054873,Ring of Fire - Alaska,reviewed
2010-11-22 05:23:42.140171264,-77.76279662118694,34.836491348492416,50.80312128172929,5.884560563017824,Ring of Fire - California,reviewed
2005-11-22 16:01:50.552016256,59.71971538470916,-121.58663915004323,8.513270977375457,5.431032144235281,Ring of Fire - Chile,reviewed
1980-08-20 18:19:52.230705024,-75.30786351979569,-152.4564179747715,658.3338706760649,4.46839553552632,Ring of Fire - California,reviewed
2009-04-18 15:40:11.908837120,73.86049228017214,87.26797568181598,42.23923049305983,3.710768661773611,Mid-Atlantic Ridge,reviewed
2001-02-28 08:54:34.072887424,-75.67905389906136,-152.23130007306938,284.70543164156004,3.143850402721275,Ring of Fire - Japan,reviewed
1990-01-30 21:17:35.436203904,-69.4768221404233,-41.778421655687396,3.7539873260014422,5.893193276143018,Ring of Fire - Alaska,reviewed
2021-01-12 14:53:27.284199424,12.523261548544795,89.94408966459173,34.80718361326943,3.665844552819258,Ring of Fire - Indonesia,reviewed
1971-03-05 03:58:20.229039168,46.22655114599243,76.61617178885825,576.976141007252,4.458700789861075,Mediterranean-Himalayan Belt,reviewed
1973-03-09 09:29:07.763672112,-14.293951075729723,25.670784285384514,449.70578714029364,3.0209675380443057,Ring of Fire - Japan,reviewed
2012-12-03 18:47:48.366033152,23.87267768720494,-147.4818910949138,43.676190233297184,3.116544974470411,Ring of Fire - Alaska,reviewed
2009-04-26 04:53:24.776684288,0.9765530695406284,-117.03050216838362,1.617479695123618,3.7541760390296464,Ring of Fire - Japan,reviewed
2007-11-02 08:00:00.475885312,-69.55502647100403,-54.69108182799128,3.2605959460579115,3.4483273436019175,Ring of Fire - Chile,reviewed
1992-03-04 02:29:53.150129792,14.688002794572498,-173.18264360639796,201.94331743627222,4.30795092082159,Ring of Fire - Japan,reviewed
2012-05-07 15:48:39.971207424,52.85925174561589,107.34002383649886,43.9412914893586,4.319378588175755,Ring of Fire - Indonesia,reviewed
2022-05-06 00:44:35.072063744,48.82907091746412,-144.64612897474535,37.251023948938496,5.710142059203067,Ring of Fire - Chile,reviewed
1984-01-19 05:31:31.877572096,-82.00017426158585,32.83227383113254,467.93551294203064,3.7389473718561126,Ring of Fire - Chile,reviewed
2002-09-25 15:50:49.530828288,70.07095893810143,-88.05983867706867,54.666137326534106,3.2446068618869077,Mid-Atlantic Ridge,reviewed
2024-04-12 12:56:11.902414080,5.746318037570518,79.72893108581718,11.658191201566092,3.4044381207492624,Ring of Fire - Alaska,reviewed
1991-02-27 22:41:25.874489600,-45.253020191622234,-61.86597802220312,272.6873915141993,3.0475823910078463,Ring of Fire - Japan,reviewed
1979-01-25 19:28:12.401644832,18.563432207160446,125.87716231186585,41.714876848171365,4.620546019615089,Ring of Fire - Japan,reviewed
2006-11-08 03:57:07.134574848,53.51294089810975,125.76353932812549,134.13264422284993,3.4359725214883654,Ring of Fire - Chile,reviewed
2025-11-14 23:14:17.095974656,55.0992356541461,-28.468857815466578,3.104280336752081,3.3050633954217026,Ring of Fire - Japan,reviewed
1995-04-19 10:15:36.194267904,-79.25439198961541,104.73631604619652,55.7583987832549,3.203714478092227,Ring of Fire - Indonesia,reviewed
1989-11-12 06:18:57.957382528,-54.51060387375641,126.0830764675656,11.531872685429034,4.6401283261913475,Ring of Fire - Alaska,reviewed
1992-06-09 14:27:20.816525952,30.280204906775182,-14.566244330647265,62.55540543633366,3.1528169388074834,Mid-Atlantic Ridge,reviewed
1976-06-13 02:02:05.572353024,64.7697501745744,-65.2538199886634,1.5642751898800134,3.665153957984492,Ring of Fire - Japan,reviewed
2019-06-18 14:16:45.405455872,3.8190748408587893,72.70723685181375,1.7366531029796062,3.7778147988670954,Stable Continental Region,reviewed
1993-03-25 10:17:57.037477504,37.354620300296475,145.60893804815817,44.61133784998271,4.279078451679368,Ring of Fire - Japan,reviewed
2006-12-10 15:29:01.154140160,19.51574613937187,-75.51906995622403,52.88462599099505,4.830984577452542,Ring of Fire - Japan,reviewed
2006-04-20 07:39:33.482322048,28.982629265892825,-0.2583911853024006,31.679515240490783,3.3867634632164414,Ring of Fire - Alaska,reviewed
2015-07-27 02:00:18.646621952,11.881702463593271,175.8233196804705,25.22646850895987,3.1736282692812896,Ring of Fire - Japan,reviewed
2022-09-01 03:03:22.888145152,61.80817279966698,136.01087104458378,2.5023876126105247,3.3754669481974586,Ring of Fire - Japan,reviewed
2006-05-01 04:45:45.485388416,-67.65076651371345,69.26997213910457,45.0051845712532,3.407795976268405,Ring of Fire - Alaska,reviewed
2023-06-15 17:41:11.870815744,-67.76761268037302,142.17920284379028,16.71002787545445,3.811693150674336,Ring of Fire - New Zealand,reviewed
1978-06-25 05:52:58.869885440,-68.36772074475698,65.33563417377002,43.86505783182309,4.198741476428075,Ring of Fire - Alaska,reviewed
1996-09-25 14:14:23.145360640,-2.0070806333923628,-21.45463256084585,13.076552873334894,3.5277936401272507,Ring of Fire - Alaska,reviewed
2003-09-13 18:04:30.378970496,-30.552559049319292,161.29784053944184,0.6690730303648007,4.398182975668005,Ring of Fire - Philippines,reviewed
2002-07-30 06:13:53.734557952,39.45345367338646,166.76916397779348,125.3177697532735,3.4506943808369503,Mediterranean-Himalayan Belt,reviewed
1977-02-06 22:21:41.750529056,-51.62209990225573,-42.22064132445436,60.903863517649796,3.0264023323832987,Ring of Fire - Alaska,reviewed
2011-02-14 23:32:54.063917568,39.59019956443595,173.9214377122061,49.23386681632527,6.149491183762924,Ring of Fire - California,reviewed
2000-12-06 13:04:14.889437184,1.0915108383012893,128.41936914437093,153.16576127667122,5.0601568126873335,Ring of Fire - Alaska,reviewed
2003-05-02 05:36:33.693977216,55.451289363061306,-100.35704227176839,60.242314324479665,4.4496803277945745,Ring of Fire - California,reviewed
2018-10-29 05:42:29.580783360,12.036071757283565,43.39995390418767,56.98478011706765,4.038442326626393,Ring of Fire - New Zealand,reviewed
2002-04-24 00:07:04.982492416,-2.4382897207549377,17.174763502991595,5.654544971204053,4.8880700442391865,Ring of Fire - Japan,reviewed
2014-12-20 00:02:53.910916864,-2.8304561120932448,70.35407374236092,69.26953657664647,3.275426401308717,Ring of Fire - Alaska,reviewed
2000-04-03 07:46:51.084104704,-14.214938616957497,112.60533990658945,46.50410040253001,3.7892365830570687,Ring of Fire - Indonesia,reviewed
1974-06-10 12:28:18.758936480,40.26972429251779,-67.98773147347299,4.069365371878001,3.875530839156542,Ring of Fire - Alaska,reviewed
2001-09-08 08:11:46.471502464,-45.05835312942134,-102.11169899750612,62.80978704948653,3.8501867775099594,Ring of Fire - Chile,reviewed
2020-11-05 16:52:45.941600000,20.948663845080105,109.87154312667303,7.963372373645626,3.91583678765661,Ring of Fire - Japan,reviewed
1978-06-25 12:21:58.476429792,64.90783863289158,-156.11256322163013,488.83113387200524,4.778201895829122,Mid-Atlantic Ridge,reviewed
2003-05-11 10:32:47.924945920,26.76228889350938,77.45747707442877,41.28457205446549,3.114058221830501,Ring of Fire - Alaska,reviewed
2022-08-12 23:54:44.755060224,-16.972747232602785,77.79059276659535,29.90421190972842,3.7516384032499595,Mid-Atlantic Ridge,reviewed
2012-04-14 17:56:56.625209600,81.3843755612447,-45.67205997061373,16.44504351204003,5.061707392918608,Ring of Fire - Japan,reviewed
2002-11-07 05:15:21.656657024,30.75506191555634,-73.66713260026336,3.350591923427496,3.7738855775361473,Ring of Fire - Alaska,reviewed
2016-05-23 01:20:50.212191488,-34.17177444880185,130.4283561653325,16.10003167838799,4.516310461054001,Ring of Fire - Japan,reviewed
1974-06-29 01:26:01.283552432,-17.232957497875887,-27.916354695885786,39.570227196778745,3.164575628781846,Ring of Fire - Philippines,reviewed
1996-09-13 18:51:12.926211200,21.1959925436837,-109.47161815751156,27.90489346374688,3.3199962479978726,Ring of Fire - Alaska,reviewed
2005-04-14 07:04:24.127818368,-47.85567038778688,89.65580962044288,60.9073820840873,4.447526499101787,Ring of Fire - Japan,reviewed
2016-05-27 10:30:33.595548672,45.704592781252586,-59.08613245697066,30.0125985838948,3.1980055578908,Ring of Fire - Indonesia,reviewed
2013-11-15 07:16:11.569814784,-49.55552707146424,-103.73353167609822,140.05338783006727,3.476158263072347,Ring of Fire - Alaska,reviewed
1985-07-07 21:32:12.283137280,16.52205523876907,-170.20286002227888,30.396568762797703,3.3384731175803997,Ring of Fire - Japan,reviewed
2022-09-08 19:43:50.130716672,35.46117233906891,169.41663298132482,36.964089532448725,3.4736271766679683,Ring of Fire - Philippines,reviewed
2019-01-03 02:35:22.703287808,42.102074842007966,-121.76716570994174,65.88536701219601,3.504486523282973,Ring of Fire - California,reviewed
2024-05-15 15:22:55.934105856,53.7885164794113,92.81201743826261,31.074168863257785,3.891300198974323,Mid-Atlantic Ridge,reviewed
2010-06-08 10:00:47.044225792,17.59888101997302,10.068477335590018,459.7601207113179,4.798331104978727,Ring of Fire - Alaska,reviewed
1972-04-03 23:01:59.424937184,62.330401919162995,-169.7905948375648,11.578063315095132,3.508044559589175,Mediterranean-Himalayan Belt,reviewed
2002-07-07 22:28:59.997769984,-50.09638656483355,49.103089148147205,149.4526687352681,3.2588225343985364,Ring of Fire - Alaska,reviewed
2022-05-30 17:23:20.120160768,78.23325937370038,6.788808630613005,225.75372161466063,5.376001010973206,Ring of Fire - Indonesia,reviewed
2007-08-24 13:02:21.744513280,-30.60479925761964,-51.934736256238665,64.83498737789981,4.053466574096112,Ring of Fire - Japan,reviewed
1996-12-13 13:52:13.695201536,-59.069160328389685,53.46184970575348,63.06075260811055,3.6158733044056826,Ring of Fire - Chile,reviewed
2015-05-05 06:48:15.846874624,-63.32962317674366,30.394541555424496,69.8992173939548,3.2214330648524303,Ring of Fire - Philippines,reviewed
2023-03-25 05:56:48.795117568,-56.29100095119018,146.33644480569433,1.726458180860756,6.137765796425853,Ring of Fire - Japan,reviewed
1971-03-28 07:39:16.329504496,-9.44274445863013,34.849062820829914,56.205088896199335,4.547453040544623,Mediterranean-Himalayan Belt,reviewed
2025-01-07 12:10:55.037518336,3.986890394410622,2.7762784961874445,10.456918273985954,3.2565473913207956,Ring of Fire - Indonesia,reviewed
1974-10-28 15:51:19.319280832,74.48144985430534,116.52123029546243,36.03371618528101,3.453258214496458,Ring of Fire - Alaska,reviewed
2015-08-09 15:40:01.607575552,-21.417335473014802,-107.12891906616844,18.40164913925282,4.824920068032271,Ring of Fire - California,reviewed
2006-01-22 20:15:14.639792256,70.61100696273382,-32.67508964670037,65.30737839969557,4.386505372628423,Ring of Fire - Chile,reviewed
2003-07-27 18:41:18.767592704,-56.48681832902593,109.0472905439346,48.88193267583921,4.101665184242346,Mid-Atlantic Ridge,reviewed
2020-07-13 20:30:03.423596800,-63.80475316562939,111.54199341948708,40.67856799503389,7.103310035349534,Ring of Fire - Alaska,reviewed
2015-12-12 10:22:53.648405248,62.21752393638414,83.58567318804063,16.678368933795102,5.039661806741632,Ring of Fire - Chile,reviewed
2016-04-10 03:33:59.589864192,86.39346216985834,24.023843980024623,109.27354672912517,4.577844536385439,Ring of Fire - Alaska,reviewed
2002-12-05 08:57:48.544662784,-39.392970928469715,-106.25544927325026,180.84718426032578,3.066072112948517,Ring of Fire - Japan,reviewed
2014-10-14 23:15:34.820029952,-86.03889060156372,-23.82006053304991,60.11258814336243,4.535545713058284,Ring of Fire - Japan,reviewed
2001-01-23 00:19:45.234895360,32.35574125098519,-6.123393428607443,20.737902732174888,5.19382870984256,Ring of Fire - Philippines,reviewed
2016-04-01 19:02:38.985228800,44.136196401212885,1.1276793527296718,72.76210750938075,4.158575030370068,Stable Continental Region,reviewed
2005-05-12 05:26:25.558125056,-4.0745317616095775,163.80027270091892,104.7672503832921,5.133916398007467,Ring of Fire - Indonesia,reviewed
2013-12-04 10:41:00.408883968,-60.82106217884964,-143.90836411050847,54.36480520608361,3.1311363977989712,Ring of Fire - Chile,reviewed
2003-07-09 09:48:48.984437760,21.009698654120967,-43.010375652781704,221.68273935015992,3.4700395756899196,Ring of Fire - Indonesia,reviewed
2023-08-23 20:48:00.553186816,77.63745592408841,166.7205861843247,30.315327181075485,3.2477361796408526,Ring of Fire - California,reviewed
2000-04-20 09:37:31.605341824,44.29843027552852,1.5533341225337836,7.441407491906599,3.0896199366814985,Ring of Fire - Alaska,reviewed
2003-11-19 21:30:07.722112128,-42.53161348339164,99.09925924352189,192.16326548987269,4.706903219150787,Ring of Fire - Japan,reviewed
1982-05-07 15:12:30.725268480,66.6588466907856,89.74011889519892,57.61612703048163,4.985236607304346,Ring of Fire - Japan,reviewed
2005-01-13 10:27:15.507885824,69.98815200630509,23.919857794249936,19.05732754593299,3.1952673633510305,Ring of Fire - Japan,reviewed
2002-01-04 02:11:24.421169792,-23.89640296586029,-132.946883285046,35.41883304099444,5.11917333611566,Ring of Fire - Japan,reviewed
1973-05-03 17:38:15.546956496,67.43869814400628,-93.54950689625956,42.791386193877074,3.807555591281237,Ring of Fire - California,reviewed
2003-11-04 23:04:04.753304832,69.31751674550657,-166.0825268441518,232.19346515099159,4.950772613044463,Ring of Fire - Alaska,reviewed
2012-10-06 19:09:05.905910016,-71.83690478078147,-43.48151645119532,7.211343610954426,3.5977769761989107,Ring of Fire - Japan,reviewed
2007-04-29 08:58:32.675748352,88.87143508972852,-116.9870364724814,29.16690582444593,3.7738818135504735,Ring of Fire - Alaska,reviewed
1981-04-30 12:26:07.480268672,-10.131818926936091,-174.69529893232993,193.59228232218175,4.6694749506364905,Mediterranean-Himalayan Belt,reviewed
1998-08-27 22:51:28.728314752,-1.7562343947345198,30.072857136325524,35.55034263311956,3.0864172913228183,Ring of Fire - Alaska,reviewed
1991-06-09 01:59:48.958948736,-49.272670980216915,41.5303754497921,54.96420075389775,4.3073387646131955,Ring of Fire - California,reviewed
2016-12-28 01:34:25.668862976,-55.128561940238946,-135.68529865201677,34.58300068550133,3.579367228702868,Ring of Fire - Philippines,reviewed
1978-02-20 08:48:14.982615712,45.31762463569916,-1.5362612200598846,255.4282206896596,5.299009833776882,Mediterranean-Himalayan Belt,reviewed
1973-06-22 22:23:39.927471792,-61.25068859632246,-126.53746817974884,31.60824526811395,3.013136611168918,Ring of Fire - Indonesia,reviewed
2002-02-19 06:40:38.505704192,0.7338249550592764,-15.332065532263812,18.284011989173905,3.9492206046752525,Ring of Fire - Japan,reviewed
2001-09-11 18:35:46.541523968,-86.4651244824587,149.6701716923804,58.41179504241874,3.518656773934618,Mediterranean-Himalayan Belt,reviewed
2019-03-03 10:03:59.461143296,-13.657394142112736,178.45250204710987,54.57260497797256,3.8419886940286627,Ring of Fire - Alaska,reviewed
2001-03-29 04:34:00.907001216,32.051052657673225,55.61080078742489,20.405970084104737,5.301539815496075,Ring of Fire - Chile,reviewed
2023-09-30 14:32:15.965410560,3.1958253514581827,127.74929602335362,487.15701125281,5.679540260549835,Mediterranean-Himalayan Belt,reviewed
1975-06-28 13:13:41.677290944,-31.208738937903043,135.46305195515527,42.015302774337854,3.6821736412103396,Hawaii Volcanic Region,reviewed
1980-05-17 11:13:05.076931648,55.75343226393258,38.876348820108916,42.98218389140554,6.275950829751702,Mediterranean-Himalayan Belt,reviewed
2000-04-23 14:20:30.833388288,73.01427685854489,124.2610283352409,2.8194713914771508,9.2,Ring of Fire - Japan,reviewed
2006-02-24 21:18:28.229920000,1.9333026674808451,150.51085927953028,44.768767846411784,3.2952531321649396,Ring of Fire - Alaska,reviewed
2022-12-21 22:37:21.505040384,2.016869313237393,-142.57703077648395,27.2415231559436,3.522351639448792,Ring of Fire - Indonesia,reviewed
2017-02-27 19:24:09.961652992,68.2173937147312,155.22194208172567,7.854807747309103,3.008955371796267,Mediterranean-Himalayan Belt,reviewed
1986-08-11 14:45:44.429099840,34.45314252752114,24.663157104431292,61.9807135053614,3.01022515219122,Ring of Fire - Indonesia,reviewed
1974-04-28 17:11:50.414376416,64.55089553222115,176.46915381619067,69.97712436694646,3.67895833641047,Mediterranean-Himalayan Belt,reviewed
1976-11-26 12:33:19.123317504,27.548814872090986,-40.99589724563742,16.764210019909093,4.277452242039349,Ring of Fire - Indonesia,reviewed
1999-01-15 03:24:47.659414144,12.890962917075115,-87.28510037940035,23.96150993792638,3.382959325330977,Ring of Fire - Japan,reviewed
1983-10-08 07:37:32.849833408,5.080475741491583,35.37330263347687,192.45169806218996,3.902811393575298,Ring of Fire - Chile,reviewed
2025-05-30 08:27:43.232504832,62.940796150805824,81.25146313499306,60.175073739577726,3.201171181371977,Ring of Fire - Japan,reviewed
2008-04-27 06:42:14.394534656,74.87901018074609,-10.016949537379787,32.21446327096307,3.5751392959095503,Ring of Fire - Indonesia,reviewed
2023-02-21 12:02:16.780904448,-69.68511641065712,91.15217137477379,42.61308275906871,3.290753708228615,Ring of Fire - Alaska,reviewed
1977-12-25 17:01:16.615975872,12.37888396626019,68.54314435473412,296.55224200077265,3.841818954171849,Ring of Fire - Indonesia,reviewed
1991-05-26 21:34:05.844046592,75.31351604518224,148.6985129657745,10.785301273115843,3.243848313795283,Mediterranean-Himalayan Belt,reviewed
2001-01-23 22:18:35.066936960,-65.74680267136306,-85.11939967265877,56.51596578547426,3.781112264790019,Ring of Fire - Alaska,reviewed
1970-03-27 15:29:55.782754560,-73.96556915683729,-10.781581329985045,17.653661299954273,4.222782726338034,Ring of Fire - Indonesia,reviewed
2007-07-18 09:26:32.278417920,-69.57424763824727,-50.01090808962559,23.360039393305502,4.542387505834899,Ring of Fire - Alaska,reviewed
2005-12-10 03:13:47.464875008,72.73994626071598,170.9500129441122,274.31493738160304,3.1286745616453278,Ring of Fire - California,reviewed
1997-06-02 16:34:00.803985280,33.97313772082775,156.01790231272662,592.224032358986,3.080859289410939,Ring of Fire - Japan,reviewed
1975-07-07 01:40:42.789241472,-86.40220399721876,95.81426512339186,28.893415092415555,5.839864820910954,Ring of Fire - Alaska,reviewed
2023-07-29 19:16:22.166878464,88.62110656703769,-151.46800879141892,60.14275395877759,3.8761197340326614,Mid-Atlantic Ridge,reviewed
2003-07-25 16:54:25.023232512,-1.4053710575235527,163.87401388250896,30.480529023142488,3.962131952573601,Mediterranean-Himalayan Belt,reviewed
2010-10-21 04:58:03.200842752,-4.3422285302503525,38.71745101946314,25.20824008423027,3.564943099544432,Ring of Fire - Chile,reviewed
1975-06-07 05:43:58.217303904,23.307102718138225,-117.90155364248423,7.570215963603905,5.04516804096169,Ring of Fire - Alaska,reviewed
2014-08-29 13:18:51.993995776,40.83343375829372,-9.87469489690946,49.498442976106666,4.940561794015855,Ring of Fire - Chile,reviewed
2007-12-10 20:15:52.135813376,-22.062273080765806,133.35919763089584,52.36625559921885,4.904070700130819,Ring of Fire - California,reviewed
2000-08-17 08:04:16.365874816,39.19916420246523,-138.52127596253175,3.62218357683708,3.2302598892352363,Ring of Fire - Chile,reviewed
2021-08-27 13:09:42.072656896,74.46560688738325,135.32841234053978,125.5548469246749,3.3777359407956444,Ring of Fire - Indonesia,reviewed
1989-08-06 06:41:38.608668800,78.92170867539377,151.91859425963548,27.831430851745264,4.42235794132913,Ring of Fire - Alaska,reviewed
2013-10-24 22:55:23.853056256,10.400449098109306,-135.64381707481115,38.37426409545061,3.287252756890526,Ring of Fire - California,reviewed
2025-07-30 21:38:11.861329920,36.29694210569431,-54.975623249100764,49.39338629261008,3.000996870339039,Ring of Fire - Chile,reviewed
1983-06-24 10:25:00.911543680,61.252882627775136,-149.7915545421623,15.638878145073752,4.381707259999741,Ring of Fire - Chile,reviewed
2018-12-17 04:59:23.001133312,-74.95740952559935,163.24642070323574,6.737254379850146,3.2065338001226453,Ring of Fire - Chile,reviewed
2016-07-06 17:27:20.371227392,-59.52881565609002,42.34426152313944,21.668721858185553,3.121388738471234,Ring of Fire - Japan,reviewed
1982-07-31 22:01:33.942753344,-37.729634132526876,-58.975327917562055,106.92829647552915,3.2982913037354384,Ring of Fire - Japan,reviewed
1992-05-12 13:10:56.307190016,-4.103193350337548,-80.82606046665809,40.83703626294236,3.525662902541453,Ring of Fire - Alaska,reviewed
2024-10-11 13:08:09.603487488,1.0523478495695429,-147.1037482773825,17.625191734281906,3.0501532027376173,Ring of Fire - Chile,reviewed
2014-10-02 04:16:17.731727616,32.787745187969634,3.9385357022617313,2.958829596515419,4.384903393009144,Ring of Fire - Alaska,reviewed
1988-09-18 05:50:45.569698176,-79.96772138692839,81.03532488598955,49.85742242908098,3.429407772199726,Mediterranean-Himalayan Belt,reviewed
2010-12-05 11:47:18.138607360,-24.93908888256692,-95.85149699000443,6.006754019660719,3.422123367053296,Ring of Fire - Japan,reviewed
1993-07-09 11:38:30.122234240,-57.77401595919793,1.3497339156076578,530.190111154546,3.6547096548721485,Ring of Fire - Japan,reviewed
2002-05-22 04:36:49.105952000,41.38798893672245,-104.00899092229591,31.000935427412337,4.082569732457553,Ring of Fire - Alaska,reviewed
2016-08-16 09:48:23.026120704,69.05760098938404,113.79406126341496,467.09447780462506,3.1740871294376998,Ring of Fire - Indonesia,reviewed
2015-01-12 14:21:33.173169152,-75.81848234337451,99.09900354277408,50.02812146044679,3.2303407543595846,Ring of Fire - Indonesia,reviewed
2018-07-08 22:52:51.421798912,51.306814055952,-126.6471632892962,150.20051593317643,5.15829052555536,Mediterranean-Himalayan Belt,reviewed
1973-05-04 08:28:32.615700464,71.2300128699784,-153.17751573501616,62.18154232063937,3.3256626367491946,Ring of Fire - Japan,reviewed
2008-10-02 12:14:20.658212352,85.31463899052991,116.71082515969903,10.386976475223436,3.526185399603306,Ring of Fire - Japan,reviewed
2000-09-20 06:41:32.909010176,-32.04475202388056,12.415427255306497,1.0756375514306316,3.459923827169924,Ring of Fire - Philippines,reviewed
1992-07-21 05:32:10.883926656,-21.785385726998527,-106.94013547242382,14.810096454251163,4.266168983700223,Ring of Fire - Alaska,reviewed
2025-10-20 22:51:44.109344768,-1.758597814957497,0.991874687257166,164.18414401947692,4.463498883561128,Ring of Fire - Alaska,reviewed
1977-07-28 14:23:35.580683136,27.654304753230306,3.3081200543300042,119.85427360405654,3.7342617725993756,Ring of Fire - Chile,reviewed
2007-10-29 02:27:35.590974720,-82.92350276467629,-50.50800848711913,50.77884862350793,4.845383305118883,Ring of Fire - Alaska,reviewed
1992-03-05 09:47:10.937902976,-70.94132093139953,121.83428049306019,129.13637249095336,6.402380143114145,Ring of Fire - Indonesia,reviewed
1978-11-21 15:25:57.039866656,89.16939039352295,-22.095702774479037,47.51431884643002,5.639793846449272,Ring of Fire - Alaska,reviewed
2023-02-27 11:35:17.552394496,44.398587085090185,-86.46611106077293,11.697006143594372,3.789567024560073,Ring of Fire - Japan,reviewed
2019-04-04 11:44:45.218025728,-43.848512967414635,125.43597070638526,207.92785227245366,3.4911600986908042,Ring of Fire - Japan,reviewed
2020-10-16 17:30:04.294233344,81.608712192099,-98.97102574108072,692.6165572177251,3.688110017980013,Ring of Fire - Alaska,reviewed
2025-07-10 19:40:36.249387264,-51.53349711749336,96.128936483688,164.73660845028542,4.287932321036663,Ring of Fire - Alaska,reviewed
2007-06-23 12:53:01.166204928,26.802809740770144,33.76581945158773,24.461334854853984,5.753733841631689,Ring of Fire - Japan,reviewed
1997-02-03 05:07:13.247312256,46.71270060410447,20.334371905265016,36.87382350886444,4.857211571199064,Ring of Fire - Japan,reviewed
2003-04-02 14:17:10.908046592,76.22736396398136,124.03514123281371,20.38907655790159,3.361258731531946,Ring of Fire - California,reviewed
2002-03-26 14:41:51.012291584,3.7661864221305024,-162.24550926871768,35.35404601892861,3.1232002077401217,Ring of Fire - Chile,reviewed
2000-12-29 03:47:51.834053120,-88.12989912792375,125.41145288959245,17.971912093908454,4.04763339086814,Ring of Fire - Indonesia,reviewed
2001-12-08 01:53:24.680238336,46.20473198412128,120.25993586737218,273.9944511529495,4.794403900879188,Ring of Fire - Alaska,reviewed
1981-10-07 07:44:16.797379008,66.574916616817,37.57727506016295,10.778204581597874,5.524627737635749,Mediterranean-Himalayan Belt,reviewed
2011-07-26 16:14:34.287592192,-58.69359413824914,177.82968317043657,58.20049335048977,4.075261503756869,Ring of Fire - Japan,reviewed
2013-09-09 16:32:35.563140608,71.15207278307204,-168.18383717117703,68.56155341789766,3.115561978380221,Ring of Fire - Philippines,reviewed
2001-07-30 07:14:45.399506816,-36.80812991316064,176.1613834520241,66.11415158916705,3.4966446473862716,Ring of Fire - Indonesia,reviewed
1984-08-16 13:19:32.057295552,-47.93325932633909,-54.71261727995851,3.588923272420729,3.7654381072622747,Ring of Fire - Alaska,reviewed
2008-11-30 21:01:39.353377792,-87.37383152822106,94.33950463395718,11.888760331087356,3.0488036981451123,Ring of Fire - Alaska,reviewed
2001-10-09 20:19:39.143208192,-36.53007350218808,-158.5042874008274,160.65920455420644,3.4712884853707133,Ring of Fire - Japan,reviewed
2014-08-03 13:41:35.019872512,38.815033864002544,-72.47228172121568,245.31348927016435,3.217196146187733,Ring of Fire - Alaska,reviewed
2011-02-28 11:16:59.503335424,82.63607190771953,44.58504290216459,28.301870185383116,4.145634614385871,Ring of Fire - Japan,reviewed
2004-03-01 12:53:45.260774016,-33.706578161226005,8.920834595735414,14.904209992301396,3.6865423386675618,Stable Continental Region,reviewed
2003-07-24 11:14:22.601040128,-77.61507232373029,-145.10108050017476,138.50550259580365,3.7997481278761276,Ring of Fire - Chile,reviewed
1970-05-13 05:10:20.053022872,76.78448947514417,16.95092121646516,14.125970693953317,5.909906571265328,Ring of Fire - Japan,reviewed
1985-12-29 21:48:00.927091392,26.583375434938944,-35.74424387824783,9.131744102415258,3.6853181068556857,Ring of Fire - Chile,reviewed
2011-02-19 22:38:44.830974464,31.4095014371903,-53.340643876874736,48.015045449575375,3.101956983724617,Ring of Fire - California,reviewed
2002-10-01 11:35:50.608666240,88.75044668088071,50.81819206113414,26.797694557445265,3.3739726324275296,Ring of Fire - Chile,reviewed
2022-09-20 23:20:30.887078400,-70.44008786568241,157.35197534507654,21.260466751383206,3.19219349492566,Ring of Fire - Chile,reviewed
1975-02-13 20:29:45.482144096,56.09851687082195,97.41086661232504,34.16421093887641,3.08679473062068,Ring of Fire - California,reviewed
2005-01-14 01:43:53.887996800,45.7466372543596,44.96846996775042,271.4537159143988,4.317846132219201,Mediterranean-Himalayan Belt,reviewed
2000-10-30 00:35:13.623469568,70.65333436030448,68.99876306809901,12.04698968549035,4.075316487445615,Ring of Fire - Alaska,reviewed
2020-03-16 15:23:44.707200000,-86.07569811279046,-53.75175028630646,0.543175383619714,4.40153157592999,Ring of Fire - Chile,reviewed
1980-12-28 19:22:36.350537152,-44.00879693072199,26.90417806906396,3.461320567554308,3.8292050275569713,Ring of Fire - Japan,reviewed
2018-04-02 15:09:55.015261440,80.29205747063855,-33.79714345232057,44.36453276802754,3.4280180480325804,Ring of Fire - Alaska,reviewed
2002-04-26 18:36:59.277299200,-1.5529259074945116,-128.63959170236836,55.235178801718554,4.0368808611013645,Ring of Fire - Japan,reviewed
2019-11-16 15:17:50.458075904,10.159110739582104,-14.60981939306157,98.83714334488316,6.078531438250149,Ring of Fire - Alaska,reviewed
2003-06-06 07:41:44.546175104,68.42317716866066,166.7476153926201,68.05818612191975,4.2253604524167345,Ring of Fire - Alaska,reviewed
2015-05-15 05:23:40.382516736,69.31251247754534,-102.92872754974529,32.1137802969615,3.0854555684630567,Ring of Fire - Alaska,reviewed
1994-01-23 02:37:23.580725504,5.024848781376363,53.66487130588584,56.75743764867059,3.6792009554258236,Ring of Fire - Alaska,reviewed
2011-12-28 21:14:39.088806144,-69.53337022800028,173.71504733891902,84.25425827758946,5.436274747083725,Ring of Fire - Alaska,reviewed
2021-02-16 10:29:27.366566656,-41.30709035737867,-44.55442099417331,176.61701135961772,3.109149157692797,Ring of Fire - Chile,reviewed
2002-01-14 15:08:36.413688576,-7.76012399889801,139.63809918297693,0.08425297363125361,7.9484869118763735,Ring of Fire - California,reviewed
1980-02-15 14:22:06.336682944,45.21050913201958,131.04313818336766,9.960035302765508,6.275020355760942,Ring of Fire - Alaska,reviewed
1985-01-19 17:13:22.386372352,38.10271469924021,-57.943814750926705,34.14694372653193,3.0896585813087754,Ring of Fire - Alaska,reviewed
1983-10-28 23:12:10.259901376,68.44420076442199,-115.72590435595738,38.072558754484874,3.4963131723547884,Ring of Fire - Alaska,reviewed
2001-02-01 03:37:55.816000128,86.78056334537345,165.28835122029824,61.38010081183202,3.5961380745369453,Ring of Fire - Alaska,reviewed
2002-12-05 04:37:37.697413888,70.04853376796802,-81.19794778268506,38.047406486188656,3.6394813141799527,Ring of Fire - Alaska,reviewed
2004-06-18 04:49:44.515967232,-79.6290182063288,-114.70871317783877,135.48053284413777,4.638268487684722,Ring of Fire - Alaska,reviewed
1981-12-25 19:59:45.319194880,64.77857360076067,-72.12089837256667,40.2467445260749,3.4704289261826973,Mediterranean-Himalayan Belt,reviewed
2015-06-19 02:20:52.890803456,-5.111747765420134,-123.56287642176329,134.39713637444237,3.124930484640691,Ring of Fire - Chile,reviewed
1970-10-11 12:32:03.767342900,-88.12968011246952,33.51731394138872,100.30730437731827,3.1731283919821793,Ring of Fire - Alaska,reviewed
2006-05-13 17:52:48.889888768,-60.832563984945686,-39.628737646322804,7.752395548135633,3.037410800307751,Ring of Fire - California,reviewed
2007-06-16 12:45:37.962011904,-71.58253380210043,80.12555329371656,35.35817029294721,3.6988831907485755,Ring of Fire - Japan,reviewed
2014-09-21 21:45:36.774802432,-82.07535675594463,61.586856110522575,19.74296483527698,6.397783454556723,Ring of Fire - Indonesia,reviewed
2022-03-26 14:18:02.528690688,38.52311594592169,107.7478232428507,41.129324050485884,3.1352239787293454,Ring of Fire - Alaska,reviewed
2019-08-16 20:40:31.641072384,-42.3956108134026,-18.6980977013815,14.478872670049288,4.116200252686504,Ring of Fire - California,reviewed
2001-08-13 13:44:10.012369536,57.72156191554123,0.8288866686498011,52.18269267449387,4.928179699212787,Ring of Fire - Philippines,reviewed
2007-02-16 21:29:22.365559808,-6.093746904422318,12.646262389695124,35.833148488873675,3.124386861054737,Ring of Fire - New Zealand,reviewed
2008-01-10 22:46:56.215137024,17.910979248418897,-67.25717390091995,52.22575096010251,3.7729714558591314,Mid-Atlantic Ridge,reviewed
2022-03-05 21:16:30.924411648,-29.479088044518633,14.402356250316586,16.961742447121342,4.313755635562908,Ring of Fire - Chile,reviewed
2025-10-29 14:33:15.925324032,-81.71272869198447,-141.91932522073262,94.96952328164616,3.972260325090689,Ring of Fire - Japan,reviewed
2010-04-30 09:07:59.383533056,-23.368123950457573,-96.82495379449632,55.60466304733726,4.967283354145347,Ring of Fire - Alaska,reviewed
1986-01-31 12:50:57.857822848,3.291546652842996,88.57731128059999,21.6698546566762,3.082518016845203,Ring of Fire - Philippines,reviewed
2019-04-07 13:49:16.388504576,-87.89641136340866,-114.18039780345359,60.27911701313469,4.290791656119688,Ring of Fire - Philippines,reviewed
2020-04-02 05:31:18.850255104,-50.78870596439527,-46.422317965948906,248.89679299210098,3.4575253875815184,Mediterranean-Himalayan Belt,reviewed
1977-09-26 01:50:20.019621984,58.57854304010789,-129.631556556861,26.845631714491734,3.7540809447278027,Ring of Fire - New Zealand,reviewed
2018-02-09 09:54:24.118765824,61.25838449438831,-120.4577431292567,9.853932043984933,4.915527498956401,Mid-Atlantic Ridge,reviewed
1998-01-01 16:35:52.100329600,-43.603224678334996,-95.09940734487319,68.69910052835647,3.5658686740640904,Mediterranean-Himalayan Belt,reviewed
2007-10-17 14:10:34.930556672,82.41181342352411,-35.28287371680756,61.44308395349131,3.1188270328633303,Ring of Fire - Alaska,reviewed
2012-06-13 04:49:03.153424384,-64.57390425619312,104.88057531357941,64.8550433330955,3.057968771473934,Ring of Fire - Indonesia,reviewed
2012-07-23 09:26:30.719886848,16.508601148889994,9.186448774707344,221.20039908377254,3.526105794189139,Ring of Fire - Chile,reviewed
1987-07-04 13:37:03.658033600,89.39064672814794,27.252369736608756,296.55778435137074,3.4524728468192603,Ring of Fire - Japan,reviewed
1992-12-30 16:36:19.551684864,71.872478812673,21.813456385404038,63.097079976745995,4.392187403737888,Mediterranean-Himalayan Belt,reviewed
2024-09-07 14:27:45.506018304,13.857587888107602,172.9739875631161,224.03629180116462,3.057411874536898,Ring of Fire - Japan,reviewed
2006-02-25 12:13:41.540939904,-69.23382125817301,-166.56164022762204,67.35946421067243,3.2748927256219313,Ring of Fire - Alaska,reviewed
2022-05-02 05:25:25.732511488,-6.867935219323911,-102.29839988048008,14.802922403482256,3.352622604802893,Ring of Fire - Alaska,reviewed
1986-12-28 03:28:06.860351488,4.152612184412661,-77.52430848417364,65.76366214004128,3.8725365277625916,Ring of Fire - Chile,reviewed
2013-10-14 00:21:22.480593408,-33.249906300396866,137.26730400174358,65.34309543632905,3.171695679254796,Ring of Fire - Alaska,reviewed
2012-11-20 02:33:51.267567872,-2.846325071338981,150.79288888949577,6.983410282669348,3.158182746415813,Ring of Fire - Chile,reviewed
2008-09-24 10:23:35.314918656,75.58892247261124,124.59737513318265,247.40213564175323,6.166504924766404,Ring of Fire - Chile,reviewed
2024-01-28 05:08:06.241793536,0.02477469235152796,-29.89764681347191,69.87385155015002,4.793744037029162,Mediterranean-Himalayan Belt,reviewed
1977-04-27 13:28:26.634544832,-32.86972275058191,-144.53708536011823,54.40128373439165,3.574015554588718,Ring of Fire - Chile,reviewed
2007-08-13 11:04:16.157462016,84.85276002704671,54.87649210162979,62.20498685540686,3.483416744135023,Ring of Fire - California,reviewed
2010-11-03 13:45:37.367449856,-73.17661797986662,157.40055992934884,48.241006220715576,4.721984572377564,Ring of Fire - Chile,reviewed
2002-03-15 17:08:01.733550976,15.405596431558067,91.76394242595649,52.98963316427589,3.7851629563083495,Ring of Fire - Philippines,reviewed
1998-04-01 15:17:49.196831360,56.52737753584421,78.30209439647433,15.576473092421251,4.477524909034623,Mediterranean-Himalayan Belt,reviewed
1993-12-08 23:20:58.611260416,-17.703740036702484,-139.83043888437408,535.1734932137058,3.33557106804667,Ring of Fire - Chile,reviewed
2006-02-17 15:43:57.943278720,22.35531104353855,78.19975218015321,61.692742262546616,3.5178819171755524,Ring of Fire - Chile,reviewed
2011-09-24 21:03:04.226887168,-33.14111224096501,-115.47840826297923,7.062216147410125,3.7575373781562966,Hawaii Volcanic Region,reviewed
1983-01-02 16:35:54.499646784,28.4932827384264,-140.01662202635106,39.87954953989533,3.4622718100340855,Ring of Fire - Alaska,reviewed
1992-09-12 02:52:13.553368576,-21.819479163713538,18.633619673454945,15.394718362756196,3.304642349550792,Ring of Fire - Alaska,reviewed
1985-01-27 03:52:43.232890816,-26.844061934659983,43.42509321510707,43.229011924673294,3.5591653281288687,Ring of Fire - Indonesia,reviewed
1981-02-14 14:41:51.214572288,-70.54772913172627,-161.61973759568684,79.18440353109013,3.0212950040998527,Ring of Fire - Alaska,reviewed
2013-11-13 14:51:05.233669888,-82.93448180645177,-178.3912003203108,178.91193745469002,4.628655130220184,Ring of Fire - Indonesia,reviewed
2020-11-30 22:41:19.045231104,60.34928220219274,137.54531894153462,32.222497304017885,3.2062155179431864,Ring of Fire - New Zealand,reviewed
2012-01-26 21:47:17.394718976,11.317163977621206,30.203299007875927,617.3379311443904,4.166490658434806,Ring of Fire - Alaska,reviewed
2020-03-25 05:52:18.051193856,-23.000215944873503,163.27664907152086,67.55221360369431,4.635631474195094,Ring of Fire - Alaska,reviewed
2017-05-19 18:41:00.497025024,-65.38643181472132,4.2876417277512076,65.51686076100223,4.849199417578553,Ring of Fire - Chile,reviewed
2023-07-21 00:54:30.464016128,-48.78772595438963,-38.34557884003863,66.28071782471754,3.2528640366996724,Ring of Fire - Indonesia,reviewed
1997-03-23 17:02:02.175979648,5.089367866613472,-167.64633557938876,40.191339972670804,5.57098251236383,Ring of Fire - California,reviewed
1987-10-01 10:15:31.075736192,6.962748045970528,74.05692671735235,7.40452348258469,5.164672953545518,Ring of Fire - California,reviewed
2015-04-17 22:11:42.234035712,24.946042192479112,30.35807098099363,26.239659095776318,4.280870018661897,Ring of Fire - Chile,reviewed
2019-01-10 08:51:53.269684224,23.26131067361908,-163.90980590506163,62.7003422323601,6.072068566111859,Ring of Fire - Indonesia,reviewed
2018-01-31 22:51:51.017639424,25.25131792409738,37.84479528807515,14.612211767904046,3.2324139228368693,Ring of Fire - Alaska,reviewed
2018-01-01 22:39:52.878902784,30.726971650003094,139.37401278033173,25.276974843852678,3.6420437904798435,Ring of Fire - Japan,reviewed
2012-10-26 09:44:28.742365184,40.661005001903675,-29.644884444571773,7.660128338518552,3.081606970959544,Ring of Fire - Indonesia,reviewed
1978-03-20 08:31:26.424696704,55.637861340230785,-3.527358898482902,59.78108713188215,3.543108364313075,Ring of Fire - Alaska,reviewed
2008-08-28 04:09:23.413876736,-17.450105532659265,-34.001722931252345,7.854095673594999,4.488584012774631,Ring of Fire - Indonesia,reviewed
2022-12-02 13:51:09.463654656,44.25011716690409,80.08363062324634,74.43880041220649,3.537330949730231,Ring of Fire - California,reviewed
2008-03-22 00:00:35.616210944,-71.96332335228679,90.7671081101642,0.0660129769243234,3.441008403966383,Ring of Fire - Chile,reviewed
1998-01-12 08:22:14.541265280,-37.79202457634548,-75.0242520524385,62.014656929176226,5.263056593426934,Mid-Atlantic Ridge,reviewed
2006-02-28 00:20:36.527346176,-17.377143464288935,48.9713533355351,39.07935670827411,3.053627768756663,Mediterranean-Himalayan Belt,reviewed
2014-12-07 09:44:39.515721728,-49.42815999756475,-166.42052903072067,69.88148512673916,3.1229155986402297,Ring of Fire - Indonesia,reviewed
2018-03-28 13:59:56.842795776,82.38860076790618,-143.38496716466648,23.019170174629274,4.202356162440986,Ring of Fire - Alaska,reviewed
2023-05-02 03:59:23.724480256,-89.21968045031858,-166.45127072942375,5.026528181182844,3.2439695327233173,Ring of Fire - Chile,reviewed
2007-02-02 07:16:10.409613568,20.605396874853312,-69.81966261552697,487.32972294742206,3.0205681361213,Ring of Fire - Chile,reviewed
2012-02-07 01:54:46.965772800,42.7705133313211,-144.07535455730795,12.085957508267924,3.633442913659697,Ring of Fire - Alaska,reviewed
2015-06-20 17:40:19.521001472,41.69408968962844,108.74655960292472,196.71716458333867,3.0240507116963733,Ring of Fire - Alaska,reviewed
2022-12-17 10:02:52.191768320,65.38664290788418,-160.60773997417294,29.65100788153552,3.72694617365708,Mediterranean-Himalayan Belt,reviewed
2018-01-28 00:46:49.291070464,49.50442588641948,133.50223581875065,14.807003810438959,3.4269213136282906,Ring of Fire - Chile,reviewed
1977-05-17 09:24:49.188736160,-48.18729570802258,-104.9816282829696,462.07284152038443,3.1559249574627293,Ring of Fire - Japan,reviewed
2009-06-25 04:50:23.220962816,-6.570687906184645,-154.25026100308543,22.832954289453646,3.519448773369161,Ring of Fire - Chile,reviewed
2011-07-20 16:05:31.351161344,25.508743318060027,-142.00738374393967,66.20165715816059,4.2270980020463504,Ring of Fire - Alaska,reviewed
2007-12-14 11:21:46.277908480,7.08574839205356,21.271765199145563,18.888341730376602,4.677585252685805,Ring of Fire - California,reviewed
2018-11-21 08:26:08.381928960,16.06914551232822,-66.39019701271111,97.43890353841687,3.9803137133188256,Mid-Atlantic Ridge,reviewed
2010-03-06 07:28:29.537942016,30.407908398372626,-69.97390413581184,34.63560484593114,3.194273877506552,Ring of Fire - California,reviewed
2017-07-19 14:26:35.711358976,-22.132235366187103,-42.25255959488774,20.811041945794752,3.2802207872940605,Ring of Fire - Alaska,reviewed
2016-11-02 18:03:06.847451648,8.299306565133747,47.4149496213916,150.6615353090673,6.1894132218836955,Ring of Fire - Japan,reviewed
2000-09-26 20:22:07.328730880,53.789326288268256,-62.401818252738295,148.68185132466792,3.2393843444560093,Ring of Fire - Alaska,reviewed
2010-05-05 00:20:02.954852864,-25.568181034727104,-80.70641113140243,26.13134930860212,4.8696555912457455,Ring of Fire - Japan,reviewed
2003-11-04 00:19:19.985772928,53.989661707175856,45.30004954576515,482.24101500066485,3.323813559630664,Ring of Fire - Japan,reviewed
2016-05-28 14:02:10.696964864,-80.45212190182781,83.80935544166005,39.70141615393745,3.0440486500760553,Ring of Fire - California,reviewed
2016-06-15 01:06:33.741972224,-9.86526716111949,-70.24238349144478,18.85498427263459,3.4009310939332624,Ring of Fire - California,reviewed
2009-09-22 03:06:35.087688448,43.10469531837856,-4.2085473725591385,39.92711277572715,4.501432614391394,Ring of Fire - Indonesia,reviewed
1975-11-26 18:35:05.731282432,55.528801288053785,55.7420435521565,82.09603838535607,3.053552196381401,Ring of Fire - Alaska,reviewed
2016-12-22 01:52:22.442066688,86.79638685994811,15.70323859011711,286.63942531584036,3.2723141115489387,Ring of Fire - Japan,reviewed
2007-07-30 05:29:01.608541696,-55.906616874577765,58.404075103790035,23.00145141196384,4.347463299415508,Ring of Fire - Alaska,reviewed
2009-01-12 05:38:47.093505024,-37.1169269171041,-63.86561861939548,271.2228525116932,4.678878863117045,Ring of Fire - Chile,reviewed
2019-03-28 21:42:51.443648000,56.04186548088447,-14.763700220783619,92.1376341446769,4.3173318903920155,Ring of Fire - Indonesia,reviewed
2010-08-15 00:36:29.341745920,-47.866496176351376,-64.10390047258154,528.257673018018,3.5400393281042715,Ring of Fire - Alaska,reviewed
1992-11-01 06:49:09.498078720,-16.487879678551423,-164.62981092360664,200.60000102190432,3.558520811885286,Ring of Fire - Alaska,reviewed
2019-08-21 03:18:03.729955328,49.128611957697814,66.53011284806936,236.47290294020067,3.954166347283413,Ring of Fire - Alaska,reviewed
2023-11-02 20:29:56.100955648,84.37653984526696,165.2148742761276,276.3782153626578,3.078351384832593,Ring of Fire - Japan,reviewed
2008-01-12 21:53:17.650177536,1.8834862743832304,-104.23989166435499,38.175399649354915,3.7788503839699787,Ring of Fire - Alaska,reviewed
2005-05-10 12:47:20.031934464,-39.22796941104347,10.616829726733442,49.01317815058371,3.4387532529423583,Ring of Fire - Alaska,reviewed
1985-02-24 17:57:48.062783936,-38.82886925067241,84.76945194039274,42.89983417743547,3.780901317024608,Ring of Fire - Indonesia,reviewed
2022-10-02 22:00:08.340500992,34.63756033613221,-123.6740785839985,52.74527307751156,3.4130036832325863,Mid-Atlantic Ridge,reviewed
1986-09-14 13:35:46.157324288,49.6706944816076,174.74455457893197,61.136891505973324,4.885472800761341,Ring of Fire - Alaska,reviewed
2013-06-05 09:50:09.639775232,-84.16300087373587,146.42963471436548,43.1090726094865,3.8880362633047523,Mid-Atlantic Ridge,reviewed
1970-08-08 03:50:22.597138456,-22.276791289619595,135.96092209208325,57.47773694190612,3.389270695624637,Ring of Fire - Japan,reviewed
2000-06-23 16:41:15.127260672,-12.106515086155866,35.57840972873868,16.96931697210476,3.5313557332945766,Ring of Fire - Japan,reviewed
2024-08-22 14:30:00.787505920,-24.90751801581476,124.31162272225765,38.52068662281907,4.9858021138963045,Ring of Fire - Chile,reviewed
1990-09-02 22:37:18.219042560,-33.18287065803469,12.244808830786951,644.731252329841,6.759502440396442,Ring of Fire - Alaska,reviewed
1989-04-08 16:56:26.293168768,-60.10188117601958,22.52883308435733,32.748660918730046,3.5497887338661416,Ring of Fire - Alaska,reviewed
1999-02-24 16:23:40.219837696,-10.676217378265392,178.67445296509925,30.485351921728146,5.061824109154799,Ring of Fire - Chile,reviewed
1994-09-04 22:03:09.562499328,79.52852236899699,-142.41785755045575,116.89388935592049,3.6123747755680453,Ring of Fire - Japan,reviewed
2019-04-10 21:27:09.542674944,-85.06762239650162,110.01959225849515,54.29582447282234,3.8833028716047746,Ring of Fire - Chile,reviewed
2025-01-11 23:19:26.132746752,-41.16943808950582,-53.43343870173496,47.70682209206552,4.821229034469903,Ring of Fire - Japan,reviewed
1983-12-31 16:41:34.391630976,-8.128993672015966,176.67457096921498,40.82366133181322,4.669210270676959,Ring of Fire - California,reviewed
1974-02-09 12:21:59.479308288,79.76920637539882,-37.055065741907214,32.24646212974927,3.266285398992264,Ring of Fire - Japan,reviewed
2007-02-19 07:55:31.897051392,-56.9697862853575,61.087651190008785,57.254023823266536,4.383248449910401,Ring of Fire - Indonesia,reviewed
2003-05-05 00:40:51.065919872,76.15522692077695,-136.54325226184636,33.37566567302682,4.7706809881205325,Stable Continental Region,reviewed
2013-12-17 21:53:49.386853632,40.23765432900578,-40.934050489099235,33.112458755859016,3.002899188371034,Mid-Atlantic Ridge,reviewed
1980-12-16 21:51:18.255581760,-84.37560858551926,-54.55320023780442,54.27210277162633,3.6594294933528544,Ring of Fire - New Zealand,reviewed
2015-12-07 15:23:13.837617408,-72.19795300748652,-24.38387873513591,299.4701302920791,3.477985861418212,Ring of Fire - Indonesia,reviewed
2006-04-30 19:47:35.850751232,-29.728524826758886,-35.547054172380484,438.02034772882274,3.890426236395985,Ring of Fire - Japan,reviewed
1993-06-18 04:31:50.860929664,-76.68584403323803,-87.10171029075912,195.71668060436627,3.229136101411199,Ring of Fire - Philippines,reviewed
2012-02-12 23:52:00.190665984,-2.2781391942628773,-83.54762657728195,45.07075492885885,3.2824124653019715,Ring of Fire - Japan,reviewed
1998-09-20 19:51:01.817537024,51.39212128182788,173.42092836969437,66.67158842024698,3.7208306563004534,Ring of Fire - California,reviewed
2003-05-19 00:18:44.725713024,81.92340001525943,-22.35685077740979,218.71737527456818,3.2663981526742996,Ring of Fire - Alaska,reviewed
2025-10-04 18:09:43.010413312,52.75167926196531,25.014670942038293,112.19677841283514,3.34898923360438,Ring of Fire - Chile,reviewed
2021-07-22 21:37:45.418809088,-78.1272915159768,-122.0266113466315,36.566128477676074,4.39422951686409,Mediterranean-Himalayan Belt,reviewed
1989-04-27 15:06:22.490825856,-72.29214400876539,-87.07281041329311,524.5102059424848,4.617069451148359,Mid-Atlantic Ridge,reviewed
1993-06-12 13:43:20.623969152,78.55592380802315,44.83263127245536,9.76687463917685,4.464717626093741,Ring of Fire - Chile,reviewed
1970-01-05 15:26:48.135377515,30.159683946864376,13.233283191286944,26.026209389217502,6.725308988419252,Ring of Fire - Alaska,reviewed
2021-03-28 12:38:05.413935104,40.80181035965444,-53.746686068039395,294.4554677160567,4.892602760915974,Ring of Fire - California,reviewed
2017-04-03 20:46:27.659095040,2.3775221970067975,117.97716460939097,59.40113599216147,3.251640005065794,Ring of Fire - Indonesia,reviewed
2011-07-27 02:28:20.116058624,-47.18839390410017,14.6762777650533,64.19319131081332,3.226597448167491,Mediterranean-Himalayan Belt,reviewed
1979-05-26 07:29:10.298246528,74.58930883958564,-97.16285544345982,13.016741177371866,3.147716000496193,Ring of Fire - Chile,reviewed
2010-07-18 13:39:21.424828928,-45.82157674970166,-173.70964259207935,0.6170383306130844,3.69764875372107,Ring of Fire - California,reviewed
2022-01-04 21:49:16.603621120,66.62671524885201,156.03841079632974,500.4961909701413,4.68031008201566,Ring of Fire - Alaska,reviewed
1976-09-02 18:49:11.798558944,25.685103700211755,56.71783176539316,271.9265597199094,4.020678474520309,Mid-Atlantic Ridge,reviewed
2004-10-17 01:48:22.106017280,-37.07346808600019,-129.21920784657752,261.26098462391815,4.117181967273629,Stable Continental Region,reviewed
2010-03-31 22:35:51.695677696,68.57543013002382,-82.85939983832382,543.8781820579936,3.0103277806619264,Ring of Fire - Chile,reviewed
1976-03-12 04:12:35.229838368,60.780589472019926,-64.6853135148866,58.62939142734267,3.0368862347392267,Ring of Fire - California,reviewed
2025-09-06 00:54:15.623792128,-28.79438352405932,96.0258307341669,61.609194740354916,4.267300919204206,Ring of Fire - Chile,reviewed
1983-01-12 23:49:48.319949120,54.277608961016,118.65143253991215,17.26321958834718,3.33922673905391,Ring of Fire - Alaska,reviewed
1980-08-19 12:28:57.158300736,-77.1270632831461,28.361593970374912,269.50294604165055,4.729656651455396,Mid-Atlantic Ridge,reviewed
2014-12-07 12:34:07.453885696,-2.000041835367881,-136.54523469963078,7.025724656653775,5.969748578681823,Ring of Fire - Indonesia,reviewed
1989-02-09 11:20:43.949298560,-44.043545502115165,64.37454026664554,257.4031197117945,3.4657341076623562,Ring of Fire - California,reviewed
2007-10-31 18:37:50.572545024,27.700483327290968,5.129408131707095,65.93821025005131,3.7446913340475696,Stable Continental Region,reviewed
1998-07-01 09:50:59.868032000,7.563601285924477,-151.64886680156087,11.48279629534891,4.609339933881852,Mid-Atlantic Ridge,reviewed
2018-03-29 03:34:00.439174144,-26.48820934296667,-167.51295532571152,128.30642345275336,3.2756330878509434,Ring of Fire - Japan,reviewed
2018-07-01 00:39:49.971818240,63.08212409743143,157.61149100616615,31.901506980593933,3.3454136699849455,Ring of Fire - Japan,reviewed
1970-07-22 16:52:58.501680856,37.74649559400963,-87.2949724276973,63.3828084496191,3.305817152119368,Ring of Fire - Chile,reviewed
2013-07-27 09:08:47.601675264,-41.125297674301464,-43.57147427335798,8.088968918543715,8.267084214009063,Ring of Fire - California,reviewed
1995-10-20 09:13:25.744191360,0.30395921643179236,106.29991475478181,207.24993843937884,3.241893820524594,Ring of Fire - Chile,reviewed
2025-05-16 18:08:03.086921984,-61.87118241163262,68.13386881827955,62.53391492793258,3.942579989699428,Ring of Fire - California,reviewed
1997-01-22 13:05:43.976855808,-30.820267601656703,168.6836520123606,184.52575228098942,5.853182156997604,Ring of Fire - Alaska,reviewed
2025-04-06 23:35:11.416719616,89.48523291543606,-146.5778879239797,50.29719226855722,3.17476193144242,Mediterranean-Himalayan Belt,reviewed
2012-04-03 04:58:17.305616384,-49.70804035190473,74.49104666852179,41.317735568178605,6.8889888243134445,Ring of Fire - California,reviewed
2000-02-24 19:01:12.981170944,-47.0846437601349,-179.94042125958794,69.01803607652406,5.375019028694506,Ring of Fire - Japan,reviewed
2025-07-23 03:36:20.239671040,78.86421702104607,-136.71711857241095,9.131894558597574,3.2656574577117112,Ring of Fire - Alaska,reviewed
2018-01-08 01:45:52.158248192,-34.176087901733844,42.021305380525405,62.057146949361744,4.105799621470998,Ring of Fire - California,reviewed
2009-07-22 10:14:05.345219072,16.89475915191369,-22.197645932549705,6.018161469544811,7.697764294240708,Ring of Fire - Indonesia,reviewed
1970-05-23 19:23:48.673428868,14.23375016349236,48.26138077961667,48.14411248818371,4.597799336602153,Ring of Fire - Japan,reviewed
2015-11-09 07:59:47.612129536,-11.806159799062485,4.5272465174977015,23.569396822827347,3.601814437961148,Ring of Fire - Japan,reviewed
2016-05-04 08:12:38.514593280,30.82862226008085,-12.688586180517405,29.810799261820062,3.6877286138209837,Ring of Fire - Japan,reviewed
1970-01-13 05:30:41.154169113,-44.43677756575293,48.6276853057893,1.7479630303891835,3.848274536628188,Ring of Fire - Indonesia,reviewed
2001-02-09 15:43:42.488018432,-11.652509602966603,-13.255584561341522,41.70652726729787,4.30850119750262,Mediterranean-Himalayan Belt,reviewed
1991-02-08 01:23:57.443226496,-10.865920788021825,157.9841472203745,52.344364679047054,4.609017549149061,Ring of Fire - Alaska,reviewed
2019-01-18 21:12:08.440373760,-88.88931410987513,179.40448593899987,74.24715812544427,3.1027830605768556,Ring of Fire - Chile,reviewed
2020-09-11 01:55:48.872243200,-47.42004994342742,17.862117649713696,384.2751668121206,3.2609082070395203,Ring of Fire - Indonesia,reviewed
1997-08-09 10:46:28.526359168,-51.51921384917749,22.143007126232874,35.63015284757167,3.7671615337068056,Ring of Fire - Alaska,reviewed
1988-06-27 16:18:41.915956864,-27.133282576296075,-171.91970964878175,0.8860479938913535,3.022236137303138,Ring of Fire - Alaska,reviewed
2023-05-22 22:46:41.548971776,-77.79574013192784,-169.66152232469244,35.006463504756326,3.801426778298546,Ring of Fire - Chile,reviewed
1986-09-01 20:11:13.381789056,63.753621555503685,-144.5122876520772,260.76205064575527,3.337994439824228,Ring of Fire - Philippines,reviewed
1986-09-10 08:21:08.282600192,53.46708135561525,-77.09810252167568,27.762615953404136,3.7937710788170174,Ring of Fire - Japan,reviewed
1979-03-15 03:48:40.790930688,68.00670611617744,-130.5380562794852,11.174095327693486,5.860374334016052,Ring of Fire - New Zealand,reviewed
2013-11-09 00:01:04.513357568,-48.120188738258896,-153.14364636590503,128.49822014284896,4.140272705408587,Ring of Fire - Alaska,reviewed
2005-07-21 17:54:05.730592768,-64.27352240164602,-27.485515996994252,126.30647021400718,5.930718427548202,Ring of Fire - Chile,reviewed
1973-12-13 15:58:10.187507168,-66.49531965146654,-21.705105791841362,19.07833535251204,3.245470173044054,Ring of Fire - Japan,reviewed
2020-12-04 13:28:45.599856896,-84.26517138388023,8.529132346299917,1.0129449052005524,3.1542538445885495,Ring of Fire - California,reviewed
1980-08-24 16:53:16.009424512,-40.780038587724846,129.52329450729871,292.87298160569,4.239073617051762,Ring of Fire - New Zealand,reviewed
2015-12-28 00:42:21.128512256,72.1683160824642,47.44678165422303,270.8749711193663,3.902786559991621,Mid-Atlantic Ridge,reviewed
2000-07-01 08:02:41.863567104,-66.69772525324022,-173.77715845086738,253.58208760221387,4.715004208258142,Mediterranean-Himalayan Belt,reviewed
1974-05-12 09:35:07.776225424,-30.479351634802867,-117.73717983348527,18.573973236485323,4.476737037502997,Ring of Fire - Indonesia,reviewed
2023-07-03 18:45:52.659313408,-33.04530125780532,-54.37806402642737,56.868173882192075,4.079532852702936,Mediterranean-Himalayan Belt,reviewed
1983-10-31 02:19:19.069119360,54.2963293374404,161.65573519135563,20.862918884284017,7.726012978600876,Ring of Fire - Alaska,reviewed
2018-02-20 07:49:47.870128896,-14.125428039595576,-151.891416918027,55.67009313580558,3.8389585871693925,Ring of Fire - Indonesia,reviewed
1979-06-15 16:06:18.574130112,20.082068930643004,75.64293446561337,52.99083074231522,3.1320324865287095,Ring of Fire - California,reviewed
2017-10-26 16:39:01.593848064,-17.211058950082418,-168.0864725718457,26.252848876814703,4.938037817607995,Ring of Fire - Japan,reviewed
1970-09-28 13:39:13.854410888,9.262262724636415,-49.48661915929233,3.5792146674688032,3.3191719086337605,Ring of Fire - Alaska,reviewed
2013-02-01 09:49:04.244946432,-22.674701134775717,-56.18543888219308,27.721704241164232,6.463953762121789,Ring of Fire - Alaska,reviewed
2022-05-07 08:56:42.945783040,63.91905079319167,-25.098458404872332,48.55443885093537,4.312682612660381,Ring of Fire - Japan,reviewed
2020-11-29 21:52:15.614222592,34.392161372803514,145.9096301762745,39.51092891576693,3.9970565655866315,Ring of Fire - Japan,reviewed
2015-11-24 18:53:56.272529664,86.7292279463916,-156.1791271250527,18.602246333066297,3.678591688937216,Stable Continental Region,reviewed
2019-09-27 04:15:51.087397120,51.825516727705775,9.958437075636454,37.91807768236099,3.498521503451303,Ring of Fire - Japan,reviewed
1981-02-26 15:21:56.254382720,-8.728251319480677,-48.154478907175786,38.04426203960436,3.478957960345446,Mid-Atlantic Ridge,reviewed
2000-06-29 18:57:40.766003456,-16.9474917602613,-103.96321291664326,52.273931123360036,3.7493126017638962,Ring of Fire - California,reviewed
2008-09-16 01:37:56.445442048,-40.09659844274966,14.973580726017246,5.4370689290987,3.710268919562609,Ring of Fire - California,reviewed
2014-08-07 14:22:16.738148352,-17.773792824172986,-2.614509208907066,14.45592154508488,3.579175359866802,Ring of Fire - Alaska,reviewed
2011-05-30 08:44:29.250097920,-42.42053516258673,169.0358030291349,182.80569078622221,5.483506582335859,Mediterranean-Himalayan Belt,reviewed
2006-02-24 02:44:26.159805184,12.862490349360002,115.40118303701922,262.0999699400169,3.1951555105234815,Mediterranean-Himalayan Belt,reviewed
2000-08-19 17:14:34.414835456,50.54054550867593,-109.72387311852891,58.82353667547582,3.139183366012438,Mediterranean-Himalayan Belt,reviewed
1985-05-05 21:05:10.906886464,-11.242565565623266,77.50634254129363,4.608951515605826,4.832698577686261,Ring of Fire - Indonesia,reviewed
2023-07-07 21:33:55.065730304,-82.82334789281477,172.4699494920692,244.32568010941816,5.1547887633346425,Ring of Fire - Japan,reviewed
2023-05-27 15:32:43.694071296,65.10537579591409,-13.466510191990835,281.05563391199337,8.25672133582748,Ring of Fire - Indonesia,reviewed
1991-12-19 00:43:57.713911296,88.66805462271739,71.65497409311652,8.827188719118652,3.574463265146126,Ring of Fire - Chile,reviewed
2023-01-27 22:30:57.245586432,73.40551775547954,-172.76946839564545,586.1936719097557,5.072057401994292,Ring of Fire - Indonesia,reviewed
2012-10-03 04:32:57.167169536,-59.98380322100982,-87.9118538249008,543.3236112414238,3.983700689817151,Stable Continental Region,reviewed
2024-12-12 15:52:10.305158912,-81.21964561859652,75.09531048527805,37.037228736230695,4.142153603203975,Mediterranean-Himalayan Belt,reviewed
2013-05-30 20:55:42.882446848,55.588333876200636,145.75145456774078,288.9734362083584,3.063083888417444,Ring of Fire - Japan,reviewed
2005-02-23 17:04:37.447315456,-24.062092971915163,53.362841468176356,288.75085630042753,5.186782887015772,Ring of Fire - Alaska,reviewed
1978-03-06 13:37:47.223618944,-80.68440436369413,-114.41051327185478,106.02586167381932,3.089960204557432,Ring of Fire - Indonesia,reviewed
2022-07-13 05:25:13.145115904,-18.147754183750692,-92.24869639967498,59.179344119053894,3.904427815418095,Ring of Fire - Chile,reviewed
2021-05-21 15:21:16.558218240,-72.01343156692816,-96.3745232384544,44.87836255363855,3.4439354992264515,Ring of Fire - Chile,reviewed
2019-09-12 09:39:13.032640768,-71.3613289071631,131.22058618564262,46.31725425022712,3.1851847369974613,Ring of Fire - California,reviewed
2005-01-08 23:46:06.780633856,-18.83728350528368,103.44218452648147,21.287700513998583,5.079774436391672,Ring of Fire - Alaska,reviewed
2015-04-06 12:14:00.154164992,0.5118221704888981,126.98515228465152,48.61793818260918,3.811037764186195,Hawaii Volcanic Region,reviewed
1988-09-30 10:33:59.655461248,33.23442352687864,51.67813012719168,9.568655214232539,4.803980418692614,Ring of Fire - Philippines,reviewed
1987-07-27 04:04:48.920861248,-14.635439877094043,10.034888303040589,40.04698718801375,4.298897224522294,Ring of Fire - Japan,reviewed
2005-08-05 20:29:25.719083392,-73.4539432070311,-84.42654250323284,24.881462450633492,3.0055419910424606,Ring of Fire - Indonesia,reviewed
1978-04-26 09:49:15.308388800,-25.74993263487501,-130.8296141213304,69.33956489297142,3.2420069625704215,Ring of Fire - Indonesia,reviewed
2003-05-27 12:59:10.472629248,-80.58213412627208,3.982155684163473,66.30589191426976,5.658535903029294,Ring of Fire - Alaska,reviewed
2015-08-09 14:15:50.064024064,80.6366843400946,-109.70108333797825,8.560210482641967,3.211054534620553,Ring of Fire - Japan,reviewed
1977-05-29 07:00:31.384158880,-4.010333574485287,-74.19333136523221,1.24495988837384,3.8001408001647015,Ring of Fire - Chile,reviewed
2005-12-30 02:06:06.658462720,55.82601030150488,-121.98418827510488,14.10230470552123,3.102448524426926,Ring of Fire - California,reviewed
2003-08-27 03:18:42.789597184,59.59438681936771,-41.62827683602842,63.06744472271347,3.0659209188873806,Ring of Fire - Alaska,reviewed
2008-12-23 22:06:49.705688320,-80.20749695803218,-49.756623172789205,35.32038775249604,3.512166364871738,Ring of Fire - Japan,reviewed
2016-02-22 05:22:31.345063424,-78.66578127607613,23.269328241735167,24.2454452175946,3.890171524006408,Ring of Fire - Japan,reviewed
2014-11-07 14:23:31.633745920,-23.92943609682544,-51.36830277996813,261.2530436627813,3.500325685665744,Ring of Fire - Japan,reviewed
1980-02-02 18:50:08.627302592,68.54174939837844,19.918662337277908,29.827010778660213,6.026277435237688,Ring of Fire - California,reviewed
2019-06-26 23:42:59.712979968,76.67274845185133,-133.89945612307002,62.30805954168665,4.230892309744997,Ring of Fire - California,reviewed
2008-04-18 04:41:45.435646976,-86.12499598887405,55.38022948915261,53.069044454779146,4.791957829141836,Ring of Fire - Japan,reviewed
1971-06-03 10:55:12.260092832,56.06302805955937,-95.70288092906205,19.145200608079495,3.2237303343592716,Ring of Fire - Japan,reviewed
2008-08-22 12:41:46.346364160,-49.864075920640666,-98.2355200419933,7.776804619219336,3.3859595414074857,Ring of Fire - Japan,reviewed
1973-02-14 01:37:27.415828928,57.11781093552554,-137.8843778093057,0.1718210510690954,3.0968377610453874,Ring of Fire - Philippines,reviewed
2004-02-24 12:00:35.591930240,-51.09566783844767,152.37485880359634,59.780057644745824,4.837635742155054,Ring of Fire - Japan,reviewed
1974-07-07 02:51:52.159339808,-41.07152697022062,-104.1561723504387,13.118790158864385,3.116191614894509,Mid-Atlantic Ridge,reviewed
1978-03-29 22:19:09.809320800,-6.962143859490851,-173.95137008140938,55.410173625101955,4.391499380144709,Ring of Fire - Japan,reviewed
1986-09-08 12:40:53.552336960,-88.2726039909852,157.20870305708274,45.27639622443679,4.252752694550937,Ring of Fire - Japan,reviewed
2021-01-02 03:06:36.716763392,59.859604739335595,-68.2523046041954,65.60014767705853,3.046734415601391,Ring of Fire - Alaska,reviewed
2021-11-09 16:42:29.689601792,89.99529617632624,102.98029173668078,9.874185964460796,5.742439880288897,Ring of Fire - Japan,reviewed
1979-01-21 03:19:43.516950496,17.151775091424895,62.678867745002606,194.754329596011,3.546397561860412,Ring of Fire - Japan,reviewed
2024-02-01 04:02:32.801198592,23.104541275543582,-76.40727738788515,62.05948788418065,5.05041107333758,Ring of Fire - Chile,reviewed
1981-07-11 02:41:50.717585088,-69.92643159684044,16.90685110599736,114.33100665884474,3.0002649938860717,Ring of Fire - Indonesia,reviewed
2011-07-12 06:02:19.663186432,-17.391335100122774,-94.69181785502275,65.04964561800664,3.20299575053914,Stable Continental Region,reviewed
2000-08-12 04:33:44.548823552,64.93048172692014,-139.85744248549528,140.78238881979865,3.0339855358236245,Ring of Fire - Chile,reviewed
2019-07-13 05:50:31.102354944,60.16895525849981,-136.69453353581002,437.6399056118946,3.437487579177751,Ring of Fire - Chile,reviewed
2001-01-08 19:46:38.335198464,4.031839865037938,37.35687788573978,190.68273447192115,5.626832616252241,Ring of Fire - Japan,reviewed
1999-12-08 08:09:10.892503936,72.62174695279904,-166.14732284034926,5.26905687025227,3.1121776784704394,Ring of Fire - Alaska,reviewed
1980-12-11 16:51:34.404613888,-64.27133672297076,170.3716184893023,65.18866391809365,4.025689448740715,Ring of Fire - Japan,reviewed
2021-04-27 22:51:45.310948864,-45.20095622960483,-126.20711115020495,67.85447300938777,6.0670215021615705,Ring of Fire - California,reviewed
2012-07-19 16:09:31.896215552,79.84963711888898,163.8240577029116,26.154857292668893,3.032985833789739,Ring of Fire - Chile,reviewed
2023-04-25 12:47:50.303689984,-53.82691831873966,-88.28813379864083,30.974391956762616,3.35804859840362,Ring of Fire - Alaska,reviewed
2011-04-28 20:04:47.366324736,24.70978234296672,-149.32910382853856,11.752488426350933,5.243447255202151,Mid-Atlantic Ridge,reviewed
2003-06-16 05:17:13.777799424,46.6462152967448,-76.0574301291385,66.49685065325428,4.021591653830247,Ring of Fire - Philippines,reviewed
2019-04-30 22:46:09.288925440,-52.29975207071504,-22.594520484116543,5.363386975075407,4.047368310589791,Ring of Fire - Alaska,reviewed
1972-10-11 14:09:05.195978272,-73.20054461148412,-50.42220580341919,47.57725917984444,3.8350058009021892,Ring of Fire - California,reviewed
2011-08-29 02:13:37.564974848,-13.65931627678529,-98.77160606155772,17.703826388940097,4.983520454321713,Ring of Fire - Japan,reviewed
2021-06-22 13:29:04.629854976,-6.763619141837026,-49.9132638225463,34.98755804240123,5.463148489787814,Ring of Fire - Alaska,reviewed
1989-02-27 15:18:49.255653888,86.76938626966827,-75.16146868159036,60.96242533274643,3.119620488872071,Ring of Fire - Alaska,reviewed
2023-11-05 14:19:51.548993024,52.6744199521996,95.89400532476395,10.53139855412514,3.2838619161666727,Ring of Fire - Alaska,reviewed
1989-09-10 07:04:34.090376832,-85.12751643534628,166.89191707275495,55.52607747913255,3.1264673549531214,Ring of Fire - California,reviewed
2020-12-06 23:52:40.959891712,-69.0250300706247,129.530574916207,8.714922878756346,3.7041789404679526,Ring of Fire - Japan,reviewed
2001-11-10 20:18:57.562303104,41.55610509708907,8.145062019536937,6.890628430069354,4.2435475086559755,Ring of Fire - Alaska,reviewed
2012-09-05 18:09:50.252501760,-23.543292916453893,3.5310249409766357,210.41642002961842,5.283040884122734,Ring of Fire - Alaska,reviewed
2015-06-17 21:11:14.821210624,-29.80126154832393,-102.28584697897854,68.54833059260497,4.521484705308542,Mediterranean-Himalayan Belt,reviewed
1989-02-21 20:07:22.454430080,70.01610454635286,33.2199584904391,49.47533530777701,6.0691219623913195,Ring of Fire - Alaska,reviewed
1994-04-15 08:24:13.694031360,-2.7883997075211937,162.9812611584366,68.34892556688393,3.0609457202966257,Mediterranean-Himalayan Belt,reviewed
2017-07-06 19:02:12.646866944,71.92387033435975,-150.98165004705288,317.1349284755994,3.013480079199649,Ring of Fire - Japan,reviewed
1990-05-05 15:52:51.556109952,69.59493187239593,90.8846691642284,1.741311741022381,4.19102836079651,Ring of Fire - Philippines,reviewed
2014-06-17 08:31:36.579997696,-75.5673674913802,133.03423955658673,38.74716197500283,3.375736489014838,Ring of Fire - Japan,reviewed
2022-09-11 02:47:00.120332800,80.16533611803641,175.21325441843305,5.246080888894777,3.321597125479954,Ring of Fire - Alaska,reviewed
2004-11-24 12:31:20.095099392,-76.14812095063967,-59.48722232390507,65.96341464545259,3.441982700893844,Ring of Fire - Chile,reviewed
2011-07-13 12:04:11.445901056,83.43110074449828,-51.99330735540309,50.57229172372678,3.3458745522174955,Ring of Fire - Chile,reviewed
2015-01-31 15:43:39.922521344,-8.529314832109748,-97.2809130034263,26.030208073316608,3.7879141978390987,Ring of Fire - Indonesia,reviewed
2017-04-27 14:18:09.119493632,46.95492163582372,104.06290535324865,33.718988660863864,3.6380919761950925,Ring of Fire - Japan,reviewed
1992-02-15 00:37:19.417588096,37.105986094173616,-129.58574383871527,57.838840490380676,3.7901502818051003,Ring of Fire - Alaska,reviewed
1992-07-03 13:48:32.452274944,21.501867390415782,-73.70555120262934,503.0735298540338,3.538563594565085,Ring of Fire - Philippines,reviewed
2007-09-24 08:04:04.895672576,80.98527266985505,-45.024977259508745,47.227179441621324,3.3183698948295466,Ring of Fire - Philippines,reviewed
2011-12-10 13:02:23.240923904,27.778689046635634,21.24898732074442,63.742875516082364,3.472971615953734,Ring of Fire - Alaska,reviewed
1989-12-28 08:40:44.825311104,28.389362208214536,161.41439573921184,28.955132839177875,4.489450467226495,Ring of Fire - Alaska,reviewed
2005-07-18 10:07:33.715261952,-45.551035189469154,-90.97929086011206,327.4403939580583,4.554828231771269,Mid-Atlantic Ridge,reviewed
2011-12-18 20:28:26.777219840,23.868599940373826,63.500503992620736,621.5019790276763,3.293270881533287,Ring of Fire - Philippines,reviewed
2000-07-23 02:52:17.771475456,58.724782559717454,-138.22191729086998,686.1832713759213,3.975635414759431,Ring of Fire - Chile,reviewed
2011-12-03 07:03:14.396332288,-55.893347508453616,86.01344267235089,186.38122699639564,3.8783071004216225,Ring of Fire - Chile,reviewed
2024-03-01 14:20:37.534015488,-38.870755648427696,-80.3907563437619,34.70880217728168,4.382747251337958,Ring of Fire - Indonesia,reviewed
2010-01-17 10:50:55.419199488,23.49171262634657,26.41211621644584,30.38497572711863,3.1277277588353023,Ring of Fire - Philippines,reviewed
2023-08-07 06:41:22.266509312,-79.44183992092113,94.16800468801807,126.85019125673905,4.52327833799969,Ring of Fire - Alaska,reviewed
1993-12-01 13:54:28.174040576,-22.380648298987126,49.53310017426605,2.3382104604204113,3.160655822990763,Ring of Fire - California,reviewed
1996-08-09 05:27:15.969694336,-43.10042123344039,109.55005939609214,379.7295435802295,3.075846586277619,Ring of Fire - Japan,reviewed
2020-04-13 21:04:22.365021696,-23.339865959799653,67.63765137333831,272.23270747206914,7.106329955369533,Ring of Fire - California,reviewed
2009-08-09 23:24:50.561851136,40.352655390020374,-124.89964386367032,208.60557189569602,3.068573913210904,Mediterranean-Himalayan Belt,reviewed
1976-11-29 22:04:57.108218272,80.33203825008005,-128.763737148372,523.0819047626685,3.730684136427707,Ring of Fire - Alaska,reviewed
2024-09-22 09:15:53.461820416,6.141815922377148,15.224777188985712,7.015977965001898,3.480490735859632,Ring of Fire - Alaska,reviewed
1983-07-28 20:38:34.941022016,4.701268808558353,0.027285047520393846,8.47110017240542,4.017103339260612,Mediterranean-Himalayan Belt,reviewed
2007-02-22 16:39:16.544334336,-23.864895902986262,-66.23639322778244,51.75925395661059,3.4113651734104447,Ring of Fire - Japan,reviewed
2016-12-27 02:32:50.456986624,-13.39292434042892,-25.98795558283723,33.31871832444542,5.646586777722669,Mediterranean-Himalayan Belt,reviewed
2000-11-01 15:48:03.406934784,-3.226428548398772,95.84523735682887,8.475690876902393,5.24763667525964,Ring of Fire - Indonesia,reviewed
1978-07-30 06:20:49.362762272,-62.62300733028674,-114.55312274564326,124.90118508076505,3.8986668419398103,Ring of Fire - Alaska,reviewed
2010-10-10 03:58:18.581083136,-24.347389690735355,-107.44276080421999,0.3915909117308658,3.4320192022671034,Ring of Fire - Chile,reviewed
2003-08-12 22:36:36.642249088,56.89951966970014,60.11217531957243,40.210363010745084,3.382003526037448,Mediterranean-Himalayan Belt,reviewed
2010-12-13 06:26:21.458849024,-57.168338475334956,132.0843144909502,66.69626937744212,3.037388049864516,Ring of Fire - California,reviewed
2013-02-07 15:03:51.318374656,41.373584451740754,-57.45835143493092,49.60342803045917,4.861030995248586,Ring of Fire - Japan,reviewed
2024-08-15 01:38:16.822126336,27.28558804827432,155.7879570527789,61.2492646517095,3.6583873940373475,Ring of Fire - Philippines,reviewed
2002-02-13 02:09:15.815776256,-79.68640044912136,-159.23661349764512,11.593404158711992,3.4325634923130512,Ring of Fire - Japan,reviewed
2006-04-25 01:05:38.309039488,-26.544876735897176,-14.414536982467524,406.2713862011349,4.878592900670068,Ring of Fire - California,reviewed
2020-04-02 11:12:59.180953344,-30.524773075080923,-46.498692695180665,18.81579673168843,5.144459386491052,Ring of Fire - Chile,reviewed
2015-09-06 10:33:59.323338752,55.179832072368356,-13.739647798369276,69.91913790292418,3.557312452649611,Ring of Fire - Alaska,reviewed
2003-06-13 19:55:18.393431424,-72.09258935330794,-92.67280758894903,1.7760041629620915,3.269282106028955,Ring of Fire - Indonesia,reviewed
